entity_id	business_name	business_address	country	target_source	target_entity_id	target_business_name	target_business_address	target_country	label	matched_block	name_sim	address_sim	negative_category
S1-133195295	Electricians Union Local No 140	1513 Cou Falls Rd NW, Swisher, IA	US	source2	S2-716904127	Electricians  Union Local No 760	2628- JENNINGS AVE, DALLAS, TX	US	0	hard_negative	92.06349206349206	22.22222222222222	similar_name
S1-237030699	NL Properties Private Limited	24A, Bondel Road, Kolkata, Kolkata, Howrah, West Bengal	India	source3	S3-962488555	NL Properties Private Ltd	###01, Bangalore, KA, Bangalore	India	0	hard_negative	92.5925925925926	37.2093023255814	similar_name
S1-757064973	Cordelia A. Garcia, M.D.	3106 33rd Terrace, Topeka, KS	US	source3	S3-787729660	Cordelia A. Garcia, M.D.	5385 38, Brighamm City, Utah	US	0	hard_negative	100.0	31.57894736842105	similar_name
S1-295127437	Chiropractic Care	MN, Winona, 362 Mankato Avenue	US	source2	S2-284392006	Chiropractic (Care)	NC, PINE KNOLL SHORES, 308 PINE KNOLL CIRCLE	US	0	hard_negative	94.44444444444444	21.62162162162162	similar_name
S1-429151420	4496 Lincoln Place Management LLC	IN, Munster, 8730 Baring Avenue	US	source3	S3-373340234	4496 Lincoln Place Management	Lyons, 195 Kirk Street, PMB 2173, Indiana	US	0	hard_negative	93.5483870967742	30.555555555555557	similar_name
S1-540231599	Saint Israel	1521 Graduate Lane, Unit 303, Raleigh, NC	US	source3	S3-84742590	Saint  Israel	001625 Scotts Hill Loop Road, Wilmngton, North Carolina	US	0	hard_negative	96.0	33.333333333333336	similar_name
S1-777035459	Cobalt	191 Arrowhead Loop, Pittsboro, NC	US	source3	S3-183745306	Cobalt	Wisconsin, Dousman, S49W34146  Ridgeway Dr	US	0	hard_negative	100.0	18.666666666666664	similar_name
S1-544580572	Basalt Inc.	AZ, Phoenix, 5550 Deer Valley Drive, Unit 355	US	source3	S3-128321634	Basalt Inc	12223 1/2 75th Ave, Andalusia, Illinois	US	0	hard_negative	95.23809523809523	30.952380952380953	similar_name
S1-291039304	Modern Marketing Private Limited	No.14/1, West Main Road, Doak Nagar Extension, Theni Main Road, Madurai, Tamil Nadu	India	source2	S2-197986115	Modern Mareing Private Limited	#14-1-90/340 , GAYATHRI NAGAR, HYDERABAD, BALANAGAR, తెలంగాణ	India	0	hard_negative	96.7741935483871	22.377622377622373	similar_name
S1-998016698	Colonial Institute	2257 Yosemite Avenue, Simi Valley, CA	US	source3	S3-672180812	Colonial Institute	Longwood Avenue, Unit Enders, Roxbury, Massachusetts	US	0	hard_negative	100.0	35.95505617977528	similar_name
S1-409151453	Rogel, Newcomb and Saunders PLLC	4149 Lister Avenue, Kansas City, MO	US	source2	S2-77836500	Rogel, Newcomb and Saunders LLC	566 JONOTHAN AVE, KNOXVIILLE CITY, TN	US	0	hard_negative	98.41269841269842	27.77777777777778	similar_name
S1-398345245	Nais LLC	34 Pine Ridge Drive, Nobleboro, ME	US	source2	S2-701657178	Nais PLLC	512 ELLISON COUTR, FREDERICK, MD	US	0	hard_negative	94.11764705882352	24.242424242424242	similar_name
S1-848850726	Children Producer (India) Ltd	640/4A Near Carmel School, Jonabanda Road, Karapalli, Hosur, Krishnagiri, Dharmapuri, Tamil Nadu	India	source2	S2-135565888	Children Producer (India)	#24-A, VIMLESHWAR SOCIETY NEAR BALAJI HOSPITAL, SUBHANPURA, VADODARA, ગુજરાત	India	0	hard_negative	92.5925925925926	19.76744186046512	similar_name
S1-273151009	Lakshmi Projects Private Limited	Na Jayapur Rajpur, Near Jayapur Water Tank, Mirzapur Sadar, Uttar Pradesh, 1 1, Mirzapur	India	source2	S2-863193125	Lakshmi Projects Private Ltd	FLOOR -#1 UNIT NO 9A, GANPATI BLDG SWAN MILL, MUMBAI, Maharashtra	India	0	hard_negative	93.33333333333333	28.75816993464052	similar_name
S1-586702467	Pediatric Dental Physicians LLC	4836 Kildare Avenue, Chicago, IL	US	source2	S2-270250246	Pediatric Dental Physicians (Co)	2670 KENSINGTON PARK TRL, CLEVELAND, TN	US	0	hard_negative	92.06349206349206	28.169014084507037	similar_name
S1-563284732	Cuda Velos LLC	69126 27, New Paris, IN	US	source2	S2-373487982	Cuda Velos  LLC	612 MCDOWELL AVENUE, ROANOKE CITY, VA	US	0	hard_negative	96.55172413793103	33.333333333333336	similar_name
S1-67533278	Kroening, Khan & Gantt Medical LLC	NC, 307 Hinson Lane, Richlands	US	source2	S2-333422707	Kroening Khan & Gantt Medical Ltd	#309 HINSON LANE, RICHLANDS, NC	US	0	hard_negative	92.53731343283582	29.508196721311474	similar_name
S1-723023899	Pazos and Delk Osprey, L.L.C.	OH, 2778 Sweetbriar Court, Toledo	US	source2	S2-687053716	Pazos and Delk Osprey L.L.C.	2728 ANDREWS DRIVE, SUPPLY, NC	US	0	hard_negative	98.24561403508771	25.396825396825395	similar_name
S1-944315779	3-Star LLC	55 Northern Avenue, Unit 44, Boston, MA	US	source2	S2-61744095	3-Star LLC	5850 MULLIGAN AVENUE, CHICAGO, IL	US	0	hard_negative	100.0	30.555555555555557	similar_name
S1-133195295	Electricians Union Local No 140	1513 Cou Falls Rd NW, Swisher, IA	US	source3	S3-655346583	Electricians  Union Local No	5190. Loami Rd, Chatham, Illinois	US	0	hard_negative	91.52542372881356	42.42424242424242	similar_name
S1-757064973	Cordelia A. Garcia, M.D.	3106 33rd Terrace, Topeka, KS	US	source3	S3-52087708	Cordelia A. Garcia, M.D.	7820 Lily Lake Loop, Austin, Texas	US	0	hard_negative	100.0	31.746031746031743	similar_name
S1-790201053	Pinnacle LLC	1680 Danby Road, Danby, NY	US	source2	S2-570606591	Pinnacle LLC	18023 GARLAND GROH BLVD, HAGERSTOWN, MD	US	0	hard_negative	100.0	36.92307692307693	similar_name
S1-509659749	Associated Semiconductor Enterprises Associates	821 Sherwood Village Drive, Tucson, AZ	US	source3	S3-223527111	Associated Semiconductor Enterprises Associates Greater	826 Sherwood Village Drive, Tucson, Arizona	US	0	hard_negative	92.15686274509804	88.88888888888889	similar_name
S1-987483861	GM Massage	TX, Dallas, 8618 Forest Green Drive	US	source3	S3-516832665	GM Massage	223-227 Carolina Acres Rd, Lexington, North Carolina	US	0	hard_negative	100.0	32.18390804597702	similar_name
S1-235818495	Murdock and Hawkins Imaging LLC	2370 Hamiltowne Circle, Rosedale, MD	US	source3	S3-264931212	Murdock and Hawkins Imaging	20622 Church Lake Drive, Bonney Lake, Washington	US	0	hard_negative	93.10344827586206	38.095238095238095	similar_name
S1-848850726	Children Producer (India) Ltd	640/4A Near Carmel School, Jonabanda Road, Karapalli, Hosur, Krishnagiri, Dharmapuri, Tamil Nadu	India	source2	S2-206273645	Children Producer (India)	OFFICE S. NO. 33/3A, 201, CINE CLASSIC STUDIO, GOHARSHAH BABA DARGAH ROAD, MASHACHA PADA, KASHIGAON, MIRA ROAD (EAST), THANE, Maharashtra	India	0	hard_negative	92.5925925925926	24.034334763948493	similar_name
S1-119010611	Hotel Construction Private Limited	G-9, Second Floor, Flat No.-1, Vishwakarma Colony, Delhi, New Delhi, Delhi	India	source3	S3-724337066	Hotel Construction  Private Limited	Shop No. G-9, Tamanna Tower, Ground Floor, Vaishali Nagar, Jaipur, RJ	India	0	hard_negative	98.55072463768117	41.95804195804196	similar_name
S1-788189165	Saint Cathedral	11251 State Street, Unit E106, Sandy City, UT	US	source2	S2-205802273	Saint Cáthedral	VISTA DR, HEBER CITY, UT	US	0	hard_negative	93.33333333333333	31.88405797101449	similar_name
S1-295127437	Chiropractic Care	MN, Winona, 362 Mankato Avenue	US	source3	S3-737050073	Chiropractic  Care	30 Dover Street, PMB 8215, Easton, Maryland	US	0	hard_negative	97.14285714285714	30.136986301369863	similar_name
S1-757064973	Cordelia A. Garcia, M.D.	3106 33rd Terrace, Topeka, KS	US	source2	S2-634912744	Cordelia A. Garcia, M.D. Corp	500 BROADWAY, FARMINGTON, UT	US	0	hard_negative	90.56603773584906	24.561403508771928	similar_name
S1-964466798	Lindemann, Loehr and Rodriguez Coffee, LLC	1801 Krizan Avenue, Austin, TX	US	source3	S3-339973469	Lindemann, Loehr and Rodriguez Coffee, LLC	1410 1/2 5th Street, Mount Pleasant, Texas	US	0	hard_negative	100.0	41.666666666666664	similar_name
S1-501688915	Boynton & Bergmann LLC	2153 Jones Road, Atlanta, GA	US	source2	S2-88830202	Boynton & Bérgmann LLC	LIMA, 1610 BRADFIELD DR, OH	US	0	hard_negative	95.45454545454545	21.818181818181813	similar_name
S1-341164153	Falcon	6020 Galway Avenue, Sioux Falls, SD	US	source3	S3-755741458	@Falcon	3436 King Roda, Milwaukie, Oregon	US	0	hard_negative	92.3076923076923	32.35294117647059	similar_name
S1-442618805	Womens Health Group	101 Clinton Avenue, Unit Apartment 1D, Mineola, NY	US	source2	S2-892782539	Womens Health Group Inc	NY, 106- CLINTON AVENUE, MINEOLA	US	0	hard_negative	90.47619047619048	26.82926829268293	similar_name
S1-579114463	Peridova Cambridge Inc	2510 Bloxom Street, Grove City, OH	US	source3	S3-591831655	Peridova Cambridge	Liberty Street, Everett, Massachusetts	US	0	hard_negative	90.0	38.888888888888886	similar_name
S1-978702575	Scholarship League	1826 Dominic Lane, Houston, TX	US	source2	S2-405359103	Scholarship League Co	1831  DOMINIC LANE, HOUSON, TX	US	0	hard_negative	92.3076923076923	43.333333333333336	similar_name
S1-502438559	Foot & Ankle Care LLC	317 Cayman St, Iowa City, IA	US	source2	S2-328145605	Foot  & Ankle Care L.L.C.	AZ, 3213 50ND DRIVE, MARYVALE	US	0	hard_negative	91.30434782608697	28.07017543859649	similar_name
S1-467385551	Ferris Pioneer Soren	NY, Briarcliff Manor, Unit Apartment D1K, 345 State Road	US	source3	S3-475923630	Ferris Pioneer Soren Llc	304 Estate Drive, Apx, North Carolina	US	0	hard_negative	90.9090909090909	30.107526881720425	similar_name
S1-282867099	Cinder	1674 Sandy Creek Road, Rock Island, TX	US	source3	S3-911240094	Cinder	2400 Ottawa Drive, Elkhart, IN	US	0	hard_negative	100.0	35.29411764705882	similar_name
S1-282867099	Cinder	1674 Sandy Creek Road, Rock Island, TX	US	source3	S3-232378574	Cinder	214 Pacific Elm Drive, Issaquha CITY, Washington	US	0	hard_negative	100.0	32.55813953488372	similar_name
S1-844749518	Raven Co	4385 Pleasant Ridge Road, Marietta, OH	US	source3	S3-747336517	Raven Co	##13152 Monte Vista Drive, Goodyear, Arizona	US	0	hard_negative	100.0	41.463414634146346	similar_name
S1-449070000	Garrett Park Orthopedic Partners	11312 Kenilworth Avenue, MD, Garrett Park	US	source3	S3-968799576	Garrett Park Orthopedic Partners Center	#11319 Kenilworth Avenue, Garrett Park, Maryland	US	0	hard_negative	90.14084507042254	80.89887640449437	similar_name
S1-720704056	Villegas All Ultra	1401 Central Avenue, Minneapolis, MN	US	source2	S2-914679082	Villegas All Ultra LLC	1422 CENTRAL AVENUE, MINNEAPOLIS, MN	US	0	hard_negative	90.0	36.111111111111114	similar_name
S1-757064973	Cordelia A. Garcia, M.D.	3106 33rd Terrace, Topeka, KS	US	source3	S3-983146269	Cordelia A. Garcia, M.D.	Lily Lake Loop, Austin, Texas	US	0	hard_negative	100.0	27.586206896551722	similar_name
S1-204221814	Environmental Council LLC	16135 Spring Street, NE, Omaha	US	source2	S2-68998982	Environmental Council	2102 WALRAVEN DR, HUFFMAN, TX	US	0	hard_negative	91.30434782608697	27.118644067796616	similar_name
S1-409151453	Rogel, Newcomb and Saunders PLLC	4149 Lister Avenue, Kansas City, MO	US	source3	S3-436545261	Rogel, Ncwecb and Saunders PLLC	Texarkana, 153 Mcgary Street, Texas	US	0	hard_negative	92.06349206349206	28.57142857142857	similar_name
S1-529691318	Obsidian Inc	52 Broad Street, Unit Apartment A, Plattsburgh, NY	US	source3	S3-392413072	Obsidian (Inc)	2837 Blyth Drive, Dallas, Texas	US	0	hard_negative	92.3076923076923	34.5679012345679	similar_name
S1-886462086	Urgent Care Colonial Associates	233 Mccrae Drive, Liberty Hill, TX	US	source2	S2-648403447	Urgent Care Colonial Associates Co	242  MCCRAE DRIVE, LIBERTY HILL, TX	US	0	hard_negative	95.38461538461537	40.57971014492754	similar_name
S1-918703073	Internal Medicine Physicians LLC	288 June Chapel Road, Cookeville, TN	US	source3	S3-684874825	Internal Medicine Physicians P.L.L.C.	1037 Spring Creek Rd, Florence, Texas	US	0	hard_negative	92.7536231884058	43.83561643835616	similar_name
S1-914872267	City Of	191 Greenhill Road, Bumpus Mills, TN	US	source2	S2-712144363	City Of	5005 ROSEBERRY RD, GRANT TWP, IA	US	0	hard_negative	100.0	23.529411764705888	similar_name
S1-978702575	Scholarship League	1826 Dominic Lane, Houston, TX	US	source2	S2-591789465	Scholarship League	2529- CACTUS RD, SHAW BUTTE, AZ	US	0	hard_negative	100.0	26.22950819672131	similar_name
S1-563284732	Cuda Velos LLC	69126 27, New Paris, IN	US	source3	S3-813278688	Cuda-Velos LLC	625 Maple Dr, Streamwood Township, Illinois	US	0	hard_negative	92.85714285714286	36.36363636363637	similar_name
S1-848873611	Internal Medicine Associates	335 Donald K Outlaw Road, Seven Springs, NC	US	source3	S3-266700738	Internal Medicine Associates Corp	621 Valentine Branch Road, Bimble CDP, Kentucky	US	0	hard_negative	91.80327868852459	35.55555555555555	similar_name
S1-105498619	Orthopedic Center	6504 177th Street, Omaha, NE	US	source3	S3-636115572	Orthopedic Center	247 Major Ct, Danville City, Virginia	US	0	hard_negative	100.0	30.76923076923077	similar_name
S1-424261214	Family Superior Center LLC	311 7th Street, New Salem, ND	US	source2	S2-861531820	Family Superior Center Ltd	332 7TH STREET, NEW SALEM, ND	US	0	hard_negative	92.3076923076923	48.275862068965516	similar_name
S1-723811093	Bison, LLC	6177 Snowy River Place, City Of El Paso, TX	US	source3	S3-282231415	Bison LLC	Minnesota, 1008 Marshall Avenue, St Paul Park, PO Box 1500	US	0	hard_negative	94.73684210526316	31.68316831683168	similar_name
S1-579114463	Peridova Cambridge Inc	2510 Bloxom Street, Grove City, OH	US	source3	S3-866641988	Peridova Cambrcdge Inc	15 Liberty Street, # 1, Everett, Massachusetts	US	0	hard_negative	95.45454545454545	40.0	similar_name
S1-757064973	Cordelia A. Garcia, M.D.	3106 33rd Terrace, Topeka, KS	US	source2	S2-125829166	Cordelia A. Garcia, M.D.	7007 CHANDLER DR, PMB 1334, FLORIN, CA	US	0	hard_negative	100.0	23.880597014925375	similar_name
S1-763073542	Community Fund	3755 Highgate Court, Indianapolis, IN	US	source2	S2-389793074	Community Fund LP	2210 MAGNA CARTA LN, BRYANT, AR	US	0	hard_negative	90.32258064516128	20.588235294117652	similar_name
S1-726699981	Svar East Pvt Ltd	Plot No. 291, Gali No. 9, Defence Colony, Bhondsi, Gurgaon, Haryana	India	source2	S2-963013864	Svar Eta Pvt Ltd	90, MOWBRAY'S ROAD., MADRAS-18., CHENNAI, Tamil Nadu	India	0	hard_negative	90.9090909090909	25.210084033613445	similar_name
S1-282867099	Cinder	1674 Sandy Creek Road, Rock Island, TX	US	source3	S3-710954089	Cinder	2101 2, N/A, Kalispell, Montana	US	0	hard_negative	100.0	28.985507246376805	similar_name
S1-157203618	SNZ Hospitality Ltd	Door No. 14-3-240/25, Manar Complex, Balmatta New Road, Jyothi Circle, Mangalore, Dakshina Kannada, Karnataka	India	source3	S3-674803235	SNZ Hospitality Limited	3-4/450N, Hilal Complex, Kavanur, Ernad, Malappuram, Malapuram, Keralam	India	0	hard_negative	90.47619047619048	44.44444444444444	similar_name
S1-256159536	Nais LLC	17600 Lakesedge Trail, Chagrin Falls, OH	US	source3	S3-804714125	Nais LLC	5940 Prairie Wood Dr, Mc Farland, Wisconsin	US	0	hard_negative	100.0	36.14457831325302	similar_name
S1-383302386	Sun Consultants Private Limited	207, Surya Niketan, Vikas Marg, Delhi	India	source3	S3-771074153	Sun Cónsultants Private Limited		India	0	hard_negative	96.7741935483871	0.0	similar_name
S1-429151420	4496 Lincoln Place Management LLC	IN, Munster, 8730 Baring Avenue	US	source2	S2-271162060	4496 Lincoln Place Management Llc	NC, CRAMERTON, 2069 PIN OAK PLACE	US	0	hard_negative	93.93939393939394	31.25	similar_name
S1-105934567	Belliveau Keystone Krakacquisition L.L.C.	5100 Highbridge Street, Unit Unit 53C, Manlius, NY	US	source2	S2-392583492	Belliveau Ketgoef Krakacquisition L.L.C.	5430 PRESCOTT ST, PORTLAND, OR	US	0	hard_negative	93.82716049382715	22.499999999999996	similar_name
S1-161384864	Complete Industrial Group	IL, Monmouth, 500 Harlem Avenue	US	source2	S2-952637343	Complete Industrial Group Corp	511 Harlem Avenue, MONMOUTH, IL	US	0	hard_negative	90.9090909090909	48.38709677419355	similar_name
S1-858839511	Weizmann & Associates Pvt Ltd	Plot No-157, Pocke-H, Sector-5, Bawana Ind Area, Delhi, North West Delhi, Delhi	India	source2	S2-704281171	Weizmann & Associtses Pvt Ltd	#1ST FLOOR (B-1), NEAR KRISHNA NAGAR BUS STOP NEAR KHAT COLONY, MAIN ROAD, NAVA VADAJ, AHMEDABAD, Gujarat	India	0	hard_negative	96.55172413793103	25.0	similar_name
S1-869757199	Guru Investment Private Limited	201, 2Nd Floor, Plot No E/14 Sector 3, Kharghar, Khargar, Raigarh, Maharashtra	India	source2	S2-271501564	Guru Investments-Private Limited	61/62 KALPATARU SQUARE, 6TH FLOOR, OFF. ANDHERI- KURLA ROAD, AND, HERI- EAST, Maharashtra	India	0	hard_negative	95.23809523809523	35.928143712574844	similar_name
S1-991048469	Gilmartin Platinum Armada LLC	520 Commerce Street, Unit APT C, Wichita, KS	US	source3	S3-975734648	Gilmartin  Platinum Armada Co	Commonwealth Avenue, PMB 4598, Brighton, Massachusetts	US	0	hard_negative	93.10344827586206	38.775510204081634	similar_name
S1-579114463	Peridova Cambridge Inc	2510 Bloxom Street, Grove City, OH	US	source3	S3-854314192	Peridova Cambridge  Inc	114 Liberty Street, Massachusetts, Everett, Unit 1	US	0	hard_negative	97.77777777777777	40.476190476190474	similar_name
S1-549198754	Agee Bancorporation LLC	25337 Green Fields Road, Culpeper County, VA	US	source3	S3-757336233	The Agee  Bancorporation LLC	129 Laurel Dale Cemetery Road, Robbins, Tennessee	US	0	hard_negative	90.19607843137256	38.70967741935484	similar_name
S1-747435954	Precision Staffing Services	109 Tranchet Drive, Georgetown, TX	US	source2	S2-538625868	Precision Staffing Services Inc	0113 TRANCHET DRIVE, GEORGETOWN, TX	US	0	hard_negative	93.10344827586206	34.78260869565217	similar_name
S1-237030699	NL Properties Private Limited	24A, Bondel Road, Kolkata, Kolkata, Howrah, West Bengal	India	source3	S3-70442813	NL Properties Private Ltd	A-47, Second Floor Village Shahpur Jat, Uday Park, DL	India	0	hard_negative	92.5925925925926	37.03703703703704	similar_name
S1-378343849	Family Physicians	970 Cd Olena Drive, Hailey, ID	US	source2	S2-16814165	Family Physicians	100 OAK MEADOW LN, NASHVILLE, TN	US	0	hard_negative	100.0	32.25806451612904	similar_name
S1-867215508	Premier Producer Private Limited	Tc-04/490(1), New Tc-4/576, Settilmentcolony, Pullukad, Thiruvananthapuram, Thiruvananthapuram, Trivandrum, Kerala	India	source3	S3-582426119	Premier Products Private  Limited	Plot 796 Tc 14/1944, Thiruvananthapuram, Trivandrum, Keralam	India	0	hard_negative	92.3076923076923	52.87356321839081	similar_name
S1-684899598	Granite LLC	196495 4140 Road, Antlers, OK	US	source3	S3-12115135	Granite LLC	547D Founders Park Dr, Springdale, Arkansas	US	0	hard_negative	100.0	33.333333333333336	similar_name
S1-153430358	Ss Constructions Private Limited	Mahavir Colony, Near Beej Bhandar, Hisar Road, Kherpur, Sirsa, Haryana	India	source3	S3-186074272	Ss Constructions Sweets Private Limited	No 51 Mahavir Colony, Near Beej Bhandar, Hisar Road, Kherpur, Sirsa, HR	India	0	hard_negative	90.14084507042254	90.78014184397163	similar_name
S1-826954455	Santella's Pub LLC	3656 Dockside Drive, Fauquier County, VA	US	source3	S3-574538856	Santella's  Pub LLC	1315 Balcom Avenue, Bronx, New York	US	0	hard_negative	97.2972972972973	37.33333333333333	similar_name
S1-579114463	Peridova Cambridge Inc	2510 Bloxom Street, Grove City, OH	US	source3	S3-370709796	Peridovaer Cmabridge Inc	4512 Bloxom St, Grove City, Ohio	US	0	hard_negative	91.30434782608697	81.81818181818181	similar_name
S1-858839511	Weizmann & Associates Pvt Ltd	Plot No-157, Pocke-H, Sector-5, Bawana Ind Area, Delhi, North West Delhi, Delhi	India	source2	S2-151233491	Weizmann + Associates Pvt Ltd.	NO 99 16-2-227/1&2, FIRST FLOOR, HYDERNAGAR, VASANTH NAGAR, QUTUBULLAPUR, Telangana	India	0	hard_negative	94.91525423728814	24.691358024691358	similar_name
S1-270040109	Amor & Sons Private Limited	Plot No 122, K. L. K. S. Nagar, Pudukkottai, Pudukkottai, Sivaganga, Tamil Nadu	India	source3	S3-479810667	Amor & Sons Private (Limited)	G-7 5 Ganesh Karve Nagarpune, Pune, महाराष्ट्र	India	0	hard_negative	96.42857142857143	28.800000000000004	similar_name
S1-213900282	Roots Innovations Private Limited	Gut No. 274, 276, At Post Sambhave, Mulshi, Pune, Maharashtra	India	source2	S2-171502645	Roots  Innovations Private Limited	SF-#2, SAPTAK CORPORATE HOUSE, NR. SHUKAN MALL, SCIENCE CITY ROAD, SOLA, AHMEDABAD, Gujarat	India	0	hard_negative	98.50746268656717	26.315789473684216	similar_name
S1-849345902	Mabry and Sparr Best LLC	557 Woodbury Avenue, Columbus, OH	US	source3	S3-164022680	Mabry And Spaftrr Best LLC	E4720 Hatton Road, Weyauwega, Wisconsin	US	0	hard_negative	92.0	36.111111111111114	similar_name
S1-283084668	Pediatric Dental Integrated Group	5959 Old Pebble Path, Middletown, OH	US	source2	S2-214308808	Pediatric Dental Integrated Group Corp	5972 OLD PEBBLE PATH, MIDDLETOWN, OH	US	0	hard_negative	92.95774647887323	41.666666666666664	similar_name
S1-569905540	Magdalena's Maintenance	195 Private Road 1600G, Chifton, TX	US	source2	S2-274093428	Magdalena's  Maintenance	44 PERTH DRIVE, BELLAA VISTA, AR	US	0	hard_negative	97.87234042553192	23.880597014925375	similar_name
S1-274933170	Hotel Properties Private Limited	B-2204, Pai Layout All Roa, Orion B Block, Ttk Presti, Bangalore North, Bangalore, Karnataka	India	source3	S3-344317543	Hotel Properties Prívate Ltd	#05/A, KA, Bangalore	India	0	hard_negative	90.0	26.785714285714292	similar_name
S1-200927003	Krebs, Sonja, L.C.S.W. Corp	980 De Couagne Drive, IL, East Saint Louis	US	source2	S2-110086355	Krebs, Sonja, L.C.S.W. LLC	1001 DE COUAGNE DR, E SAINT LUIS, IL	US	0	hard_negative	90.56603773584906	35.89743589743589	similar_name
S1-987483861	GM Massage	TX, Dallas, 8618 Forest Green Drive	US	source3	S3-914919008	GM Massage	240 1/2 East Ave, # Suite 302, Mahtomedi, Minnesota	US	0	hard_negative	100.0	27.906976744186053	similar_name
S1-995666196	Family Clinic	408 Pike Street, Cynthiana, KY	US	source3	S3-129719961	Family Clinic	408- Kolstad St, Palestine, Texas	US	0	hard_negative	100.0	44.44444444444444	similar_name
S1-987483861	GM Massage	TX, Dallas, 8618 Forest Green Drive	US	source3	S3-788236270	GM  Massage		US	0	hard_negative	95.23809523809523	0.0	similar_name
S1-300432360	Anastasia's American Accounting	840 Babylonia Drive, City Of El Paso, TX	US	source2	S2-167203838	Anastasia's American Accounting Corp	853 BABYLONIA DRIVE, CITY OF EL PASO, TX	US	0	hard_negative	92.53731343283582	44.99999999999999	similar_name
S1-646570575	1343 Jefferson Street Realty LLC	825 Midwood Drive, City Of Burlington, WI	US	source3	S3-611448927	1343 Jefferson Street Realty	N/A, Maryland, 450 Jonathan St, Hagerstown	US	0	hard_negative	93.33333333333333	28.915662650602414	similar_name
S1-757064973	Cordelia A. Garcia, M.D.	3106 33rd Terrace, Topeka, KS	US	source2	S2-175133933	Cordelia A. Garcia, M.D. Corp	3416 SILVER FALLS CT, JOLIET, IL	US	0	hard_negative	90.56603773584906	36.065573770491795	similar_name
S1-273151009	Lakshmi Projects Private Limited	Na Jayapur Rajpur, Near Jayapur Water Tank, Mirzapur Sadar, Uttar Pradesh, 1 1, Mirzapur	India	source3	S3-782648454	Lakshmi Products-Private Limited	পশ্চিমবঙ্গ, Parganas South, Kolkata, New Bata Road P.o - Batanagar, P.s- Maheshtala, 1	India	0	hard_negative	90.625	35.63218390804598	similar_name
S1-915409348	Lyra LLC	TX, Texas City, 209 Orchid Drive	US	source3	S3-123757408	Lyra LLC	290 Drummer Kellum Rd, Jacksonville, North Carolina	US	0	hard_negative	100.0	28.915662650602414	similar_name
S1-154524211	Unique Constructions Private Limited	Shahdara, 1/2248, Delhi, Shahdara, Ram Nagar, Loni Road, Shahdara	India	source3	S3-444298818	Unique Constructions Private Ltd	#1, Bala Vinayagam Nagar, 2Nd Main Road, Arumbakkam, Chennai, Madras, TN	India	0	hard_negative	94.11764705882352	43.79562043795621	similar_name
S1-569893939	Interfaith Association of Bedford	4321 421, Bedford, KY	US	source2	S2-127504476	Interfaith Association of Bedford Group	BEDFORD, KY, 4322 421	US	0	hard_negative	91.66666666666666	33.333333333333336	similar_name
S1-29400772	Superior Analytics Associates LLC	108 Shot Tower Circle, Judsonia, AR	US	source3	S3-903121591	Superior Analytics Associates Corp	115 Shot Tower Cir, Judsonia, Arkansas	US	0	hard_negative	92.53731343283582	79.45205479452055	similar_name
S1-991048469	Gilmartin Platinum Armada LLC	520 Commerce Street, Unit APT C, Wichita, KS	US	source2	S2-770885450	Gilmartin Platinum Armada PC		US	0	hard_negative	94.73684210526316	0.0	similar_name
S1-109057893	Everest LLC	53 Joel Drive, Mogadore, OH	US	source3	S3-235658196	Everest LLC	105 Alexandria Dr, PO Box 3692, Vernon Hills, Illinois	US	0	hard_negative	100.0	29.629629629629626	similar_name
S1-849345902	Mabry and Sparr Best LLC	557 Woodbury Avenue, Columbus, OH	US	source3	S3-38954579	Mabry and  Sparr Best LLC	E4720 Hatton Road, Town Of Lind, Wisconsin	US	0	hard_negative	97.95918367346938	29.333333333333332	similar_name
S1-458539772	Pipefitters Local 150	112 Maple Street, Tullahoma, TN	US	source2	S2-565495382	Pipefitters Lócal 520	3001 NW LOP 323, TYLER  CITY, TX	US	0	hard_negative	90.47619047619048	28.57142857142857	similar_name
S1-237030699	NL Properties Private Limited	24A, Bondel Road, Kolkata, Kolkata, Howrah, West Bengal	India	source2	S2-939611180	Nl Properties Private Limited	H.NO 0001 , 2ND FLOOR, CMH ROAD, LAKSHMIPURAM HALASURU, BANGALORE, Karnataka	India	0	hard_negative	96.55172413793103	24.427480916030532	similar_name
S1-933441332	Prime Pinnacle Chs PLLC	8327 Fair Oaks Boulevard, Unit APT 25, Carmichael, CA	US	source3	S3-34167195	Prime Pinnacle East Chs PLLC	8348 Fair Oaks Blvd, PO Box 446, Carmichael, California	US	0	hard_negative	90.19607843137256	66.66666666666667	similar_name
S1-560113611	Allied Communications Clinic	1174 Southridge Court, Auburn, AL	US	source3	S3-344163712	Allied Communications  Clinic LLC	#1181 Southridge Ct, Auburn, Alabama	US	0	hard_negative	91.80327868852459	78.26086956521739	similar_name
S1-543400505	Tandi Hollis Home Inc.	76 Sorrento Street, Unit 6R, Springfield, MA	US	source2	S2-195719446	Tandi  Hollis Home Inc	#355 GROVE ST, NORWELL, MA	US	0	hard_negative	95.45454545454545	28.57142857142857	similar_name
S1-849898809	Midwest Animal Hospital	519 Oak Street, Bluffton, IN	US	source2	S2-626544101	Midwest Animal Hospital  Ltd	94-66 43 AVE, ELMHURST, NY	US	0	hard_negative	90.19607843137256	29.629629629629626	similar_name
S1-411437832	Swastik Services Private Limited	18, Casa Langford, Eagle Street Langford Town Shanti Nagar, Bengaluru, Bangalore, Karnataka	India	source3	S3-933898812	Swastik Services Private Ltd	महाराष्ट्र, Thane, Door No 10 Abhang Aptsagarkar Road Dombivali (East), Thane	India	0	hard_negative	93.33333333333333	34.523809523809526	similar_name
S1-544580572	Basalt Inc.	AZ, Phoenix, 5550 Deer Valley Drive, Unit 355	US	source2	S2-173107258	Basalt Ínc.	1642 1/2 LA GRANADA DR, THOUSAND OAKS, CA	US	0	hard_negative	90.9090909090909	23.25581395348837	similar_name
S1-873380033	Jilleen Cruz Pacific Nextera Inc	13505 Crystal Springs Drive, Huntersville, NC	US	source2	S2-384818991	Jilleen Cruz Pacific Nextera Inc	2965D PIERCE STREET, LULING TONSHIP, TX	US	0	hard_negative	100.0	23.809523809523814	similar_name
S1-230814423	Straight Edge Hair Studio	515 Ferry Street, Unit A, WA, Tumwater	US	source2	S2-881490335	Straight Edge Hair Studio  LLC	SEATTLE, 2201 60th St, WA	US	0	hard_negative	90.9090909090909	28.57142857142857	similar_name
S1-573169216	Noemi S. Blanchard, DDS	226 Hearthstone Drive, Sparta, TN	US	source2	S2-418331350	Noemi S. Blanchard, DDS	759 HUNTERS TRL, AKRON, OH	US	0	hard_negative	100.0	23.728813559322038	similar_name
S1-501688915	Boynton & Bergmann LLC	2153 Jones Road, Atlanta, GA	US	source2	S2-430497217	Boynton & Bergmann	14413 91ND STREET, VANCOUVER, WA	US	0	hard_negative	90.0	36.66666666666667	similar_name
S1-432816297	Galaxy Marketing Private Limited	Plot No. 477, Sector-1, Imt Manesar, Gurgaon, Haryana	India	source3	S3-555986102	Galaxy Star Marketing Private Limited	415 Lilamani Corporate Heights, Ahmedabad, Ahmadabad City, GJ	India	0	hard_negative	92.7536231884058	29.824561403508774	similar_name
S1-722266087	Supply	3630 B Street, Tacoma, WA	US	source3	S3-480348501	Supply	2701 60rd Street, Minneapolis, Minnesota	US	0	hard_negative	100.0	46.15384615384615	similar_name
S1-198748362	Vanguard Mobility Advisors	10101 Highland Meadow Circle, Unit 106, Meridian, CO	US	source3	S3-315688709	Vanguard Mobility Advisors Co	10104 Highland Meadow Circle, # 106, Meridian, Colorado	US	0	hard_negative	94.54545454545455	85.98130841121495	similar_name
S1-409151453	Rogel, Newcomb and Saunders PLLC	4149 Lister Avenue, Kansas City, MO	US	source3	S3-103691046	Rogel, Newcomb and Saunders Ltd	568 Jonathan Avenue, Knoxville, Tennessee	US	0	hard_negative	92.06349206349206	42.10526315789473	similar_name
S1-336790187	Raleigh Literacy Metropolitan Trust	1241 Trillium Circle, Unit H, Raleigh, NC	US	source3	S3-993078153	Raleigh Literacy Metropolitan Trust Group	#1243 Trillium Circle, Unit H, Raeigh, North Carolina	US	0	hard_negative	92.10526315789474	82.97872340425532	similar_name
S1-932457519	Summit	76 9th Street, Newark, OH	US	source3	S3-542952940	Summit	1013 Poplar Street, Muscatine, IA	US	0	hard_negative	100.0	44.827586206896555	similar_name
S1-511287886	Arrowlink Hr Pvt Ltd	189/A, Canal South Rd, Bl-Sec A, Grd. Floor Metropolitan Co-Op Housing Socy.Ltd, Kolkata, Parganas South, West Bengal	India	source3	S3-101537898	Arrowlink Hr Pvt Ltd	A-c-71 Gal-1 Prakash, North, दिल्ली	India	0	hard_negative	100.0	25.0	similar_name
S1-563765207	Gallegos Express Hospitality LLC	1359 Winnebago Road, Rockford, IA	US	source3	S3-5087773	Gallegos Express Hospitality Inc	196 8th Street, City Of Fond Du Lac, Wisconsin	US	0	hard_negative	90.625	27.848101265822788	similar_name
S1-723023899	Pazos and Delk Osprey, L.L.C.	OH, 2778 Sweetbriar Court, Toledo	US	source3	S3-294943554	Pazos and Dk Osprey, L.L.C.	Village Way, # 7, Natick, Massachusetts	US	0	hard_negative	96.42857142857143	25.0	similar_name
S1-964466798	Lindemann, Loehr and Rodriguez Coffee, LLC	1801 Krizan Avenue, Austin, TX	US	source3	S3-801611357	Lindemann, L0ehr and Rodriguez Coffee, LLC	480-482 Back Street, Burnsville, West Virginia	US	0	hard_negative	97.61904761904762	36.8421052631579	similar_name
S1-757064973	Cordelia A. Garcia, M.D.	3106 33rd Terrace, Topeka, KS	US	source2	S2-758458750	Cordelia A. Garcia, M.D.-LLC	1101 SUNRISE AVENUE, SPRINGDALE, AR	US	0	hard_negative	92.3076923076923	25.0	similar_name
S1-790201053	Pinnacle LLC	1680 Danby Road, Danby, NY	US	source2	S2-92800402	Pinnacle  LLC	PARKVVILLE, 24 Clearlake Ct, MD	US	0	hard_negative	96.0	21.052631578947366	similar_name
S1-235818495	Murdock and Hawkins Imaging LLC	2370 Hamiltowne Circle, Rosedale, MD	US	source2	S2-788208151	Murdock and Háwkins Imaging LLC	CRAWFORD LN, <NULL>, BARBOURVILLE, KY	US	0	hard_negative	96.7741935483871	19.17808219178082	similar_name
S1-955680991	Meenya Services Limited	210, U.S.Complex, 120, Mathura Road, New Delhi, South Delhi, Delhi	India	source3	S3-418578576	Meenya Srices Límited	001, Parvati, Pune, महाराष्ट्र	India	0	hard_negative	90.9090909090909	29.166666666666664	similar_name
S1-702932398	Senet	593 Stratmore Street, New Carlisle, OH	US	source3	S3-438695922	Senet	1695 Lake Cook Rd, Highland Park, Illinois	US	0	hard_negative	100.0	32.49999999999999	similar_name
S1-433452708	Womens Health Center	3104 Morgan Lane, El Dorado, AR	US	source2	S2-165907301	Womens Health Center Ltd		US	0	hard_negative	90.9090909090909	0.0	similar_name
S1-497736236	1 800 I Care 4 U Inc	507 Bramblewood Court, Fl 0, Millersville, MD	US	source3	S3-673319107	1 800 I Care 4 U Inc	1041 Delaware Dr, Arizona, # 36, Apache Junction	US	0	hard_negative	100.0	27.956989247311824	similar_name
S1-44774436	Odeh School of Medicine Care	99 Bowen Lane, Apple Grove, WV	US	source3	S3-145314157	Odeh School of Medicine LLC	3457- 128nd Street, Cleveland, Ohio	US	0	hard_negative	90.9090909090909	36.92307692307693	similar_name
S1-428851622	Urgent Care Partners LLC	302 Inglewood Drive, Morganton, NC	US	source2	S2-334629287	Urgent Caer Partners LLC	281 HANSON ST, N/A, WINTHROP, ME	US	0	hard_negative	95.83333333333334	24.242424242424242	similar_name
S1-818795792	Liebig Stores LLC	13801 Parsons Bay Drive, Chesterfield County, VA	US	source3	S3-971501246	Liebig Stóres LLC	5318 Colvin Ct, FAIR OAKS Ciity, California	US	0	hard_negative	94.11764705882352	30.76923076923077	similar_name
S1-534247435	Cordova Electric	3221 Felician Street, Fort Wayne, IN	US	source2	S2-550594738	Cordova Electric Co	FT.W AYNE, <NULL>, 3232 FELICIAN ST, IN	US	0	hard_negative	91.42857142857143	29.333333333333332	similar_name
S1-154400455	Foot & Ankle Associates LLC	723 Knight Road, Duanesburg, NY	US	source2	S2-606606129	Foot & Ankle Habrr Associates LLC	001641 HAMMOND ROAD, SAINT PAUL, MN	US	0	hard_negative	90.0	24.242424242424242	similar_name
S1-723023899	Pazos and Delk Osprey, L.L.C.	OH, 2778 Sweetbriar Court, Toledo	US	source3	S3-708098997	Pazos-and Delk Osprey, L.L.C.	1819 40st Street, Arcadia, Arizona	US	0	hard_negative	96.55172413793103	35.820895522388064	similar_name
S1-646570575	1343 Jefferson Street Realty LLC	825 Midwood Drive, City Of Burlington, WI	US	source2	S2-758966721	1343 Jefferson Street Realty	4 MEADOWS DRIVE, PAINESVILLE TOWNSHIP, OH	US	0	hard_negative	93.33333333333333	24.390243902439025	similar_name
S1-99378492	Mignon Cefalu Vanguard Digitalbridge, Inc	Unit APARTMENT  1906, 4109 130th Place E, Tulsa, OK	US	source3	S3-580862250	Mignon Cefalu Vanguard Digitalbridge, Co	NULL, Oklahoma, Tulsa, 4122 130rd Pl East	US	0	hard_negative	93.82716049382715	36.95652173913043	similar_name
S1-54811658	Montiel and Barajas LLC	203 Leavie Drive, Pikeville, NC	US	source3	S3-439554563	Montiel and Barajas Co.	214 Leavie Drive, Pikeville, North Carolina	US	0	hard_negative	91.30434782608697	78.37837837837837	similar_name
S1-465192149	Hari Solutions Private Limited	Innov8 Mantri Tower-A 5Th, Floor Devarabisanahalli, Bangalore South, Bangalore, Karnataka	India	source2	S2-978560074	Hari Solutions Private  Limited	8 ATREYA APARTMENTPLOT NO 227 MAHATMA NAGAR, NASHIK, Maharashtra	India	0	hard_negative	98.36065573770492	24.836601307189543	similar_name
S1-256159536	Nais LLC	17600 Lakesedge Trail, Chagrin Falls, OH	US	source2	S2-620658641	Nais LLC	594 PRAIRIE WOOD DRIVE, MC FARLAND, WI	US	0	hard_negative	100.0	23.076923076923073	similar_name
S1-556801644	Firefighters Local Union 126	Moyock, 1516 Caratoke Highway, NC	US	source2	S2-676376070	Firefighters Local Union	21-23 SOUTH AVE, VA, HARRISONBURG	US	0	hard_negative	92.3076923076923	18.181818181818176	similar_name
S1-986761891	Pediatric Better Care Associates LLC	6620 Olive Street, Pine Bluff, AR	US	source3	S3-250766789	Pediatric  Care Associates LLC	6nd Ave, South Saint Paul, Minnesota	US	0	hard_negative	90.9090909090909	40.57971014492754	similar_name
S1-646570575	1343 Jefferson Street Realty LLC	825 Midwood Drive, City Of Burlington, WI	US	source3	S3-103349745	1343 Jefferson Street Realyt PLLC		US	0	hard_negative	95.38461538461537	0.0	similar_name
S1-105934567	Belliveau Keystone Krakacquisition L.L.C.	5100 Highbridge Street, Unit Unit 53C, Manlius, NY	US	source3	S3-892543552	Belliveau Kéystone Krakacquisition L.L.C.	600 Longhorn Trl, Pittsburg County, Oklahoma	US	0	hard_negative	97.5609756097561	38.297872340425535	similar_name
S1-422985101	Blanch Sims Desert China	3093 Shiptontown Road, Fl 1, Lexington, NC	US	source2	S2-500081464	Blanch Sims Desert China Corp	3096 SHIPTONTOWN ROAD, NC, LEXINGTON	US	0	hard_negative	90.56603773584906	33.333333333333336	similar_name
S1-252348713	Loren Sanchez Better Genesis LLC	541 D Street, Dixon, CA	US	source3	S3-715570712	Loren Sanchez Bétter Genesis, LLC	1134c Comstock Drive, Shepherdstown, West Virginia	US	0	hard_negative	95.38461538461537	32.87671232876712	similar_name
S1-529691318	Obsidian Inc	52 Broad Street, Unit Apartment A, Plattsburgh, NY	US	source2	S2-644431578	Obsidian  Inc.	1096 SOFFA RD, UPPER HANOVER TOWNSHIP, PA	US	0	hard_negative	92.3076923076923	24.17582417582418	similar_name
S1-12278460	Enix LLC	3310 Cheverly Avenue, Hyattsville, MD	US	source2	S2-128145390	Enix LLC	304- INGRAM COURT, MIDDLETOWN, DE	US	0	hard_negative	100.0	25.71428571428571	similar_name
S1-723811093	Bison, LLC	6177 Snowy River Place, City Of El Paso, TX	US	source2	S2-969820321	Bison LLC	28-A KENNEDY DRIVE, BROCKTON, MA	US	0	hard_negative	94.73684210526316	24.0	similar_name
S1-12278460	Enix LLC	3310 Cheverly Avenue, Hyattsville, MD	US	source2	S2-773146227	Enix LLC	1312 MOURNING DOVE ROAD, SAHUARITA, AZ	US	0	hard_negative	100.0	26.66666666666667	similar_name
S1-849345902	Mabry and Sparr Best LLC	557 Woodbury Avenue, Columbus, OH	US	source3	S3-637946907	Mabry and Sparr Best L.L.C.	E4720 Hatton Rd, Town Of Lind, Wisconsin	US	0	hard_negative	94.11764705882352	27.397260273972602	similar_name
S1-183039377	Vijay Services Private Limited	Shop No 198, Plot No 47, Sector No 30A, Vashi, Thane, Maharashtra	India	source2	S2-768327794	Vijay Services Private Limited	C/O ALKABAI SUKHDEO, GADEKAR AT BHOKARDAN, BHOKARDAN, Maharashtra	India	0	hard_negative	100.0	33.84615384615385	similar_name
S1-12278460	Enix LLC	3310 Cheverly Avenue, Hyattsville, MD	US	source3	S3-929045793	Enix LLC	705- Taylor Street, Washington, District of Columbia	US	0	hard_negative	100.0	31.46067415730337	similar_name
S1-556801644	Firefighters Local Union 126	Moyock, 1516 Caratoke Highway, NC	US	source3	S3-97252953	Firefighters Lócal Union 261	1734 Sedgwick St, PO Box 1222, Wichia, Kansas	US	0	hard_negative	92.85714285714286	30.76923076923077	similar_name
S1-363073955	Laor Platinum Technology LLC	Rochester, 6 Sauer Place, NY	US	source2	S2-907952357	Laor Platinum Technology Ltd	19 SAOER PLACE, ROCHESTER, NY	US	0	hard_negative	92.85714285714286	28.07017543859649	similar_name
S1-429151420	4496 Lincoln Place Management LLC	IN, Munster, 8730 Baring Avenue	US	source3	S3-44776695	4496 Lincoln Place Management L.L.C.		US	0	hard_negative	95.65217391304348	0.0	similar_name
S1-270180527	GA Fargo, LLC	Fort Wayne, 10110 Tumbleweed Boulevard, IN	US	source2	S2-804530143	GA Farbo, LLC	#25 102ND ST, CHICAGO, IL	US	0	hard_negative	92.3076923076923	26.865671641791046	similar_name
S1-897782800	Jain Infra Private Limited	Bangalore South, Bangalore, Karnataka, No.387, Ground Floor, Sindhunadi Road, Brundavan Nagar	India	source3	S3-301731464	Jain Infra Private [Limited]	Ernakulam, 7-26/79/A, Angamaly, Keralam	India	0	hard_negative	96.2962962962963	27.27272727272727	similar_name
S1-429151420	4496 Lincoln Place Management LLC	IN, Munster, 8730 Baring Avenue	US	source3	S3-325083203	4496 Lincoln Place Mánagement LLC	2069 Pin Oak Pl, Cramerton, North Carolina	US	0	hard_negative	96.96969696969697	30.136986301369863	similar_name
S1-235818495	Murdock and Hawkins Imaging LLC	2370 Hamiltowne Circle, Rosedale, MD	US	source3	S3-875015705	Murdock and Hawkins Imaging	514-C Lambs Ferry Road, Unit 14, Loretto, Tennessee	US	0	hard_negative	93.10344827586206	29.885057471264364	similar_name
S1-285085111	1602 Broadway Drive Properties LLC	306 Evans Street, Unit REAR, Uniontown City, PA	US	source3	S3-434951462	1602 Broadway Drev Properties LLC	1912 Cascade Boulevard, City Of Shasta Lake, California	US	0	hard_negative	95.52238805970148	31.372549019607842	similar_name
S1-42795862	Vega, LLC	229 Hayden Avenue, Rainbow City, AL	US	source3	S3-251199257	Vega LLC	Fairsky Drive, Henry County, Virginia	US	0	hard_negative	94.11764705882352	38.888888888888886	similar_name
S1-989958436	Office of Health	KS, Hutchinson, 9206 4th Avenue	US	source3	S3-187575302	Office Of Health	0010015 242nd Pl, PO Box 3252, Edmonds CDP, Washington	US	0	hard_negative	93.75	18.823529411764707	similar_name
S1-858728553	Health Charities II	W6124 County Road H, Phillips, WI	US	source2	S2-246539469	Health Charities IBI	W6133 COUNTY ROAD H, PHILLIPS, WI	US	0	hard_negative	97.43589743589743	48.484848484848484	similar_name
S1-629420074	Shree Technologies Limited	No.5 Vembuliamman Koil 1 Cross Street, Chennai, Tamil Nadu	India	source3	S3-468478392	Shree  Technology Limited	First Floor, Fl5/c, Gida Sector -13, Sahjanwa, Gorakhpur, UP	India	0	hard_negative	90.19607843137256	30.508474576271183	similar_name
S1-633802274	Tirupati Tech Private Limited	Office No 201-A, 2Nd Floor, 3, Queens Road, Bangalore, Karnataka	India	source3	S3-261100524	Tirupati Infotech Private Limited	No 65 2Nd Cross P & T Colony, Bangalore, KA	India	0	hard_negative	90.32258064516128	50.46728971962617	similar_name
S1-741228627	Behavioral Health Care	TX, Anson, 6011 351	US	source2	S2-611491224	Behavioral Health Care LLC	1177 COUNTY ROAD 382, GROESBECK, TX	US	0	hard_negative	91.66666666666666	22.22222222222222	similar_name
S1-858728553	Health Charities II	W6124 County Road H, Phillips, WI	US	source2	S2-903228580	Health Charities-II	109-113 6TH ST, MALVERN, IA	US	0	hard_negative	94.73684210526316	26.66666666666667	similar_name
S1-355968089	Universal Business Private Limited	Survey- 230, 21 Mubin Park, Nr. Chinar Park Sarkhej Road, Ahmadabad City, Ahmedabad, Gujarat	India	source3	S3-795530766	Universal Business Pliiate Limited		India	0	hard_negative	94.11764705882352	0.0	similar_name
S1-429151420	4496 Lincoln Place Management LLC	IN, Munster, 8730 Baring Avenue	US	source3	S3-321174614	4496  Lincoln Place Management Co	Hampton, 23347-C Hogan Avenue, Minnesota	US	0	hard_negative	93.93939393939394	39.43661971830986	similar_name
S1-684899598	Granite LLC	196495 4140 Road, Antlers, OK	US	source3	S3-462097812	Granite LLC	24542c Stratton Creek Drive, Spring, Texas	US	0	hard_negative	100.0	28.169014084507037	similar_name
S1-579114463	Peridova Cambridge Inc	2510 Bloxom Street, Grove City, OH	US	source2	S2-300840869	Peridova Cambridge	AL, BALDWIN COUNTY, 31309 HOOT OWL ROAD	US	0	hard_negative	90.0	21.91780821917808	similar_name
S1-433452708	Womens Health Center	3104 Morgan Lane, El Dorado, AR	US	source2	S2-577967810	Womens Health Center	613 ADAMS ST, OSCEOLA, IA	US	0	hard_negative	100.0	35.71428571428571	similar_name
S1-252348713	Loren Sanchez Better Genesis LLC	541 D Street, Dixon, CA	US	source2	S2-396151229	Loren Sanchez Better Genesis South LLC	17364  134TH ST, RENTON, WA	US	0	hard_negative	91.42857142857143	36.0	similar_name
S1-973543658	Shivam Agro Private Limited	Pune, Haveli, Maharashtra, Fl No. B-304, Shivgoraksh Vihars	India	source2	S2-607836296	Shivam  Ag Private Limited	Maharashtra, GAYATRI NIWAS MALODE BLDG VANI KALVAN ROAD, DINDORI, NASHIK	India	0	hard_negative	94.33962264150944	30.534351145038162	similar_name
S1-611863955	Ss Trading Private Limited	Ganesh Complex, Nh-6, Bombay Road, Raghudevpur, P.O. Panchla, Howrah, Uluberia, Howrah, West Bengal	India	source3	S3-79910580	Ss Tralfiong Private Limited	Plot No B-6-4/413 Sector-4, Lucknow, UP	India	0	hard_negative	92.5925925925926	24.63768115942029	similar_name
S1-282867099	Cinder	1674 Sandy Creek Road, Rock Island, TX	US	source3	S3-368481738	@Cinder	Virginia, Fairfax County, 1251 Kurtz Road	US	0	hard_negative	92.3076923076923	27.848101265822788	similar_name
S1-42795862	Vega, LLC	229 Hayden Avenue, Rainbow City, AL	US	source2	S2-827700667	Vega,LLC	4062 RAVINE GAP DR, SUFFOLK CITY, VA	US	0	hard_negative	94.11764705882352	30.98591549295775	similar_name
S1-631397769	Jaipur Consultants	3-6-665/3 Street No-10, Himayath Nagar, Hyderabad, Telangana	India	source2	S2-997883124	Jaipur Consultants	SHOP NO. 3/4 , BLOCK NO 2, SECTOR 6, JAIPUR, Rajasthan	India	0	hard_negative	100.0	26.315789473684216	similar_name
S1-655264958	Kittle Alliance	1429 Glancey Street, Andover, KS	US	source3	S3-441786733	Kittle Álliance	806 Hackberry Dr, Marshall, Minnesota	US	0	hard_negative	93.33333333333333	34.78260869565217	similar_name
S1-971211181	Super Hospitality Private Limited	Belgaum, Karnataka, Shivbasav Nagar Chikkodi Road, Nipani, P.B.No.60	India	source3	S3-198107245	Super Hospitality Prmea Limited	113/03, First Floor No. 63 L.g. Food Road, Tavarekere, Bangalore Urban, Bangalore, KA	India	0	hard_negative	90.625	31.372549019607842	similar_name
S1-433452708	Womens Health Center	3104 Morgan Lane, El Dorado, AR	US	source2	S2-865326622	Womens Health Center	7742 KIVA DR, AUSTIN, TX	US	0	hard_negative	100.0	25.454545454545453	similar_name
S1-355149053	2917 Madison Way Holdings	43 Rebecca Street, East Palestine, OH	US	source3	S3-543683536	2917 Madison Way Holdings Corp	46 Rebecca Street, East Palestine, Ohio	US	0	hard_negative	90.9090909090909	92.10526315789474	similar_name
S1-777035459	Cobalt	191 Arrowhead Loop, Pittsboro, NC	US	source3	S3-104710310	Cobalt	28. Chestnut Hill Road, Colchester, Connecticut	US	0	hard_negative	100.0	30.000000000000004	similar_name
S1-915409348	Lyra LLC	TX, Texas City, 209 Orchid Drive	US	source2	S2-332043508	Lyra  LLC	WALTHAM, MA, #92 ALDER ST	US	0	hard_negative	94.11764705882352	28.07017543859649	similar_name
S1-991048469	Gilmartin Platinum Armada LLC	520 Commerce Street, Unit APT C, Wichita, KS	US	source2	S2-51604098	Gilmartin Platinum Armada Co.	CASSADY VILLAGE TRAIL, COLUMBUS, OH	US	0	hard_negative	93.10344827586206	22.78481012658228	similar_name
S1-720393176	Shakti Energy Private Limited	Annt Vaibhav Khutehi, Rewa, Huzur, Madhya Pradesh, Top Floor	India	source3	S3-775972210	Shakti Engsrgy Private Limited	Mumbai, महाराष्ट्र, B-wing, The Capital, Plot No. C-70, G-block, Bandra Kurla Complex, Unit No. 1101, Bandra (E	India	0	hard_negative	94.91525423728814	28.07017543859649	similar_name
S1-757064973	Cordelia A. Garcia, M.D.	3106 33rd Terrace, Topeka, KS	US	source3	S3-129576071	The Cordelia A. Garcia, M.D.	California, Florin, 007 Chandler Drive	US	0	hard_negative	92.3076923076923	20.895522388059707	similar_name
S1-967588620	Raffaele Desert Innovative, LLC	2840 -A Sh 19, Trinity, TX	US	source2	S2-275486325	Raffaele Desert Innovative, Ltd	FORT WASHINGTON, MD, 16 GLENEAGLES DR	US	0	hard_negative	93.5483870967742	22.22222222222222	similar_name
S1-562190870	Pena Translational Inc	5415 Canyon Hollow Drive, Houston, TX	US	source3	S3-725734483	Pena Translational	27137 Crest Dr, Millsboro, Delaware	US	0	hard_negative	90.0	33.333333333333336	similar_name
S1-908933448	Nexify Partners	20202 Austin Road, Colbert, WA	US	source2	S2-557331643	Nexify Pártners	601 KINGS DR, CHARLOTTE, NC	US	0	hard_negative	93.33333333333333	31.57894736842105	similar_name
S1-104949826	Cordell Equity Partners Corp	Beaumont, 2421 Neches Street, TX	US	source3	S3-69493043	Cordell Equity Partners	3223 W 50th St, Davenport, Iowa	US	0	hard_negative	90.19607843137256	34.92063492063492	similar_name
S1-162109893	Schaeffer Dental Associates	3911 Thistle Street, Seattle, WA	US	source2	S2-129405133	Schaeffer Dental  Associates LLC	31089. 3952 ROAD, WASHINGTON COUNTY, OK	US	0	hard_negative	91.52542372881356	25.352112676056336	similar_name
S1-210474784	Grace Zion	35000 13th Place, Federal Way, WA	US	source3	S3-601195754	Grace  Zion	Talala, Oklahoma, 4232 Cear Lane	US	0	hard_negative	95.23809523809523	27.692307692307693	similar_name
S1-722266087	Supply	3630 B Street, Tacoma, WA	US	source2	S2-732034433	Supply		US	0	hard_negative	100.0	0.0	similar_name
S1-854356411	Pammy Cochran, DDS, DDS PC	201 Lincoln Street, Jefferson City, MO	US	source2	S2-900617752	Pammy Cochran,  DDS, DDS PC	QUEBEC AVENUE, TULSA, OK	US	0	hard_negative	98.11320754716981	19.354838709677423	similar_name
S1-332184955	Creative Federal Fortress Group	5231 Cider Mill Lane, Indianapolis, IN	US	source3	S3-258382451	Creative Federal Fortress Co	Indiana, 5234- Cider Mill Ln, Indianapolis	US	0	hard_negative	91.52542372881356	77.5	similar_name
S1-529691318	Obsidian Inc	52 Broad Street, Unit Apartment A, Plattsburgh, NY	US	source3	S3-498188955	Obsidian  Inc	23- Drift Inn Road, Tenants Harbor, Maine	US	0	hard_negative	96.0	39.56043956043956	similar_name
S1-126665092	Young's Partners	4713 Vanguard Avenue, Dayton, OH	US	source3	S3-860916147	Young's Partners Co	Dayton, 3715 Vanguard Ave, Ohio	US	0	hard_negative	91.42857142857143	57.14285714285714	similar_name
S1-563284732	Cuda Velos LLC	69126 27, New Paris, IN	US	source3	S3-157996190	Cuda Velos  LLC	625 Maple Dr, Streamwood Township, Illinois	US	0	hard_negative	96.55172413793103	36.36363636363637	similar_name
S1-69739740	Commission on Health	701 Pennsylvania Avenue, Unit PH16, Washington, DC	US	source3	S3-411101195	Commission ón Health	9103 Urbana Ave, # UNIT G, Tulsa, Oklahoma	US	0	hard_negative	95.0	39.13043478260869	similar_name
S1-547304200	Vio Partners	91 Jackson Street, Bardwell, KY	US	source2	S2-441906150	Vio Partners	013779 SCHOLLS FERRY RD, BEAVERTON, OR	US	0	hard_negative	100.0	23.188405797101453	similar_name
S1-341164153	Falcon	6020 Galway Avenue, Sioux Falls, SD	US	source2	S2-663583469	Falcon	15 LIVINGSTON RD, PO BOX 5166, BELLPORT, NY	US	0	hard_negative	100.0	20.512820512820518	similar_name
S1-942358451	XH Services Private Limited	Blong No 4, Gala No 15, Jay Vijay Ind Ested, Vasai Palghar, Vasai Virar City, Bhiwandi, Thane, Maharashtra	India	source3	S3-614254897	XH Services Private  Limited	Plot No:004, Hyderabad, Andhra Pradesh	India	0	hard_negative	98.18181818181819	34.72222222222222	similar_name
S1-105934567	Belliveau Keystone Krakacquisition L.L.C.	5100 Highbridge Street, Unit Unit 53C, Manlius, NY	US	source3	S3-957002507	Belliveau Keystone  Krakacquisition L.L.C.	Longhorn Trl, Mcalester, Oklahoma	US	0	hard_negative	98.79518072289156	31.32530120481928	similar_name
S1-782197479	Community Association	2515 Harts Lake Road, Roy, WA	US	source2	S2-719440933	Community Association	1081 CARRIAGE HILL PKWY, ANNAPOLIS, MD	US	0	hard_negative	100.0	26.865671641791046	similar_name
S1-230814423	Straight Edge Hair Studio	515 Ferry Street, Unit A, WA, Tumwater	US	source3	S3-174994909	Straight Edge Hair Stitod	##1955 Sumner St, Lincoln, Nebraska	US	0	hard_negative	92.0	41.0958904109589	similar_name
S1-804488246	ABG Syrian Private Limited	Hillcrestawingfn2504Hira, Nandanicmplxakshyngrbegur, Bangalore South, Bangalore, Karnataka	India	source3	S3-843327671	ABG Syrian Private (Limited)	A-181 (Shop-L-5), Parganas North, Halisahar, WB	India	0	hard_negative	96.2962962962963	29.1970802919708	similar_name
S1-295127437	Chiropractic Care	MN, Winona, 362 Mankato Avenue	US	source3	S3-230572459	Chiropractic Care	00169 Aiken Avenue, # 7, Lowelll, Massachusetts	US	0	hard_negative	100.0	31.16883116883117	similar_name
S1-848873611	Internal Medicine Associates	335 Donald K Outlaw Road, Seven Springs, NC	US	source3	S3-362804185	Internal-Medicine Inc Associates	70 Corporate Center Dr, # 124, Raleigh, North Carolina	US	0	hard_negative	90.0	30.927835051546392	similar_name
S1-905852984	Blue Universal Limited	Ground Floor, Block E, Plot No 44, Prem Nagar, Najafgarh New Delhi, New Delhi, South West Delhi, Delhi	India	source2	S2-797071175	Blue Universal Límited	Uttar Pradesh, PLOT NO- H44, (SUITE NO- 405), SECTOR- 63, NOIDA UTTAR PRADESH, NOIDA	India	0	hard_negative	95.45454545454545	30.107526881720425	similar_name
S1-804488246	ABG Syrian Private Limited	Hillcrestawingfn2504Hira, Nandanicmplxakshyngrbegur, Bangalore South, Bangalore, Karnataka	India	source2	S2-218218949	ABG Syrian Private Ltd	H.NO 181 (SHOP-L-5), PANBASTEE, CHOWMATHA BAZAR, NORTH 24 PGS, PARGANAS NORTH, West Bengal	India	0	hard_negative	91.66666666666666	18.88888888888889	similar_name
S1-204824820	Heflin Unified Solutions LLC	220 Ater Avenue, Rogers, TX	US	source2	S2-131379742	Heflin Unified Solutions [LLC]	1767. WINNETT ROAD, COLBERT, OK	US	0	hard_negative	96.55172413793103	27.586206896551722	similar_name
S1-565968835	Lockport School of Medicine	1319 Maplewood Drive, Lockport, NY	US	source3	S3-713454324	Lockport School of Medicine Group	1332- Maplewood Drive, Lockport, New York	US	0	hard_negative	90.0	85.33333333333333	similar_name
S1-583766588	Roth Prime Cayson	Heber City, 324 Abajo Peak Way, UT	US	source2	S2-76564942	Roth Prime Cayson	239D THARA LN, HEFLIN, AL	US	0	hard_negative	100.0	23.728813559322038	similar_name
S1-869319436	Demoss and Mohamed Inc	6716 Lightwood Drive, Hazelwood, MO	US	source3	S3-433549182	Demoss and Mohamed	5309 Moss Hill Drive, Raleigh, North Carolina	US	0	hard_negative	90.0	35.0	similar_name
S1-341164153	Falcon	6020 Galway Avenue, Sioux Falls, SD	US	source2	S2-102539026	Falcon	COFFEE CREEK ROAD, EDMOND, OK	US	0	hard_negative	100.0	21.875	similar_name
S1-235818495	Murdock and Hawkins Imaging LLC	2370 Hamiltowne Circle, Rosedale, MD	US	source3	S3-147332504	Murdock and Hawkins Imaging	505 Bexley Bluff Ln, Cary, North Carolina	US	0	hard_negative	93.10344827586206	31.16883116883117	similar_name
S1-103988961	United Investments Private Limited	A/5/4 Meera Nagar Koregaonpark, Pune, Maharashtra	India	source2	S2-824818282	United Instruments Private Limited	S.NO. #05/96 SHUBHANKAROTI, VIDY VIHAR COLONY NR BYTCO COLLEGE, NASHIK ROAD, NASHIK, Maharashtra	India	0	hard_negative	94.11764705882352	30.3448275862069	similar_name
S1-110126057	Frontier Center	102 Carrigan Road, Unit Unit A-D, Elkins, AR	US	source3	S3-625195472	Frontier-Center	3158 Brown Hill Rd, Cohocton, New York	US	0	hard_negative	93.33333333333333	34.14634146341463	similar_name
S1-71167071	Jannelle Brown Piedmont Investments Group	3782 Harner Road, Mantua, OH	US	source2	S2-800331643	Jannelle Brown Piedmont Investments Ltd	970 TAMAUIPAS, RIO RICO, AZ	US	0	hard_negative	90.0	25.454545454545453	similar_name
S1-26111971	Haubrich and Showalter Corp	3311 Evans Street, Morehead City, NC	US	source3	S3-270233852	Haubrich and Showalter Corp	1400 Florida Ave, Unit 509, Washington, District of Columbia	US	0	hard_negative	100.0	29.166666666666664	similar_name
S1-991048469	Gilmartin Platinum Armada LLC	520 Commerce Street, Unit APT C, Wichita, KS	US	source3	S3-89557973	Gilmartin Platinum Armada (Co)	104 County Rd 169, Athens, Tennessee	US	0	hard_negative	91.52542372881356	32.49999999999999	similar_name
S1-409151453	Rogel, Newcomb and Saunders PLLC	4149 Lister Avenue, Kansas City, MO	US	source3	S3-85743699	Rogel, Newcomb and Saunders Co	530 9th Street, North Canton, Ohio	US	0	hard_negative	93.5483870967742	40.57971014492754	similar_name
S1-529691318	Obsidian Inc	52 Broad Street, Unit Apartment A, Plattsburgh, NY	US	source3	S3-177839595	Obsidian  Inc	Unit Apartment 212, Wisconsin, Oconomowoc, 999 Summit Avenue	US	0	hard_negative	96.0	36.36363636363637	similar_name
S1-623712180	Empire League	3820 El Dorado Street, Springfield, MO	US	source3	S3-378715919	Empire League	4326 Colby St, PMB 8705, Springfield, Missouri	US	0	hard_negative	100.0	54.761904761904766	similar_name
S1-71167071	Jannelle Brown Piedmont Investments Group	3782 Harner Road, Mantua, OH	US	source2	S2-450409227	Jannelle Brown Piedmont Investments	NY, #6816 TONI HILL RD, ROME	US	0	hard_negative	92.10526315789474	28.57142857142857	similar_name
S1-429151420	4496 Lincoln Place Management LLC	IN, Munster, 8730 Baring Avenue	US	source2	S2-632378379	4496 Líncoln Place Management Co	8751 BARING AVENUE, MUNSTER, IN	US	0	hard_negative	92.3076923076923	22.580645161290324	similar_name
S1-433452708	Womens Health Center	3104 Morgan Lane, El Dorado, AR	US	source2	S2-552220297	Womens-Health-Center	4720 SLEEPY RIDGE CIR, PO BOX 4262, FORT WORTH, TX	US	0	hard_negative	90.0	22.22222222222222	similar_name
S1-133195295	Electricians Union Local No 140	1513 Cou Falls Rd NW, Swisher, IA	US	source2	S2-336589697	Electricians Union Local No 140 Inc	153 COU FALLS RD NW, SWISHER CITY, IA	US	0	hard_negative	93.93939393939394	54.28571428571429	similar_name
S1-336157383	Big Global Private Limited	S S2, Krishna Enclave, 99, Vallalar Street Vgp Shanthinagar, Pallikaranai, Chennai, Tamil Nadu	India	source3	S3-361879529	Big Sbv Global Private Limited	C/o Azimuddin Ansari, Bankers Colony, Parao Pokhar Lane No 02, Ramna, Muzaffarpur, बिहार	India	0	hard_negative	92.85714285714286	32.96703296703297	similar_name
S1-356099338	Briscoe Brand LLC	2388 Braxton Bragg Drive, Murfreesboro, TN	US	source2	S2-515511110	Briscoe Brand Co	POLSON, 118 MAIN STREET, MT	US	0	hard_negative	90.9090909090909	20.28985507246377	similar_name
S1-859260498	Bishal Stone Private Limited	103-A Gaffar Manjil Okhla, New Delhi, South Delhi, Delhi	India	source2	S2-916741391	Bishal Stone Group Private Limited	Delhi, 116-A GAFFAR MANJIL OKHLA, NEW DELHI	India	0	hard_negative	90.32258064516128	28.282828282828287	similar_name
S1-162109893	Schaeffer Dental Associates	3911 Thistle Street, Seattle, WA	US	source3	S3-568584692	Schaeffer Dental-Associates	01370 414, Llano CITY, Texas	US	0	hard_negative	96.2962962962963	30.000000000000004	similar_name
S1-501688915	Boynton & Bergmann LLC	2153 Jones Road, Atlanta, GA	US	source3	S3-717792066	Boynton  & Bergmann Co	1619 Bradfield Dr, Unit 50, Lima, Ohio	US	0	hard_negative	90.9090909090909	33.333333333333336	similar_name
S1-970189295	Family Clinic	12818 Toledo Road, Pittsburg, IL	US	source2	S2-930026966	Family Clinic	804 SHIELD STREET, LARRAMIE, WY	US	0	hard_negative	100.0	25.396825396825395	similar_name
S1-876865481	Tech Construction Private Limited	H.No 199-A, Ground Floor Pocket-M, Janta Flats, Sarita Vihar, New Delhi, South Delhi, Delhi	India	source3	S3-997746742	Tech Consrcution Private Limited	Hn B3/824 Mate Associateskarpurapartment Savarkar Nagar Gangapur Road, Nashik, MH	India	0	hard_negative	95.38461538461537	31.3953488372093	similar_name
S1-235818495	Murdock and Hawkins Imaging LLC	2370 Hamiltowne Circle, Rosedale, MD	US	source2	S2-88600023	Murdock and Hawkins Imaging	#489 FORGOTTEN LN, COALVILLE, UT	US	0	hard_negative	93.10344827586206	17.647058823529417	similar_name
S1-849345902	Mabry and Sparr Best LLC	557 Woodbury Avenue, Columbus, OH	US	source3	S3-29824359	Mabry and Sparr Best	51 New York St, # #2, Aurora, Illinois	US	0	hard_negative	90.9090909090909	30.98591549295775	similar_name
S1-723811093	Bison, LLC	6177 Snowy River Place, City Of El Paso, TX	US	source2	S2-731067604	Bison LLC	107 2ND ST, SILVER LAKE TWP, IA	US	0	hard_negative	94.73684210526316	32.432432432432435	similar_name
S1-42795862	Vega, LLC	229 Hayden Avenue, Rainbow City, AL	US	source3	S3-727181569	Vega, LLC	3902 Dayton Ave, Floor 1, Columbia, Missouri	US	0	hard_negative	100.0	43.0379746835443	similar_name
S1-282867099	Cinder	1674 Sandy Creek Road, Rock Island, TX	US	source3	S3-991527214	Cinder	20 1/2 Bonfire Trail, PMB 6369, Wirt, New York	US	0	hard_negative	100.0	28.57142857142857	similar_name
S1-967588620	Raffaele Desert Innovative, LLC	2840 -A Sh 19, Trinity, TX	US	source2	S2-804492362	Raffaele Desert Innovative, L.L.C.	4030 COLQUITT STREET, HOUSTON, TX	US	0	hard_negative	95.38461538461537	40.67796610169492	similar_name
S1-766795777	Bona Asset LLC	3328 Arrowhead Road, Spring Lake, NC	US	source2	S2-793258892	Bona Asset LLC	15 PEBBLE CIR, GRIDLEY, IL	US	0	hard_negative	100.0	25.806451612903224	similar_name
S1-210474784	Grace Zion	35000 13th Place, Federal Way, WA	US	source2	S2-353809916	Grace  Zion	400 328 MADISON ST, SPRINGFIELD, IL	US	0	hard_negative	95.23809523809523	29.411764705882348	similar_name
S1-204824820	Heflin Unified Solutions LLC	220 Ater Avenue, Rogers, TX	US	source2	S2-668277291	Heflin Unified Solutions Care	TN, 358 OLD FRANKLIN RD, ANTIOCH	US	0	hard_negative	91.22807017543859	27.118644067796616	similar_name
S1-657583949	Department of Housing	346 Main Street, Watertown, MA	US	source3	S3-523231761	Department óf Housing	001601 Clinton St, Defiance, Ohio	US	0	hard_negative	95.23809523809523	41.269841269841265	similar_name
S1-109057893	Everest LLC	53 Joel Drive, Mogadore, OH	US	source2	S2-205615253	Everest LLC	MESA DESERT, 9418 FENIMORE ROAD, AZ	US	0	hard_negative	100.0	22.580645161290324	similar_name
S1-119010611	Hotel Construction Private Limited	G-9, Second Floor, Flat No.-1, Vishwakarma Colony, Delhi, New Delhi, Delhi	India	source2	S2-102481804	Hotel Ccinstricion Private Limited	SHOP NO. G-9, TAMANNA TOWER, GROUND FLOOR, VAISHALI NAGAR, JAIPUR, Rajasthan	India	0	hard_negative	91.17647058823529	24.0	similar_name
S1-684899598	Granite LLC	196495 4140 Road, Antlers, OK	US	source2	S2-810067351	Granite LLC	12817B SAM SUTTON RD, COKER, AL	US	0	hard_negative	100.0	26.66666666666667	similar_name
S1-970551558	Vaden and Inman Harbors	157 Ashland Co Rd 530, West Salem, OH	US	source2	S2-550130397	Vaden and Iman Harbors	JIM WOLFE RD, CORRYTON, TN	US	0	hard_negative	97.77777777777777	22.22222222222222	similar_name
S1-978702575	Scholarship League	1826 Dominic Lane, Houston, TX	US	source3	S3-689007167	Scholarship League	1376 Stirling Circle, Atl, Georgia	US	0	hard_negative	100.0	40.625	similar_name
S1-782197479	Community Association	2515 Harts Lake Road, Roy, WA	US	source3	S3-926079437	Community Association	Ohio, 10468 Martinsburg Rd, Washington Twp	US	0	hard_negative	100.0	36.61971830985915	similar_name
S1-556801644	Firefighters Local Union 126	Moyock, 1516 Caratoke Highway, NC	US	source3	S3-901199742	Firefighters Local  Union 526	##3342 Meadowbrook Lane, Fl. 1, Lacey, Washington	US	0	hard_negative	94.73684210526316	31.707317073170728	similar_name
S1-565508752	Star Construction Private Limited	13Th K M Delhi G T Roadbidhanagar Aligarh, Uttar Pradesh, Aligarh, Uttar Pradesh	India	source3	S3-119624422	Star Constructions Private Limited	Pvt-4, New Delhi, North Delhi, DL	India	0	hard_negative	98.50746268656717	30.08849557522124	similar_name
S1-71167071	Jannelle Brown Piedmont Investments Group	3782 Harner Road, Mantua, OH	US	source2	S2-453635016	Jannelle Brown Piedmont Investments Inc	3795 HARNER ROAD, MANTUA, OH	US	0	hard_negative	90.0	46.42857142857143	similar_name
S1-252348713	Loren Sanchez Better Genesis LLC	541 D Street, Dixon, CA	US	source3	S3-678393269	Loren Sanchez Better Genesis	Marion St, Unit 502, Shelby, North Carolina	US	0	hard_negative	93.33333333333333	27.27272727272727	similar_name
S1-874225445	Tri-State Center LLC	27 Evelyn Drive, Nassau, NY	US	source3	S3-648630276	Tri-State Cner LLC	26 6027, ST. Jonhs, Arizona	US	0	hard_negative	94.73684210526316	29.629629629629626	similar_name
S1-317863437	One Power Private Limited	House No. 12-A, Sanchar Nagar Extension, Kanadiya Road, Indore, Madhya Pradesh	India	source3	S3-202321496	One Power Private [Limited]	#12, New No.59, 1St Floor, 1St Main Road, Balaji Nagar, Ekkattuthangal, Chennai, தமிழ்நாடு	India	0	hard_negative	96.15384615384616	35.71428571428571	similar_name
S1-96858618	Dynamic Logistics Ventures	5835 Seagull Drive, Bonanza, OR	US	source2	S2-945118626	Dynamic Logistics Ventures Ltd	5838D SEAGULL DRIVE, BONANZA, OR	US	0	hard_negative	92.85714285714286	44.44444444444444	similar_name
S1-674810152	Creative Consultants Private Limited	Piller No 25, 3Rd Floor, Dadri, Gautam Buddha Nagar, Uttar Pradesh	India	source3	S3-751030012	Creative  Consultants Private Limited	Hig 143 Shashtripuram, Gorakhpur, UP	India	0	hard_negative	98.63013698630137	33.333333333333336	similar_name
S1-611863955	Ss Trading Private Limited	Ganesh Complex, Nh-6, Bombay Road, Raghudevpur, P.O. Panchla, Howrah, Uluberia, Howrah, West Bengal	India	source2	S2-21159406	SS Trading Pivlte Limited	G-6, CLASSIC AIRPORT TOWER, PLOT NO-15, SEC-10, DWARKA, CENTRAL MARKET, NEW DELHI, Delhi	India	0	hard_negative	90.19607843137256	27.807486631016044	similar_name
S1-723811093	Bison, LLC	6177 Snowy River Place, City Of El Paso, TX	US	source2	S2-844978925	Bison LLC	976 Riker Street, DUBUQUE, IA	US	0	hard_negative	94.73684210526316	36.111111111111114	similar_name
S1-344946091	Vision Care Associates PC	MO, Taneyville, 2653 Ff	US	source2	S2-516705766	Vision Care-Associates LLC		US	0	hard_negative	90.19607843137256	0.0	similar_name
S1-562190870	Pena Translational Inc	5415 Canyon Hollow Drive, Houston, TX	US	source3	S3-935410786	Pena Translational	Delaware, PO Box 6077, Millsboro, 27137 Crest Drive	US	0	hard_negative	90.0	27.27272727272727	similar_name
S1-556801644	Firefighters Local Union 126	Moyock, 1516 Caratoke Highway, NC	US	source3	S3-613802981	Firefighters Local Union 469	466 Pine Park Ter, Waterford, New York	US	0	hard_negative	92.85714285714286	30.98591549295775	similar_name
S1-454583937	Office of Health	4733 Spellman Road, Houston, TX	US	source2	S2-842417758	Office of Health Co	011078 COUNTRY CLUB ROAD, BAINBRIDGE ISLAND, WA	US	0	hard_negative	91.42857142857143	20.512820512820518	similar_name
S1-341164153	Falcon	6020 Galway Avenue, Sioux Falls, SD	US	source3	S3-808712826	Falcon	Portland CTY, 235 152nd Place, Oregon	US	0	hard_negative	100.0	25.0	similar_name
S1-432787860	Saify Inc.	4024 Hackmore Loop, Irving, TX	US	source3	S3-298013578	Saify  Inc	3298 Hunter Ridge Road, Rock Hill, South Carolina	US	0	hard_negative	90.0	32.91139240506329	similar_name
S1-777035459	Cobalt	191 Arrowhead Loop, Pittsboro, NC	US	source3	S3-367340979	Cobalt	435 Second Street, # A3, Washington, District of Columbia	US	0	hard_negative	100.0	28.888888888888886	similar_name
S1-235818495	Murdock and Hawkins Imaging LLC	2370 Hamiltowne Circle, Rosedale, MD	US	source2	S2-914401154	Murdock Hawkins Imaging  LLC	LAMBS FERRY RD, N/A, LORETTO, TN	US	0	hard_negative	91.52542372881356	20.588235294117652	similar_name
S1-727268428	Finley, Sosa and Krueger Vance, LLC	CT, 41 Hill Street, Milford	US	source3	S3-443247832	Finley, Sosa and Krueger Vance	446 E Bernard Avenue, Greeneville CDP, Tennessee	US	0	hard_negative	92.3076923076923	26.66666666666667	similar_name
S1-235818495	Murdock and Hawkins Imaging LLC	2370 Hamiltowne Circle, Rosedale, MD	US	source3	S3-976888613	Murdock and Hawkins Imaging Llc	Covington, Ohio, 801 Wall Street	US	0	hard_negative	93.5483870967742	32.35294117647059	similar_name
S1-221295642	Vaayuraj India Private Limited	Sanatan Co-Operative Colony, Sector 8, Bh Colony, Kankarbagh, Patna, Bihar	India	source3	S3-713780465	Vaayuraj Inia Private Limited	32, Gno-3, Chota Chowk Pal Mohl Mfpur Delhi, Delhi, East Delhi, DL	India	0	hard_negative	98.30508474576271	32.85714285714286	similar_name
S1-550348281	2-Sons Corp	1406 Alvarado Street, Carlsbad, NM	US	source2	S2-611486976	2-Sons Co	1407 ALVARADO STREET, CARLSBAD, NM	US	0	hard_negative	90.0	41.17647058823529	similar_name
S1-818795792	Liebig Stores LLC	13801 Parsons Bay Drive, Chesterfield County, VA	US	source3	S3-660282827	Liebig Stores  LLC	5318 Colvin Ct, FAIR OAKS Ciity, California	US	0	hard_negative	97.14285714285714	30.76923076923077	similar_name
S1-644365206	Ace Producer Private Limited	Plot No.33 'Prithviraj Shakti Colony, Dharwad, Dharwar, Karnataka	India	source3	S3-262197640	Ace Producer Private Ltd	Ram Lakhan Mishra, Pbh, Beni, Madhorai Ji Ka Purwa, Kunda, Pratapgarh, UP	India	0	hard_negative	92.3076923076923	42.028985507246375	similar_name
S1-620481679	Singh Traders Private Limited	Vill. Gadpur Teh, Tijara, Alwar, Tijara, Alwar, Rajasthan	India	source2	S2-908295821	Singh Traders Private Limited	B/602 MAYFLOWER, OPP POISAR BUS DEPOT, KANDIVALI WEST, PLOT NO. 100, LADY FATIMA ROAD POI, SAR, MUMBAI, Maharashtra	India	0	hard_negative	100.0	24.418604651162788	similar_name
S1-679198638	St. Presbyterian Church	4459 Pennsylvania Avenue, Kansas City, MO	US	source3	S3-692725113	St. Presbyterian Church Inc.	142 1/2 Fox Gap Road, Rebersburg, Pennsylvania	US	0	hard_negative	90.19607843137256	32.18390804597702	similar_name
S1-741228627	Behavioral Health Care	TX, Anson, 6011 351	US	source2	S2-681125792	Behavioral Health Care LLC	47 BUMP ROAD, ASHEVILLE, NC	US	0	hard_negative	91.66666666666666	21.739130434782606	similar_name
S1-741228627	Behavioral Health Care	TX, Anson, 6011 351	US	source3	S3-717043066	Behavioral Health Care	0951 Loudon Rd, Latham, New York	US	0	hard_negative	100.0	23.529411764705888	similar_name
S1-271986070	Bustos, Germano & Whiting Brokerage	440 15th Avenue, Columbus, OH	US	source3	S3-423701394	Bustos, Germano & Whiting Brokerage Corp	449 15th Avenue, Columbus, Ohio	US	0	hard_negative	93.33333333333333	90.0	similar_name
S1-723223124	Advanced Liberty Mining PC	12001 Bowerton Road, Henrico County, VA	US	source3	S3-354498451	Advanced Liberty Mining Co	12008. Bowerton Road, Henrico County, Virginia	US	0	hard_negative	96.15384615384616	87.05882352941177	similar_name
S1-573169216	Noemi S. Blanchard, DDS	226 Hearthstone Drive, Sparta, TN	US	source2	S2-285893172	Noemi S. Blanchard, DDS-LLC	759 HUNTERS TRAIL, AKRON, OH	US	0	hard_negative	92.0	22.95081967213115	similar_name
S1-237030699	NL Properties Private Limited	24A, Bondel Road, Kolkata, Kolkata, Howrah, West Bengal	India	source2	S2-293988102	NL Pr0perties Private Limited	401/402 BLOCK OSHALIMAR TOWNSHIP A.B. ROAD, INDORE, Madhya Pradesh	India	0	hard_negative	96.55172413793103	28.099173553719005	similar_name
S1-109057893	Everest LLC	53 Joel Drive, Mogadore, OH	US	source3	S3-243566975	Everest  LLC	53 Stewart Avenue, Clumbus, Ohio	US	0	hard_negative	95.65217391304348	40.67796610169492	similar_name
S1-991048469	Gilmartin Platinum Armada LLC	520 Commerce Street, Unit APT C, Wichita, KS	US	source3	S3-12088871	Gilmartin Platinum Ármada PC	1405 Hillandale Road, Durham, North Carolina	US	0	hard_negative	91.22807017543859	27.27272727272727	similar_name
S1-646570575	1343 Jefferson Street Realty LLC	825 Midwood Drive, City Of Burlington, WI	US	source3	S3-330342038	1343 Jefferson Street Realty Inc	Painesville Township, 6 Meadows Drive, Ohio	US	0	hard_negative	90.625	35.71428571428571	similar_name
S1-492362883	Rogers Services	2061 Erwin Street, Franklin, TN	US	source2	S2-725069470	Rogers Service	555 CHADDICK DRIVE, WHEELING, IL	US	0	hard_negative	96.55172413793103	19.047619047619047	similar_name
S1-529691318	Obsidian Inc	52 Broad Street, Unit Apartment A, Plattsburgh, NY	US	source3	S3-570970703	Obsidian lnc	Indiana, Evansville, 700 Mount Pleasant Rd	US	0	hard_negative	91.66666666666666	30.434782608695656	similar_name
S1-337744864	Ear Nose & Throat Associates Co	23224 Fain Road, Elkmont, AL	US	source2	S2-848766083	Ear Nose & Throat Associates Ltd	23229. FAIN RD, ELKMONT, AL	US	0	hard_negative	92.06349206349206	54.54545454545454	similar_name
S1-120433391	Ivenelle Boral	1050 Vine Street, Paris, KY	US	source3	S3-68755628	Ivenelle Boral	North Carolina, Red Oak, Deans Rd	US	0	hard_negative	100.0	33.333333333333336	similar_name
S1-623712180	Empire League	3820 El Dorado Street, Springfield, MO	US	source3	S3-819268531	Empire League	4326 Colby St, PMB 8705, Springfield, Missouri	US	0	hard_negative	100.0	54.761904761904766	similar_name
S1-657583949	Department of Housing	346 Main Street, Watertown, MA	US	source3	S3-998249977	Department of Housing Ltd	2140 Killdeer Crossing, Crandal, Texas	US	0	hard_negative	91.30434782608697	32.35294117647059	similar_name
S1-679198638	St. Presbyterian Church	4459 Pennsylvania Avenue, Kansas City, MO	US	source2	S2-712303318	St. Presbyterian Church Corp	1135 2175, DECATUR CITY, TX	US	0	hard_negative	90.19607843137256	23.529411764705888	similar_name
S1-899915843	Vision Industries Private Limited	Daya Kunj11 Mansarover Merrut, Meerut, Uttar Pradesh	India	source2	S2-489964011	Vision Industries Private Ltd	NULL, P.NO. 3, KRISHNA ENCLAVE, MANSAROVER, JAIPUR, Rajasthan	India	0	hard_negative	93.5483870967742	23.008849557522126	similar_name
S1-120433391	Ivenelle Boral	1050 Vine Street, Paris, KY	US	source2	S2-145081855	Ivenelle Boral	1801 Lotus Drive, BEND CITY, OR	US	0	hard_negative	100.0	34.48275862068966	similar_name
S1-991048469	Gilmartin Platinum Armada LLC	520 Commerce Street, Unit APT C, Wichita, KS	US	source2	S2-846117103	Gilmartin Platinum Armada Co.	53 PERSIMMON DR, WIMBERLEY, TX	US	0	hard_negative	93.10344827586206	24.32432432432432	similar_name
S1-21899030	Asis & Sons Private Limited	C/O Haradhan Das, Purnandan Aprt, Fl No-Id, Barabani, Bardhaman, West Bengal	India	source3	S3-828699289	Asis Sons Private Limited	Block C-990 Sr. No. 39, H No. 166, Adishakti Socy, Chairanya, Dhankawadi, Pune, MH	India	0	hard_negative	96.15384615384616	32.91139240506329	similar_name
S1-370785251	Merissa's Freight	NY, 136 Carpenter Road, East Fishkill	US	source3	S3-706161424	Merissa's Freight	Lamar, Arkansas, 208 Cazort St	US	0	hard_negative	100.0	29.850746268656714	similar_name
S1-684899598	Granite LLC	196495 4140 Road, Antlers, OK	US	source3	S3-522393048	Granite LLC	7928-7932 Colonel Dent Dr, NULL, Saint Louis, Missouri	US	0	hard_negative	100.0	26.506024096385538	similar_name
S1-872946252	Maa Construction Private Limited	205, Acharya Commercial & Shopping Centre, Co-Opeerative Society Ltd., Mumbai, Maharashtra	India	source2	S2-125940194	Maa Constructions Private Limited	G-64 , MIDC, JALGAON, Maharashtra	India	0	hard_negative	98.46153846153847	30.89430894308943	similar_name
S1-12278460	Enix LLC	3310 Cheverly Avenue, Hyattsville, MD	US	source3	S3-796687721	Enix LLC	California, Crestline, 0023898 Lakeview Dr	US	0	hard_negative	100.0	35.44303797468354	similar_name
S1-624492801	Oleary & Brown Law Group LP	44195 Steele Lane, Leonardtown, MD	US	source2	S2-30922411	Oleary & Brown Law Group LLC	15110 W VERMILLION CIR, ANDOVR, MN	US	0	hard_negative	94.54545454545455	29.411764705882348	similar_name
S1-563284732	Cuda Velos LLC	69126 27, New Paris, IN	US	source2	S2-560862268	Cuda Velos  LLC	625 MAPLE DRIVE, STREAMWOOD, IL	US	0	hard_negative	96.55172413793103	29.629629629629626	similar_name
S1-378343849	Family Physicians	970 Cd Olena Drive, Hailey, ID	US	source3	S3-475452281	Family Physícians	6011 Miller Road, Wonder Lake, Illinois	US	0	hard_negative	94.11764705882352	37.68115942028986	similar_name
S1-723811093	Bison, LLC	6177 Snowy River Place, City Of El Paso, TX	US	source3	S3-656934840	Bison LLC	15 Bank Saint, PO Box 1886, White Plains, New York	US	0	hard_negative	94.73684210526316	36.55913978494624	similar_name
S1-475257543	Technology Madhavi Diagnostic Limited	1-1-4, Shah Saheb Street Karimnagar, Karimnagar, Telangana	India	source3	S3-415494552	Technology Madhavi Diagnostic Group Limited	Plot 896 1-1-25, Shah Saheb Street Karimnagar, Karimnagar, TG	India	0	hard_negative	92.5	82.35294117647058	similar_name
S1-978702575	Scholarship League	1826 Dominic Lane, Houston, TX	US	source2	S2-908136992	Scholarship [Leanague]	256 BETHEL RD, COPPELL, TX	US	0	hard_negative	90.0	35.71428571428571	similar_name
S1-44774436	Odeh School of Medicine Care	99 Bowen Lane, Apple Grove, WV	US	source2	S2-827408006	Odeh School of Medicine LLC	824-828 MELFI DRIVE, HOUSTON TOWNSHIP, TX	US	0	hard_negative	90.9090909090909	19.718309859154925	similar_name
S1-370785251	Merissa's Freight	NY, 136 Carpenter Road, East Fishkill	US	source2	S2-743804	Merissa's Freight	923 CENTENNIAL DR, CITY OF EL PASO, TX	US	0	hard_negative	100.0	24.0	similar_name
S1-193258289	Adler Preparatory Academy	1825 Bumpus Mills Road, Dover, TN	US	source3	S3-277958898	Adler Preparatory  Academy	3430 S Fork Canyon Rd, Bldg Vacant Parcel, Oakley, Utah	US	0	hard_negative	98.0392156862745	22.72727272727273	similar_name
S1-89187693	Scholarship Ministries	2204 Mountain View Drive, Vestavia Hills, AL	US	source2	S2-778958443	Scholarship Ministries	365 RESTON ROAD, ROSEBUURG, OR	US	0	hard_negative	100.0	18.918918918918916	similar_name
S1-603814016	Beth Emanuel	801 Erika Avenue, Fayetteville, AR	US	source3	S3-577001383	Beth Emanuel	1053 -32 Sandbridge Rd, Virginia Beach City, Virginia	US	0	hard_negative	100.0	27.586206896551722	similar_name
S1-367086744	Aarvam Capital Corp	No 706/707, Mittal Tower, M.G. Tower, Bangalore, Karnataka	India	source3	S3-151623370	Aarvam Capital  Co	Flat No-7, 1St Floor Temple Road, Patamata, Vijayawada, AP	India	0	hard_negative	91.89189189189189	37.93103448275862	similar_name
S1-450928439	Mount Cathedral PC	Fitchburg, MA, 279 Daniels Street, Unit 702	US	source3	S3-537145029	Mount Cathedral  Co	551 Kerry Ln, Garland, Texas	US	0	hard_negative	91.89189189189189	22.535211267605636	similar_name
S1-235818495	Murdock and Hawkins Imaging LLC	2370 Hamiltowne Circle, Rosedale, MD	US	source2	S2-535019083	Murdock and Hawkins Imaging P.C.	NC, CARY, 505 BEXLEY BLUFF LANE	US	0	hard_negative	92.06349206349206	17.910447761194025	similar_name
S1-511287886	Arrowlink Hr Pvt Ltd	189/A, Canal South Rd, Bl-Sec A, Grd. Floor Metropolitan Co-Op Housing Socy.Ltd, Kolkata, Parganas South, West Bengal	India	source2	S2-991222529	Arrowlink  Hr Pvt Ltd	Delhi, PLOT NO. H-744- AND 745, F/F BLOCK H, HARIJAN BASTI, PALAM EXTENSION, SEC-7, D, WARKA, NEW DELHI	India	0	hard_negative	97.5609756097561	23.636363636363633	similar_name
S1-827417332	Cozy Pizza	3637 135th Avenue, Portland, OR	US	source3	S3-671094648	Cozy [Pizza]	#1809 Larkspur Dr, Incorporated, Illinois	US	0	hard_negative	90.9090909090909	30.555555555555557	similar_name
S1-285085111	1602 Broadway Drive Properties LLC	306 Evans Street, Unit REAR, Uniontown City, PA	US	source2	S2-478092732	1602 Broadway Drive Properties	##1915 NORTHCREST CIR, AMES, IA	US	0	hard_negative	93.75	25.64102564102564	similar_name
S1-256159536	Nais LLC	17600 Lakesedge Trail, Chagrin Falls, OH	US	source2	S2-690723571	Nais  LLC	CA, ##16316 WILLOWMIST COURT, CHINO HILLS	US	0	hard_negative	94.11764705882352	27.160493827160494	similar_name
S1-109057893	Everest LLC	53 Joel Drive, Mogadore, OH	US	source2	S2-754490968	Everest  LLC		US	0	hard_negative	95.65217391304348	0.0	similar_name
S1-991048469	Gilmartin Platinum Armada LLC	520 Commerce Street, Unit APT C, Wichita, KS	US	source2	S2-455402196	Gilmartin Platinum Armada [Co]	104 COUNTY RD 169, ATHENS, TN	US	0	hard_negative	91.52542372881356	27.397260273972602	similar_name
S1-230178150	Family Care Associates Inc	348 Winding Way Drive, Victoria, TX	US	source2	S2-829657594	Family Care Associates of	2183-C MEYER PLACE, COSTA MESA, CA	US	0	hard_negative	90.19607843137256	20.28985507246377	similar_name
S1-398345245	Nais LLC	34 Pine Ridge Drive, Nobleboro, ME	US	source2	S2-996082296	Nais  LLC		US	0	hard_negative	94.11764705882352	0.0	similar_name
S1-273151009	Lakshmi Projects Private Limited	Na Jayapur Rajpur, Near Jayapur Water Tank, Mirzapur Sadar, Uttar Pradesh, 1 1, Mirzapur	India	source3	S3-966624799	Lakshmi Projects Private Limited	D. No. 1-10-125/62/B, First Floor Mayuri Marg, Begumpet, Hyderabad, TG	India	0	hard_negative	100.0	31.645569620253166	similar_name
S1-89187693	Scholarship Ministries	2204 Mountain View Drive, Vestavia Hills, AL	US	source2	S2-358643100	Scholarship Ministries LLC		US	0	hard_negative	91.66666666666666	0.0	similar_name
S1-256159536	Nais LLC	17600 Lakesedge Trail, Chagrin Falls, OH	US	source3	S3-264431388	Nais LLC	102. Country Club Drive, Leesburg Town, Virginia	US	0	hard_negative	100.0	34.09090909090909	similar_name
S1-204221814	Environmental Council LLC	16135 Spring Street, NE, Omaha	US	source3	S3-126770398	Environmental Council Cre	College Hwy, Southwick, Massachusetts	US	0	hard_negative	92.0	23.880597014925375	similar_name
S1-716014444	Teamsters Local 978 LLC	1 Cranberry Lane, Jonesport, ME	US	source3	S3-813467128	Teamsters Local 280 LLC	2219 Monroe Street, Peoria, Illinois	US	0	hard_negative	91.30434782608697	38.80597014925373	similar_name
S1-672292792	Higgins Legato Inc.	Town Of Lanark, WI, 6451 K	US	source2	S2-502855648	Higgins Légato Inc.	12, BATH, NY	US	0	hard_negative	94.73684210526316	21.052631578947366	similar_name
S1-263765628	Hitech Hospitality Private Limited	Vallabh Vigar, 64, Basappa Layout, Hanumanth Nagar, Bangalore., Nagar, Bangalore., Karnataka	India	source2	S2-588818729	Hitech Hospitality Private Ltd		India	0	hard_negative	93.75	0.0	similar_name
S1-915409348	Lyra LLC	TX, Texas City, 209 Orchid Drive	US	source3	S3-286241126	Lyra PLLC	2563b 7, Marshall, Minnesota	US	0	hard_negative	94.11764705882352	26.66666666666667	similar_name
S1-235818495	Murdock and Hawkins Imaging LLC	2370 Hamiltowne Circle, Rosedale, MD	US	source2	S2-758947575	Murdock and Hawkins Imaging	#489 FORGOTTEN LANE, COALVILLE, UT	US	0	hard_negative	93.10344827586206	17.14285714285714	similar_name
S1-64834915	Caex Holding Company	280 Timber Court Drive, Unit A, Clarksville, TN	US	source3	S3-727566888	Caex Holding Company	783 Wottons Mill Road, Warren, Maine	US	0	hard_negative	100.0	33.734939759036145	similar_name
S1-467385551	Ferris Pioneer Soren	NY, Briarcliff Manor, Unit Apartment D1K, 345 State Road	US	source3	S3-990033973	Ferris Pioneer Soren	304 Estate Drive, Apx, North Carolina	US	0	hard_negative	100.0	30.107526881720425	similar_name
S1-242272136	Nexsoft Inc	29608 120th Avenue, Peotone, IL	US	source2	S2-970892019	Nexsoft  Inc	SPARTA, 290 PLRK CIR, MO	US	0	hard_negative	95.65217391304348	25.454545454545453	similar_name
S1-826954455	Santella's Pub LLC	3656 Dockside Drive, Fauquier County, VA	US	source3	S3-541088407	The Santella's Pub LLC	Balcom Avenue, Bronx, New York	US	0	hard_negative	90.0	31.428571428571427	similar_name
S1-664383648	Allie Holiday Premier Internet, L.L.C.	8 Old Church Road, Wilmington, DE	US	source2	S2-721202197	Allie Holiday Premier Internet, Co	12 OLD CHURCH RD, WILMINGTON, DE	US	0	hard_negative	91.66666666666666	40.0	similar_name
S1-915409348	Lyra LLC	TX, Texas City, 209 Orchid Drive	US	source3	S3-252739882	Lyra LLC	545 Main St, Dothan, # Suite 312, Alabama	US	0	hard_negative	100.0	27.397260273972602	similar_name
S1-680736393	Cure Auto Body	8117 Cardin Drive, Austin, TX	US	source3	S3-615559518	Cure Auto Bódy	9724 Basket Ring Rd, Maryland, Columbia	US	0	hard_negative	92.85714285714286	32.35294117647059	similar_name
S1-827417332	Cozy Pizza	3637 135th Avenue, Portland, OR	US	source2	S2-500927837	Cozy Pizza	719A ASHFORD COURT, CINCINNATI, OH	US	0	hard_negative	100.0	27.692307692307693	similar_name
S1-757064973	Cordelia A. Garcia, M.D.	3106 33rd Terrace, Topeka, KS	US	source3	S3-618060173	Cordelia A. Garcia, M.D. Inc.	9202 Jewel Lane, Maple Grove, Minnesota	US	0	hard_negative	90.56603773584906	32.35294117647059	similar_name
S1-332184955	Creative Federal Fortress Group	5231 Cider Mill Lane, Indianapolis, IN	US	source2	S2-665061838	Creative Federal Fortress Corp	5234-5238 Cider Mill Ln, INDIANAPOLIS, IN	US	0	hard_negative	91.80327868852459	60.75949367088608	similar_name
S1-556801644	Firefighters Local Union 126	Moyock, 1516 Caratoke Highway, NC	US	source3	S3-596177908	Firefighters Local Union 126 Co	1525 1/2 Caratoke Hwy, Moyock, North Carolina	US	0	hard_negative	94.91525423728814	51.28205128205128	similar_name
S1-256159536	Nais LLC	17600 Lakesedge Trail, Chagrin Falls, OH	US	source2	S2-996082296	Nais  LLC		US	0	hard_negative	94.11764705882352	0.0	similar_name
S1-818795792	Liebig Stores LLC	13801 Parsons Bay Drive, Chesterfield County, VA	US	source3	S3-145223595	Liebig  Stores LLC	15806 Msa Boulevard, Humble, Texas	US	0	hard_negative	97.14285714285714	34.14634146341463	similar_name
S1-467385551	Ferris Pioneer Soren	NY, Briarcliff Manor, Unit Apartment D1K, 345 State Road	US	source3	S3-947149863	Ferris  Pioneer Soren	67 Evergreen St, New York, Corland	US	0	hard_negative	97.5609756097561	31.11111111111111	similar_name
S1-104949826	Cordell Equity Partners Corp	Beaumont, 2421 Neches Street, TX	US	source3	S3-442852099	Cordell Equity Partners	29769 Montebello Drive, Wilsonville, Oregon	US	0	hard_negative	90.19607843137256	29.333333333333332	similar_name
S1-723023899	Pazos and Delk Osprey, L.L.C.	OH, 2778 Sweetbriar Court, Toledo	US	source3	S3-200012079	Pazos And Delk Osprey, L.L.C.	4018 Danpree St, N/A, Pasadeena, Texas	US	0	hard_negative	96.55172413793103	28.169014084507037	similar_name
S1-775579795	Foot & Ankle Health	7700 Chelmsford Drive, Austin, TX	US	source2	S2-330870978	Foot & Ankle Health Co.	#1619 PARTRIDGE HILL DRIVE, TOWN OF OREGON, WI	US	0	hard_negative	90.47619047619048	17.721518987341767	similar_name
S1-761572592	Children's Society	7046 Southern Boulevard, Youngstown, OH	US	source3	S3-696178236	Children's Society VU	Prince William County, 8003a Duck Pond Terrace, Virginia, N/A	US	0	hard_negative	92.3076923076923	28.000000000000004	similar_name
S1-323462588	Soto's Better Fashion LLC	303 Cherry Circle, AR, Walnut Ridge	US	source2	S2-191742449	Soto's Betteer Fashion Co	1403 SCENIC RIDGE DR, COUNTY, WY	US	0	hard_negative	92.0	29.850746268656714	similar_name
S1-473163329	Bert's Prairie Towing	302 Bluegrass Circle, Mt Juliet, TN	US	source3	S3-938031141	The Bert's Prairie Towing	3000 Ashley Wade Lane, Chapel Hill, North Carolina	US	0	hard_negative	91.30434782608697	37.64705882352941	similar_name
S1-17506693	Coastal Association	14 Audry Lane, VT, Westford	US	source2	S2-36626535	Coastal Association Inc	WASHINGTON, 002800 WOODLEY ROAD, DC	US	0	hard_negative	90.47619047619048	19.354838709677423	similar_name
S1-162109893	Schaeffer Dental Associates	3911 Thistle Street, Seattle, WA	US	source3	S3-598441848	Schaeffer  Dental Associates Co	N20803. Hovell Ln, Fl 4285, Galesville, Wisconsin	US	0	hard_negative	93.10344827586206	29.629629629629626	similar_name
S1-929162605	3486 Fifth Ave Partners	TN, 1188 Whistler Drive, Cordova	US	source2	S2-901672739	3486 Fifth Ave Partners	513 E STREET, ARDMORE, OK	US	0	hard_negative	100.0	21.052631578947366	similar_name
S1-987483861	GM Massage	TX, Dallas, 8618 Forest Green Drive	US	source2	S2-159798472	GM Massage	7701 STORRIE PLAE, ALBUQUERQUE, NM	US	0	hard_negative	100.0	14.492753623188403	similar_name
S1-929162605	3486 Fifth Ave Partners	TN, 1188 Whistler Drive, Cordova	US	source3	S3-439992526	3486 Fifth Ave [Partners]	E St, Ardmoer, Oklahoma	US	0	hard_negative	95.83333333333334	32.72727272727273	similar_name
S1-858839511	Weizmann & Associates Pvt Ltd	Plot No-157, Pocke-H, Sector-5, Bawana Ind Area, Delhi, North West Delhi, Delhi	India	source3	S3-193883573	Weizmann & Assoeaftes Pvt Ltd		India	0	hard_negative	93.10344827586206	0.0	similar_name
S1-898541868	Mchale Bright Indonesia Inc	Henderson, 330 Courtney Cove, TN	US	source2	S2-799194304	Mchale Bright Indonesia LP	716 EDWARDS WALK DRIVE, CEDAR PARK, TX	US	0	hard_negative	90.56603773584906	19.999999999999996	similar_name
S1-723023899	Pazos and Delk Osprey, L.L.C.	OH, 2778 Sweetbriar Court, Toledo	US	source3	S3-995827580	Pazos and Dmokl Osprey, L.L.C.	Arizona, 1819 40st Saint, Unit 21, Phoenix	US	0	hard_negative	91.52542372881356	31.999999999999996	similar_name
S1-204824820	Heflin Unified Solutions LLC	220 Ater Avenue, Rogers, TX	US	source3	S3-763533397	Heflin Uiiged Solutions LLC	7675 Dixileta Dr, PMB 163, Scottsdale Kachina, Arizona	US	0	hard_negative	94.54545454545455	24.691358024691358	similar_name
S1-204824820	Heflin Unified Solutions LLC	220 Ater Avenue, Rogers, TX	US	source2	S2-437042860	Heflin Unified Solutions Corp	173 SHAMROCK COURT, CITY OF THOUSAND OAKS, CA	US	0	hard_negative	91.22807017543859	19.444444444444443	similar_name
S1-738777096	Adara Peart Arcelormittal	8103 Indiana Avenue, Lubbock, TX	US	source3	S3-88659151	Adara Peart árcelormittal	1040 Snowy Owl Drive, Alvarado, Texas	US	0	hard_negative	96.0	37.68115942028986	similar_name
S1-297458311	Swagat & Partners	South Delhi, Ground Floor, East Of Kailash, Delhi, New Delhi, 142	India	source2	S2-832371761	Swagat & Partners	A-93, ASHOKA ENCLAVE-II, FARIDABAD, Haryana	India	0	hard_negative	100.0	18.518518518518523	similar_name
S1-757064973	Cordelia A. Garcia, M.D.	3106 33rd Terrace, Topeka, KS	US	source2	S2-149619841	Cordelia A. Garcia, M.D. LLC	KS, 3109 33RD TER, TOPEKA	US	0	hard_negative	92.3076923076923	44.44444444444444	similar_name
S1-586702467	Pediatric Dental Physicians LLC	4836 Kildare Avenue, Chicago, IL	US	source3	S3-333796751	Pediatric Dental Physicians Corp	121 10 Avenue, Grand Marais, Minnesota	US	0	hard_negative	92.06349206349206	37.142857142857146	similar_name
S1-250549703	Kab (India) Services Private Limited	1St Floor, Yarandahalli Village Anekal Taluk Jigani Hobli, Bangalore, No 12, Bangalore, Karnataka	India	source2	S2-190498875	Kab (India) Services Private Ltd	B-32- ABC COMPLEX20 VEER SAVARKAR BLOCK SHAKARPUR, NEW DELHI, दिल्ली	India	0	hard_negative	94.11764705882352	18.181818181818176	similar_name
S1-409151453	Rogel, Newcomb and Saunders PLLC	4149 Lister Avenue, Kansas City, MO	US	source3	S3-876515994	Rogel, Newcomb and Saunders Ltd	1830 Mliey Lane, Harlingen, Texas	US	0	hard_negative	92.06349206349206	38.23529411764706	similar_name
S1-565375960	Europa Academy	20 E Community Centre Munirka Marg Vasant Vihar Near Nerulas, New Delhi, South West Delhi, Delhi	India	source3	S3-519460844	Europa Academy	No 734 Shp No 4, Aalap Chs Ltd, Shantilal Modi Road, Near Hdfc Bank, Kandivali (W), Mumbai City, Mumbai, MH	India	0	hard_negative	100.0	34.48275862068966	similar_name
S1-603814016	Beth Emanuel	801 Erika Avenue, Fayetteville, AR	US	source2	S2-755181811	Beth  Emanuel	MT, WHITEFISH, 300 AKERS LN	US	0	hard_negative	96.0	22.95081967213115	similar_name
S1-341164153	Falcon	6020 Galway Avenue, Sioux Falls, SD	US	source2	S2-273232089	Falcon,	MONONA ST, BOONE, IA	US	0	hard_negative	92.3076923076923	21.818181818181813	similar_name
S1-105934567	Belliveau Keystone Krakacquisition L.L.C.	5100 Highbridge Street, Unit Unit 53C, Manlius, NY	US	source2	S2-930081039	Belliveau Keystone  Krakacquisition Llc	LONGHORN TRL, MCALESTER, OK	US	0	hard_negative	90.0	18.181818181818176	similar_name
S1-722266087	Supply	3630 B Street, Tacoma, WA	US	source3	S3-199483588	Supply	1840 Culbertson Avenue, New Albany, Indiana	US	0	hard_negative	100.0	29.411764705882348	similar_name
S1-252348713	Loren Sanchez Better Genesis LLC	541 D Street, Dixon, CA	US	source3	S3-257174771	Loren Sanchez Better Genesis	1829 1/2 Marion Street, Unit 502, Shelby, North Carolina	US	0	hard_negative	93.33333333333333	37.9746835443038	similar_name
S1-66317456	Behavioral Health Royal Physicians LLC	531 Horizon Drive, Saint Charles, IL	US	source3	S3-303156537	Behavioral Health  Physicians LLC	106 Margot Ln, Spicewood, Texas	US	0	hard_negative	92.95774647887323	35.820895522388064	similar_name
S1-394544733	Leone's Media	4126 24th Avenue, Temple Hills, MD	US	source3	S3-606424276	Leone's Media		US	0	hard_negative	100.0	0.0	similar_name
S1-967588620	Raffaele Desert Innovative, LLC	2840 -A Sh 19, Trinity, TX	US	source2	S2-130884803	Raffaele Desert Inovati,e LLC	TX, HOUSTON, 4030 COLQUITT STREET	US	0	hard_negative	93.33333333333333	23.728813559322038	similar_name
S1-550348281	2-Sons Corp	1406 Alvarado Street, Carlsbad, NM	US	source3	S3-644552769	2-Sons Corp	1108 Bank Side Circle, Edmond, Oklahoma	US	0	hard_negative	100.0	38.35616438356164	similar_name
S1-988226004	Shivam Global Private Limited	Ka-99, Ghaziabad, Uttar Pradesh	India	source3	S3-390452736	Shivam Global Private-Limited	No ##633 140, Navyug Market, Ghaziabad, उत्तर प्रदेश	India	0	hard_negative	96.55172413793103	36.14457831325302	similar_name
S1-109057893	Everest LLC	53 Joel Drive, Mogadore, OH	US	source2	S2-146211572	Everest LLC	03 JORDAN STREET, NC, BREVARD	US	0	hard_negative	100.0	28.57142857142857	similar_name
S1-204824820	Heflin Unified Solutions LLC	220 Ater Avenue, Rogers, TX	US	source3	S3-501347112	Heflin Unified Solutions Llc	Tulsa, Oklahoma, 4714 Eighth Street	US	0	hard_negative	92.85714285714286	19.354838709677423	similar_name
S1-221295642	Vaayuraj India Private Limited	Sanatan Co-Operative Colony, Sector 8, Bh Colony, Kankarbagh, Patna, Bihar	India	source2	S2-55984976	Vaayuraj India Private [Limited]	SHOP NO. 113, TIRUPATI COMPLEX, BEHIND SANGAM HOTEL, OPP. DEPOT BUS STAN, D, JHUNJHUNU, Rajasthan	India	0	hard_negative	96.7741935483871	24.561403508771928	similar_name
S1-235593041	Red Deli	16 Hale Court, Glendale Heights, IL	US	source3	S3-407349459	Red Deli	314 Duncan Street, # # 3, Stillwater, Oklahoma	US	0	hard_negative	100.0	32.098765432098766	similar_name
S1-412415327	Management Vjv International Private Limited	C/O-Dhananjay Kumar Bhushan, Ft No.213, Bloch D, Swablambi Residencr, Daudbigha, Kumhrar, Patna, Bihar	India	source3	S3-509173864	Management Ksp International Private-Limited	Hyderabad, 520, TG	India	0	hard_negative	90.9090909090909	18.333333333333336	similar_name
S1-398345245	Nais LLC	34 Pine Ridge Drive, Nobleboro, ME	US	source3	S3-804714125	Nais LLC	5940 Prairie Wood Dr, Mc Farland, Wisconsin	US	0	hard_negative	100.0	38.961038961038966	similar_name
S1-650377517	Balaji It Private Limited	S-208, Basement, Greater Kailash Part Ii, New Delhi, South Delhi, Delhi	India	source3	S3-27684238	Balaji Info Private Limited	Hn 27 B.no 1 Of A01. Sr No 230/5A Vaijnath V Shakar Gruhnirman Sansth M. Sawedi, Ahmednagar, MH	India	0	hard_negative	92.3076923076923	32.53012048192772	similar_name
S1-804488246	ABG Syrian Private Limited	Hillcrestawingfn2504Hira, Nandanicmplxakshyngrbegur, Bangalore South, Bangalore, Karnataka	India	source2	S2-637453677	ABG Syrian Private [Limited]	NO. 616 PLOT NO. D, INDUSTRIAL AREA, FOCAL POINT, S.A.S.NAGAR (MOHALI), Punjab	India	0	hard_negative	96.2962962962963	14.28571428571429	similar_name
S1-661694951	Shaikpet Technologies	P N 849, Sy11, 11/14To11/17, R N 45, Serilingampally, Shaikpet, Hyderabad, Telangana	India	source2	S2-418420812	Shaikpet Technologies LLP	P N 856, SY11, 11/14TO11/17, R N 45, SERILINGAMPALLY, SHAIKPET, Telangana	India	0	hard_negative	91.30434782608697	62.42038216560509	similar_name
S1-889543721	Gangendra Products Limited	483/7 Back Side Bus Stand, Ludhiana, Punjab	India	source2	S2-749128932	Gangendraer Products Limited	H.NO 483/12 BACK SIDE BUS STAND, LUDHIANA, <NULL>, ਪੰਜਾਬ	India	0	hard_negative	96.2962962962963	34.34343434343434	similar_name
S1-85018503	Cole Trusted Micro	2201 Comanche Drive, Unit 2027, Chandler, AZ	US	source3	S3-182964306	Cole Trústed Micro	9 Walker Drive, Upton, Massachusetts	US	0	hard_negative	94.44444444444444	42.50000000000001	similar_name
S1-127849041	Martinez Endocrinology	1304 2nd Street, Conover, NC	US	source2	S2-150401623	Martinez Endocrinology LLC	421 GREGORY BOULEVARD, KANSAS CITY, MO	US	0	hard_negative	91.66666666666666	24.242424242424242	similar_name
S1-556801644	Firefighters Local Union 126	Moyock, 1516 Caratoke Highway, NC	US	source2	S2-678623165	Firefighters  Local Union 528	708  MARYKNOLL DRIVE, LOCKPORT CITY, IL	US	0	hard_negative	91.22807017543859	19.444444444444443	similar_name
S1-442618805	Womens Health Group	101 Clinton Avenue, Unit Apartment 1D, Mineola, NY	US	source3	S3-396903975	Womens Health  Group	Walnut Ave, Dundalk, Maryland	US	0	hard_negative	97.43589743589743	40.50632911392405	similar_name
S1-565375960	Europa Academy	20 E Community Centre Munirka Marg Vasant Vihar Near Nerulas, New Delhi, South West Delhi, Delhi	India	source3	S3-806653149	Europa Academy	No 4/275, KL, Malapuram, Malappuram, Kottookkaran House Kannamangalam, Cherur P O, Malappuram	India	0	hard_negative	100.0	31.746031746031743	similar_name
S1-15731471	Jain Builders Private Limited	C/O Kaushal Prasad Dwivedi Dadari Nougava Dandi, Allahabad, Uttar Pradesh	India	source3	S3-984272495	M/s Jain Builders Private Limited	H.no 32-26-126A/5, Room No.503, Fifth Floor Milk House, Opp. Bsnl Office, Eluru Road, C, Huttugunta, Vijayawada, Srikakulam, AP	India	0	hard_negative	93.5483870967742	27.0	similar_name
S1-757064973	Cordelia A. Garcia, M.D.	3106 33rd Terrace, Topeka, KS	US	source3	S3-347042600	Cordelia A. Garcia, M.D.	814 Trinity Drive, N/A, Helena-West Helena, Arkansas	US	0	hard_negative	100.0	29.629629629629626	similar_name
S1-848850726	Children Producer (India) Ltd	640/4A Near Carmel School, Jonabanda Road, Karapalli, Hosur, Krishnagiri, Dharmapuri, Tamil Nadu	India	source2	S2-502067734	Children Producer  (India) Limited	0-1303, FLOOR 13. MARATHON OMEGA, SENAPATI BAPAT LOWER PAREL DELISLE ROAD, MUMBAI, महाराष्ट्र	India	0	hard_negative	92.06349206349206	16.93121693121693	similar_name
S1-162109893	Schaeffer Dental Associates	3911 Thistle Street, Seattle, WA	US	source2	S2-253053123	-- Schaeffer Dental Associates LP	1647 CAROLYN DR, FAYETTEVILLE, AR	US	0	hard_negative	90.0	24.615384615384617	similar_name
S1-263947537	Literacy Ministries LLC	Wichita, KS, Unit APT 3, 234 Acadia Avenue	US	source3	S3-550517387	Literacy Ministries	2319 Bonn Ave, Fl 0, Wichita, Kansas	US	0	hard_negative	90.47619047619048	30.76923076923077	similar_name
S1-162109893	Schaeffer Dental Associates	3911 Thistle Street, Seattle, WA	US	source2	S2-368589906	Schaeffer Dental Associates Corp	13075- 130TH STREET, COLLINSVILLE, OK	US	0	hard_negative	91.52542372881356	28.985507246376805	similar_name
S1-252348713	Loren Sanchez Better Genesis LLC	541 D Street, Dixon, CA	US	source2	S2-963860937	Loren Sanchez Bétter Genesis, LLC	SHEPHERDSTOWN, WV, 1134 COMSTOCK DR	US	0	hard_negative	95.38461538461537	24.13793103448276	similar_name
S1-761315445	Liberty Family Practice	1875 Ankeny Boulevard, Unit Suite 105, Ankeny, IA	US	source2	S2-189135165	Liberty Family Practice Ltd.	1879 Ankeny Boulevard, ANKENY, IA	US	0	hard_negative	90.19607843137256	65.85365853658536	similar_name
S1-337389647	Balaji Solutions Private Limited	F 173 Rp Colony Talkatora Road, Lucknow, Uttar Pradesh	India	source2	S2-507841515	Balaji Soltiuionns Private Limited	PLOT 40/17, PHASE-1 STATION ROAD, GIDC, VATVA, AHMEDABAD, ગુજરાત	India	0	hard_negative	93.93939393939394	22.033898305084744	similar_name
S1-851933645	Boone and Guerrero LLC	1009 Ridgeview Drive, Inverness, IL	US	source2	S2-166575600	Boone and Guerrero Co	1020 1/2 Ridgeview Drive, INVERNESS, IL	US	0	hard_negative	93.02325581395348	70.27027027027026	similar_name
S1-289764037	Alison Fairbanks Electricity LLC	207 Cole Street, Sanford, NC	US	source2	S2-649929312	Alison Fáirbanks Electricity	93 CAROLINA LN, PO BOX 974, BRNSVILLE, NC	US	0	hard_negative	90.0	28.985507246376805	similar_name
S1-44774436	Odeh School of Medicine Care	99 Bowen Lane, Apple Grove, WV	US	source2	S2-851042462	Odeh School of Medicine	148. LITTLE JOHN DRIVE, REDFIELD, NY	US	0	hard_negative	90.19607843137256	18.181818181818176	similar_name
S1-270180527	GA Fargo, LLC	Fort Wayne, 10110 Tumbleweed Boulevard, IN	US	source2	S2-362097541	GA Fargo,-LLC	IL, #25 102ND ST, CHICAGO	US	0	hard_negative	92.3076923076923	26.865671641791046	similar_name
S1-134763903	Meis LLC	Meyers Lake, OH, 1705 Sinclair Drive	US	source2	S2-648468156	Meis LLC	BLANCHARD, 02223 MARDIS CT, OK	US	0	hard_negative	100.0	24.242424242424242	similar_name
S1-818795792	Liebig Stores LLC	13801 Parsons Bay Drive, Chesterfield County, VA	US	source2	S2-831394161	Liebig Stóres LLC	#1294 AMANDA CIR, ELGIN, IL	US	0	hard_negative	94.11764705882352	21.333333333333336	similar_name
S1-679198638	St. Presbyterian Church	4459 Pennsylvania Avenue, Kansas City, MO	US	source3	S3-206448132	St. Presbyterian ((Church))	142 1/2 Fox Gap Rd, Miles Twp, Pennsylvania	US	0	hard_negative	92.0	33.333333333333336	similar_name
S1-252348713	Loren Sanchez Better Genesis LLC	541 D Street, Dixon, CA	US	source3	S3-82096467	Loren Sanchez Better Genesis, Llc	##1311 Sugarbun Way, Houston, Texas	US	0	hard_negative	92.3076923076923	34.48275862068966	similar_name
S1-252348713	Loren Sanchez Better Genesis LLC	541 D Street, Dixon, CA	US	source3	S3-847622574	Loren Sanchez  Better Genesis LLC	17355a 134th St, Renton, Washington	US	0	hard_negative	98.46153846153847	41.379310344827594	similar_name
S1-204824820	Heflin Unified Solutions LLC	220 Ater Avenue, Rogers, TX	US	source3	S3-253329197	Heflin Unified Solutions [LLC]	7675 Dixileat Drive, Arizona, Floor 1, Scottsdale	US	0	hard_negative	96.55172413793103	31.57894736842105	similar_name
S1-757064973	Cordelia A. Garcia, M.D.	3106 33rd Terrace, Topeka, KS	US	source3	S3-40670591	Cordelia A. Gárcia, M.D.	007 Chandler Dr, Sacramento, California	US	0	hard_negative	95.83333333333334	38.23529411764706	similar_name
S1-905852984	Blue Universal Limited	Ground Floor, Block E, Plot No 44, Prem Nagar, Najafgarh New Delhi, New Delhi, South West Delhi, Delhi	India	source2	S2-148695920	Blue Universal Límited	PLOT NO- H44, (SUITE NO- 405), SECTOR- 63, NOIDA UTTAR PRADESH, NOIDA, Uttar Pradesh	India	0	hard_negative	95.45454545454545	30.107526881720425	similar_name
S1-726699981	Svar East Pvt Ltd	Plot No. 291, Gali No. 9, Defence Colony, Bhondsi, Gurgaon, Haryana	India	source2	S2-344386378	Svar East Pvt Ltd.	90, MOWBRAY'S ROAD., MADRAS-18., CHENNAI, Tamil Nadu	India	0	hard_negative	97.14285714285714	25.210084033613445	similar_name
S1-205484367	Lotus Tech Private Limited	B-504&505 The First, B/S, Keshavbaug Party Plot, Ahmadabad City, Ahmedabad, Gujarat	India	source2	S2-346900578	Lotus Techaooy Private Limited	FLAT NO.1114, 11TH FLOOR, NEW DELHI HOUSE 27, BARAKHAMBA ROAD, Delhi	India	0	hard_negative	92.85714285714286	22.51655629139073	similar_name
S1-844749518	Raven Co	4385 Pleasant Ridge Road, Marietta, OH	US	source3	S3-723968014	Raven Co	201 Saratoga Avenue, Brooklyn, New York	US	0	hard_negative	100.0	31.16883116883117	similar_name
S1-858839511	Weizmann & Associates Pvt Ltd	Plot No-157, Pocke-H, Sector-5, Bawana Ind Area, Delhi, North West Delhi, Delhi	India	source2	S2-786420716	Weizmann + Associates  Pvt Ltd	NO. 99 16-2-227/1&2, FIRST FLOOR, HYDERNAGAR, VASANTH NAGAR, QUTUBULLAPUR, తెలంగాణ	India	0	hard_negative	94.91525423728814	22.360248447204967	similar_name
S1-723811093	Bison, LLC	6177 Snowy River Place, City Of El Paso, TX	US	source3	S3-579560092	Bison LLC	Murrells Gap Rd, Bedford, Virginia	US	0	hard_negative	94.73684210526316	23.376623376623375	similar_name
S1-811460556	Boston, Petty and Drake LP	6799 177th Street, Hugo, MN	US	source3	S3-690400592	Boston Petty and Drake LLC	17381 Gettysburg Way, Lakeville, Minnesota	US	0	hard_negative	92.3076923076923	28.985507246376805	similar_name
S1-790201053	Pinnacle LLC	1680 Danby Road, Danby, NY	US	source3	S3-222777199	Pinnacle LLC	9521 225, Nacogdoches, Texas	US	0	hard_negative	100.0	29.629629629629626	similar_name
S1-738777096	Adara Peart Arcelormittal	8103 Indiana Avenue, Lubbock, TX	US	source3	S3-357816430	Adara Peart Arcelormittal LP	Maryland, 2613 Nicholson St, Hyattsville, Unit 101	US	0	hard_negative	94.33962264150944	26.82926829268293	similar_name
S1-89187693	Scholarship Ministries	2204 Mountain View Drive, Vestavia Hills, AL	US	source3	S3-820523390	Scholarship Ministries	120 Valentine Place, Ithaca, Unit Unit 4043, New York	US	0	hard_negative	100.0	39.175257731958766	similar_name
S1-199623200	Oncology Physicians	1552 400, Orem, UT	US	source2	S2-78971034	Oncology Physicians LLC	1555 400, OREM, UT	US	0	hard_negative	90.47619047619048	77.77777777777779	similar_name
S1-775579795	Foot & Ankle Health	7700 Chelmsford Drive, Austin, TX	US	source3	S3-75639657	Foot & Ankle Health	609 Brazos Street, Victoria, Texas	US	0	hard_negative	100.0	38.80597014925373	similar_name
S1-718960728	Smart Institute of Technology Pvt. Ltd.	38/450 Cochin Corporationist Floor Albees Antony Estate Near South Railway Station, M G Road P O Ernakulam, Idukki, Kerala	India	source3	S3-97363117	Smart Institute of Technology Exports Pvt. Ltd.	H.no 38/45 Cochin Corporationist Floor Albees Antony Estate Near South Railway Station, NULL, M G Road P O Ernakulam, Thrissur, KL	India	0	hard_negative	90.69767441860466	88.09523809523809	similar_name
S1-242272136	Nexsoft Inc	29608 120th Avenue, Peotone, IL	US	source2	S2-221242689	Nexsoft  Inc	BRISTOL RD, BRISTOL, ME	US	0	hard_negative	95.65217391304348	18.518518518518523	similar_name
S1-723023899	Pazos and Delk Osprey, L.L.C.	OH, 2778 Sweetbriar Court, Toledo	US	source2	S2-62035019	Pazos and Deak Osprey, L.L.C.	481 SHADY DELL TRAIL, TN, PO BOX 5819, KNOXVILEL	US	0	hard_negative	96.55172413793103	17.28395061728395	similar_name
S1-12278460	Enix LLC	3310 Cheverly Avenue, Hyattsville, MD	US	source2	S2-244695251	Enix LLC		US	0	hard_negative	100.0	0.0	similar_name
S1-133195295	Electricians Union Local No 140	1513 Cou Falls Rd NW, Swisher, IA	US	source3	S3-909145703	Electricians Union Local  No 18	01091 Woodbriar St, Clayton, North Carolina	US	0	hard_negative	93.5483870967742	28.947368421052634	similar_name
S1-825323709	Hatty Williams Patriot Mckinley LLC	1122 Eastern Trail, Village Of Mukwonago, WI	US	source2	S2-231461129	Hatty Williams Patriot Mckinley (Co)	1133 EASTERN TRAIL, MUKWONAGO CIY, WI	US	0	hard_negative	92.95774647887323	34.5679012345679	similar_name
S1-432787860	Saify Inc.	4024 Hackmore Loop, Irving, TX	US	source2	S2-258850833	Saify Inc	307 QUARRY SPRING DR, SAN MARCOS, TX	US	0	hard_negative	94.73684210526316	27.27272727272727	similar_name
S1-726699981	Svar East Pvt Ltd	Plot No. 291, Gali No. 9, Defence Colony, Bhondsi, Gurgaon, Haryana	India	source3	S3-971833606	Svar East Pvt Ltd.	H.no 908 90, Mowbray's Road., Madras-18., Chennai, தமிழ்நாடு	India	0	hard_negative	97.14285714285714	31.496062992125985	similar_name
S1-515078235	Sudesh (India) Chits Private Limited	H. No. 2773/1, Kadappa Mala, Kabnoor, Hatkanangle, Kolhapur, Maharashtra	India	source2	S2-480023974	Sudesh (India) Chits Pivaste Limited	SNO.77/1/39., RAHATANI, OPP. M.M. VIDYA MANDIR, PUNE, Maharashtra	India	0	hard_negative	97.22222222222221	39.41605839416058	similar_name
S1-757064973	Cordelia A. Garcia, M.D.	3106 33rd Terrace, Topeka, KS	US	source3	S3-404031929	Cordelia A. Garcia,  M.D.	9202 Jewel Ln, Maple Grove, Minnesota	US	0	hard_negative	97.95918367346938	30.303030303030297	similar_name
S1-777035459	Cobalt	191 Arrowhead Loop, Pittsboro, NC	US	source2	S2-465329361	Cobalt,	274 WALNUT STREET, BEARDEN, AR	US	0	hard_negative	92.3076923076923	22.22222222222222	similar_name
S1-105934567	Belliveau Keystone Krakacquisition L.L.C.	5100 Highbridge Street, Unit Unit 53C, Manlius, NY	US	source3	S3-246512488	Belliveau Keystone Krakacquisition LLC	5430 Prescott Street, Portland, Oregon	US	0	hard_negative	96.20253164556962	43.18181818181818	similar_name
S1-529691318	Obsidian Inc	52 Broad Street, Unit Apartment A, Plattsburgh, NY	US	source2	S2-423520931	Obsidian, Inc	6207 HEATHERBLOOM DR, HOUSTON, TX	US	0	hard_negative	96.0	21.68674698795181	similar_name
S1-978702575	Scholarship League	1826 Dominic Lane, Houston, TX	US	source3	S3-588576858	Scholarship League	122 Irving St, Norfolk City, Virginia	US	0	hard_negative	100.0	35.820895522388064	similar_name
S1-256159536	Nais LLC	17600 Lakesedge Trail, Chagrin Falls, OH	US	source3	S3-705339602	Nais  LLC	769- Bandit Trail, Texas, Keller	US	0	hard_negative	94.11764705882352	47.22222222222222	similar_name
S1-356099338	Briscoe Brand LLC	2388 Braxton Bragg Drive, Murfreesboro, TN	US	source2	S2-555205724	Briscoe Bránd LLC	5082 JACOBS CT, OAK PARK, CA	US	0	hard_negative	94.11764705882352	22.857142857142854	similar_name
S1-761572592	Children's Society	7046 Southern Boulevard, Youngstown, OH	US	source3	S3-645004703	Children's Society	Glenheath St, Houston, Texas	US	0	hard_negative	100.0	41.7910447761194	similar_name
S1-15731471	Jain Builders Private Limited	C/O Kaushal Prasad Dwivedi Dadari Nougava Dandi, Allahabad, Uttar Pradesh	India	source2	S2-475091624	Jain Builders Private Ltd	33 , V MALL, THAKUR COMPLEX, NEAR SAIDHAM, KANDIVALI (EAST), MUMBAI, N/A, महाराष्ट्र	India	0	hard_negative	92.5925925925926	20.382165605095537	similar_name
S1-120433391	Ivenelle Boral	1050 Vine Street, Paris, KY	US	source3	S3-291951337	Ivenelle Boral	315 Civic Center Dr, Augusta, Maine	US	0	hard_negative	100.0	41.93548387096774	similar_name
S1-646570575	1343 Jefferson Street Realty LLC	825 Midwood Drive, City Of Burlington, WI	US	source3	S3-896371459	1343 Jefferson Street Realty LLC	29632 Legends Line Drive, Spring, Texas	US	0	hard_negative	100.0	42.50000000000001	similar_name
S1-36982360	Highland Guild	1535 Mc Cord Street, Fl 1, Centralia, IL	US	source2	S2-681167988	Highland Guild Co	##1542 MC CORD ST, CENTRALIA, IL	US	0	hard_negative	90.32258064516128	41.666666666666664	similar_name
S1-550348281	2-Sons Corp	1406 Alvarado Street, Carlsbad, NM	US	source3	S3-805929412	2-Sons Corp	1403 Bradshaw Drive, null, Salina, Kansas	US	0	hard_negative	100.0	45.333333333333336	similar_name
S1-409151453	Rogel, Newcomb and Saunders PLLC	4149 Lister Avenue, Kansas City, MO	US	source2	S2-604950107	Rogel, Néwcomb and Saunders Co	83 NINTH ST, NORTH CANTON, OH	US	0	hard_negative	90.32258064516128	28.125	similar_name
S1-432787860	Saify Inc.	4024 Hackmore Loop, Irving, TX	US	source3	S3-268906652	Saify Inc		US	0	hard_negative	94.73684210526316	0.0	similar_name
S1-344946091	Vision Care Associates PC	MO, Taneyville, 2653 Ff	US	source2	S2-778677014	Vision Care Associates of	60 PROSPECT ST, NANTUCKET, MA	US	0	hard_negative	92.0	23.076923076923073	similar_name
S1-987483861	GM Massage	TX, Dallas, 8618 Forest Green Drive	US	source3	S3-227799021	GM Massage	41 Elm Avenue, Wellston, Oklahoma	US	0	hard_negative	100.0	26.470588235294112	similar_name
S1-799122367	Pinnacle Newhold LLC	506 64th Street, Mesa Falcon Field, AZ	US	source2	S2-119156519	Pinnacle Newhold LP	MARLBOROUGH, 334 MAIN STREET, MA	US	0	hard_negative	92.3076923076923	22.857142857142854	similar_name
S1-109057893	Everest LLC	53 Joel Drive, Mogadore, OH	US	source2	S2-358107303	Everest LLC	6977 8, WIRT, NY	US	0	hard_negative	100.0	23.25581395348837	similar_name
S1-71167071	Jannelle Brown Piedmont Investments Group	3782 Harner Road, Mantua, OH	US	source2	S2-420528942	Jannelle Brown  Piedmont Investments Group	961 TAMAULIPAS, RIO RICO, AZ	US	0	hard_negative	98.79518072289156	21.42857142857143	similar_name
S1-908933448	Nexify Partners	20202 Austin Road, Colbert, WA	US	source3	S3-146087930	Nexify Partners	233 1/2 Pontiac Dr, Monticell OCDP, Iowa	US	0	hard_negative	100.0	34.285714285714285	similar_name
S1-656746254	Peridon York	SC, 211 Heritage Boulevard, Unit 207, Fort Mill	US	source2	S2-159748049	Peridon [York]	TX, PO BOX 5358, DALLAS, 10912 LNUA ROAD	US	0	hard_negative	92.3076923076923	22.988505747126442	similar_name
S1-337744864	Ear Nose & Throat Associates Co	23224 Fain Road, Elkmont, AL	US	source3	S3-642297050	Ear Nose & Throat Associates	37420 Dritfwood Dr, Accomack County, Virginia	US	0	hard_negative	94.91525423728814	38.35616438356164	similar_name
S1-529691318	Obsidian Inc	52 Broad Street, Unit Apartment A, Plattsburgh, NY	US	source2	S2-935735051	Obsidian Inc.	86 UNDINE ROAD, BRIGHTON, MA	US	0	hard_negative	96.0	20.512820512820518	similar_name
S1-590842143	Polaris News Associates	308 1st Avenue, St John, KS	US	source2	S2-381842069	Polaris News Associates Ltd	321 1/2 1ST AVENUE, ST JOHN, KS	US	0	hard_negative	92.0	48.275862068965516	similar_name
S1-990713855	Al Products Private Limited	46 1St Cross Road, Brindavana Nagara Phase 2, Bangalore North, Bangalore, Karnataka	India	source2	S2-878071614	Al Products Private-Limited	H.NO 221 C 41/400, NARAHI, LUCKNOW, Uttar Pradesh	India	0	hard_negative	96.2962962962963	27.27272727272727	similar_name
S1-702932398	Senet	593 Stratmore Street, New Carlisle, OH	US	source3	S3-987435728	Senet	1322 Hudspeth Avenue, Dallas, Texas	US	0	hard_negative	100.0	35.61643835616438	similar_name
S1-540231599	Saint Israel	1521 Graduate Lane, Unit 303, Raleigh, NC	US	source2	S2-9579798	Saint  Israel	45 HIGH ST, COLUMBUS TOWNSHIP, OH	US	0	hard_negative	96.0	27.027027027027028	similar_name
S1-741607279	Solyn National Associates	11793 Herodian Drive, Rancho Cordova, CA	US	source3	S3-749652416	Solyant National Associates	11793 Herodian Dive, NULL, Rancho Cordova, California	US	0	hard_negative	96.15384615384616	81.72043010752688	similar_name
S1-42795862	Vega, LLC	229 Hayden Avenue, Rainbow City, AL	US	source2	S2-191851772	Vega LLC	3562 149TH AVE, ND, BISMARCK	US	0	hard_negative	94.11764705882352	31.746031746031743	similar_name
S1-962729800	Electricians Union Local No 75 P.C.	Pittsfield, MA, 117 Fenn Street	US	source3	S3-834188758	Electricians Union Local No 74 Co.	712 65rd Street, Seattle, Washington	US	0	hard_negative	92.7536231884058	26.865671641791046	similar_name
S1-199709372	Natwest Diamond Private Limited	K.V.V.Shanga Buildingyelmudi, Puttur, Dak. Kannada, Karnataka	India	source3	S3-42868180	Natwest Diamond Private Limited	J First Block, House No. 104, Gali No. 8 Near Vir Bazar, Sangam Vihar, South, New Delhi, DL	India	0	hard_negative	100.0	26.315789473684216	similar_name
S1-679198638	St. Presbyterian Church	4459 Pennsylvania Avenue, Kansas City, MO	US	source2	S2-937689352	St. Presbyterian Church Corp	1029 PUEBLO ST, MISSION, TX	US	0	hard_negative	90.19607843137256	23.529411764705888	similar_name
S1-280103121	Milton & Co	Kh No-50/9, Raj Nagar Ii, Palam Colony, New Delhi, Delhi	India	source3	S3-128951297	Milton & Có	12, Pardi, F - 01, First Floor, Vishwas Apprt. H.b. Town, Bhandara Road, Nagpur, MH	India	0	hard_negative	90.9090909090909	28.776978417266186	similar_name
S1-94587404	Vetecex Group	274 Elliott Street, Coquille, OR	US	source2	S2-537317398	Vetecex Gróup	2761 STOCKTON BOULEVARD, PO BOX 1680, SACRAMENTO, CA	US	0	hard_negative	92.3076923076923	23.809523809523814	similar_name
S1-26111971	Haubrich and Showalter Corp	3311 Evans Street, Morehead City, NC	US	source2	S2-876261927	Haubrich and Showalter-Corp	FLORIDA AVENUE, WASHINTGON, DC	US	0	hard_negative	96.2962962962963	21.212121212121215	similar_name
S1-702932398	Senet	593 Stratmore Street, New Carlisle, OH	US	source2	S2-633126575	Senet	1950 CARDINAL RD, null, MURPHY, NC	US	0	hard_negative	100.0	27.77777777777778	similar_name
S1-655264958	Kittle Alliance	1429 Glancey Street, Andover, KS	US	source2	S2-32627163	Kittle Alliance	CURTIS RD, ME, PORTLAND	US	0	hard_negative	100.0	18.181818181818176	similar_name
S1-723023899	Pazos and Delk Osprey, L.L.C.	OH, 2778 Sweetbriar Court, Toledo	US	source3	S3-713503242	Pazos and-Delk Osprey, L.L.C.	4018 Danpree St, N/A, Pasadeena, Texas	US	0	hard_negative	96.55172413793103	28.169014084507037	similar_name
S1-290655919	Apex Om Food Private Limited	401, Ambika Pinnacle, Chorasi, Surat, Gujarat	India	source3	S3-805833364	Apex Food Pirivate Limited		India	0	hard_negative	92.5925925925926	0.0	similar_name
S1-723023899	Pazos and Delk Osprey, L.L.C.	OH, 2778 Sweetbriar Court, Toledo	US	source3	S3-429869651	Pazos and Delk 0sprey, LLC	026 Jewels Dr, Sulligent, Alabama	US	0	hard_negative	90.9090909090909	33.333333333333336	similar_name
S1-777035459	Cobalt	191 Arrowhead Loop, Pittsboro, NC	US	source3	S3-215258177	Cobalt	608B Curtis Street, Springdale, Arkansas	US	0	hard_negative	100.0	24.65753424657534	similar_name
S1-311135946	Ninon Wertz Optimal Municipal	2226 Plateau Road, Crossville, TN	US	source3	S3-375460510	Ninon Wertz Optimal Municipal Co	2235 Plateau Rd, Crossville, Tennessee	US	0	hard_negative	95.08196721311475	78.87323943661973	similar_name
S1-848850726	Children Producer (India) Ltd	640/4A Near Carmel School, Jonabanda Road, Karapalli, Hosur, Krishnagiri, Dharmapuri, Tamil Nadu	India	source3	S3-398505274	Children Producer (India)	ગુજરાત, Vimleshwar Society Near Balaji Hospital, Subhanpura, 24-A, Vadodara	India	0	hard_negative	92.5925925925926	36.25730994152047	similar_name
S1-256159536	Nais LLC	17600 Lakesedge Trail, Chagrin Falls, OH	US	source2	S2-701657178	Nais PLLC	512 ELLISON COUTR, FREDERICK, MD	US	0	hard_negative	94.11764705882352	27.77777777777778	similar_name
S1-918703073	Internal Medicine Physicians LLC	288 June Chapel Road, Cookeville, TN	US	source2	S2-270912257	Internal Medicine Physicians Co	1304 M STREET, WASHINGTON, DC	US	0	hard_negative	95.23809523809523	21.53846153846154	similar_name
S1-37523480	Sebriia Inc.	AZ, Tucson, 13651 La Cebadilla	US	source2	S2-915847009	Sebriia  Inc	31 COLIGNI AVE, NEW ROCHELLE, NY	US	0	hard_negative	91.66666666666666	19.354838709677423	similar_name
S1-646570575	1343 Jefferson Street Realty LLC	825 Midwood Drive, City Of Burlington, WI	US	source2	S2-469618107	1343 Jefferson Street Realty Corp	452 JONATHAN STREET, HAGERSTOWN, MD	US	0	hard_negative	92.3076923076923	21.052631578947366	similar_name
S1-533030291	Secunderabad Solution Private Limited	Office Nos.303A, Telangana, Secunderabad, Hyderabad, Mayfair Complex M.No.1-8-303/34, S.P. Road	India	source2	S2-542259981	Secunderabad Solutions Private Ltd	PLOT 827 9-3-71, FIRST FLOOR, REZIMENTAL BAZAR OPP SHALIMAR HOTEL, SECUNDERABAD, Telangana	India	0	hard_negative	92.95774647887323	19.45945945945946	similar_name
S1-282867099	Cinder	1674 Sandy Creek Road, Rock Island, TX	US	source2	S2-819394291	Cinder	9055 AUTUMN WOODS DR, INDIANAPOLIS CCITY, IN	US	0	hard_negative	100.0	24.390243902439025	similar_name
S1-804488246	ABG Syrian Private Limited	Hillcrestawingfn2504Hira, Nandanicmplxakshyngrbegur, Bangalore South, Bangalore, Karnataka	India	source3	S3-913551213	Abg Syrian Private Limited	House No - 705, Delhi, West Delhi, DL	India	0	hard_negative	92.3076923076923	23.62204724409449	similar_name
S1-466365574	Bright Book Store PLLC	2900 Lonsdale Drive, Dothan, AL	US	source3	S3-877615750	Bright Book Store LLC	9132 Mccoll Road, Laurinburg, North Carolina	US	0	hard_negative	97.67441860465115	37.33333333333333	similar_name
S1-556801644	Firefighters Local Union 126	Moyock, 1516 Caratoke Highway, NC	US	source3	S3-488603240	Firefighters Local Union-16	505 Mountain Park Rd, Sate Road, North Carolina	US	0	hard_negative	94.54545454545455	35.0	similar_name
S1-103988961	United Investments Private Limited	A/5/4 Meera Nagar Koregaonpark, Pune, Maharashtra	India	source3	S3-520495088	United lnvestment Private Limited	Cts No ##5/3, Erandawana, Near Ingalehospital, Manohar Apartment, Pune, Pune, महाराष्ट्र	India	0	hard_negative	95.52238805970148	36.496350364963504	similar_name
S1-230178150	Family Care Associates Inc	348 Winding Way Drive, Victoria, TX	US	source3	S3-100099273	Family Care Associates	123 Johnson Rd, Malone, New York	US	0	hard_negative	91.66666666666666	32.83582089552238	similar_name
S1-104949826	Cordell Equity Partners Corp	Beaumont, 2421 Neches Street, TX	US	source3	S3-721516277	Cordell Equity Partners	29769 Montebello Dr, Unit #59, Wilsonville, Oregon	US	0	hard_negative	90.19607843137256	24.390243902439025	similar_name
S1-844749518	Raven Co	4385 Pleasant Ridge Road, Marietta, OH	US	source2	S2-620850916	Raven Co	1241 EIGHTH AVEUNE, HAVRE, MT	US	0	hard_negative	100.0	23.880597014925375	similar_name
S1-17230818	Infinity Clinic	House No. 10, Ph -2, Community Center 2, Delhi, North West Delhi, Delhi	India	source2	S2-106007623	Infinity-Clinic	70/72 SHERIFF DEVJI STCHAKALA STREET, MUMBAI, Maharashtra	India	0	hard_negative	93.33333333333333	20.3125	similar_name
S1-915409348	Lyra LLC	TX, Texas City, 209 Orchid Drive	US	source3	S3-488166299	Lyra LLC	290 Drummer Kellum Rd, Jacksonville, North Carolina	US	0	hard_negative	100.0	28.915662650602414	similar_name
S1-550348281	2-Sons Corp	1406 Alvarado Street, Carlsbad, NM	US	source3	S3-780145222	2-Sons Co	Bluebird Crossing, Town Of Rushford, Wisconsin	US	0	hard_negative	90.0	27.500000000000004	similar_name
S1-54214668	EAV Source PC	4015 Strendal Drive, Cary, NC	US	source3	S3-796979527	EAV Source  PC	19604 Co Rd S, Alvordton, Ohio	US	0	hard_negative	96.2962962962963	30.508474576271183	similar_name
S1-944315779	3-Star LLC	55 Northern Avenue, Unit 44, Boston, MA	US	source3	S3-550851932	3-Star (LLC)	43 Muttontown Road, Unit Apartment 71, Oyster Bay, New York	US	0	hard_negative	90.9090909090909	36.73469387755102	similar_name
S1-621768610	Gandhi Northwest LLC	MO, Ofallon, 1024 Pearview Drive	US	source3	S3-745927127	Gandhi Northwest Ltd	1045 1/2 Pearview Drive, Ofallon, Missouri	US	0	hard_negative	90.0	48.64864864864865	similar_name
S1-684899598	Granite LLC	196495 4140 Road, Antlers, OK	US	source3	S3-992266102	Granite LLP	Phoenix, 1030 Bethany Home Road, Arizona	US	0	hard_negative	90.9090909090909	34.78260869565217	similar_name
S1-94587404	Vetecex Group	274 Elliott Street, Coquille, OR	US	source3	S3-810179605	Vetecex 6roup	2761 Stockton Boulevard, Sacramento, Unit APT 420, California	US	0	hard_negative	92.3076923076923	32.25806451612904	similar_name
S1-569905540	Magdalena's Maintenance	195 Private Road 1600G, Chifton, TX	US	source2	S2-738876315	Magdalena's Maintenance	BELLAA VISTA, AR, 44 PERTH DR	US	0	hard_negative	100.0	21.875	similar_name
S1-785890207	Trix Davis, MD, P.C. Inc.	6159 Split Acres Drive, Rockingham County, VA	US	source2	S2-303235181	Trix Davis, MD, P.C. Inc	10 HORTEUZELA TRACE, HOT SPRINGS VILLAGE, AR	US	0	hard_negative	97.95918367346938	24.71910112359551	similar_name
S1-242272136	Nexsoft Inc	29608 120th Avenue, Peotone, IL	US	source2	S2-999075594	Nexsoft Ínc	598 ANIMAL SAFARI RD, BRANSON, MO	US	0	hard_negative	90.9090909090909	28.125	similar_name
S1-295127437	Chiropractic Care	MN, Winona, 362 Mankato Avenue	US	source3	S3-345082866	Chiropractic Care	New Mexico, Grants, 737 Washington Ave	US	0	hard_negative	100.0	50.0	similar_name
S1-409151453	Rogel, Newcomb and Saunders PLLC	4149 Lister Avenue, Kansas City, MO	US	source3	S3-902762557	Rogel, Newcomb and Saunders Corp	716 Lakedale Rd, Colfax, North Carolina	US	0	hard_negative	90.625	29.729729729729726	similar_name
S1-224117899	Tu, Wilken and Teller Blackrock LLC	TN, Carthage, 131 Moss Street	US	source3	S3-840405970	Tu, Wilken and Teller Blackrock	Morgantown, ##33 Number Three Hills, West Virginia	US	0	hard_negative	93.93939393939394	27.848101265822788	similar_name
S1-328653808	Shree Ventures Private Limited	231, Mr-5 Mahalaxmi Nagar, Indore, Madhya Pradesh	India	source3	S3-404243733	Shree Venture Private Ltd	Door No 46 Unit No.201, 2Nd Floor, Unique Centre, Plot No.15, Waterfiled Road, Bandra (Wes, T), Mumbai Ii, Mumbai City, MH	India	0	hard_negative	90.9090909090909	26.900584795321635	similar_name
S1-321974207	Endyne Inc.	4100 Lewisburg Highway, Pulaski, TN	US	source3	S3-909585514	Endyne Inc	4102 Lewisburg Hwy, Pulaski, Tennessee	US	0	hard_negative	95.23809523809523	79.45205479452055	similar_name
S1-263947537	Literacy Ministries LLC	Wichita, KS, Unit APT 3, 234 Acadia Avenue	US	source3	S3-483513215	Literacy Ministries Ltd	182 Dromoland Ln, Barnstale, Massachusetts	US	0	hard_negative	91.30434782608697	28.57142857142857	similar_name
S1-94587404	Vetecex Group	274 Elliott Street, Coquille, OR	US	source3	S3-567582443	Vetecex Group	Gokey Road, Mooes, New York	US	0	hard_negative	100.0	27.118644067796616	similar_name
S1-790201053	Pinnacle LLC	1680 Danby Road, Danby, NY	US	source2	S2-706020937	Pinnacle LLC	WA, 1902 SUMMIT LAKE SHORE RD, OLYMPIA	US	0	hard_negative	100.0	31.25	similar_name
S1-94587404	Vetecex Group	274 Elliott Street, Coquille, OR	US	source2	S2-181772440	Vetecex  Group	MOOERS, GOKEY ROAD, NY	US	0	hard_negative	96.2962962962963	22.22222222222222	similar_name
S1-367059158	Rasoft Inc	315 Constitution Avenue, Portsmouth City, VA	US	source3	S3-992516640	Rasoft Inc	11710 Astoria Dr, Austin, Texas	US	0	hard_negative	100.0	34.66666666666667	similar_name
S1-655264958	Kittle Alliance	1429 Glancey Street, Andover, KS	US	source2	S2-626101875	Kittle Alliance	806 HACKBERRY DRIVE, MARHSALL, MN	US	0	hard_negative	100.0	21.53846153846154	similar_name
S1-398345245	Nais LLC	34 Pine Ridge Drive, Nobleboro, ME	US	source2	S2-467070110	Nais LLC	594 PRAIRIE WOOD DR, MC FARLAND, WI	US	0	hard_negative	100.0	31.88405797101449	similar_name
S1-529691318	Obsidian Inc	52 Broad Street, Unit Apartment A, Plattsburgh, NY	US	source2	S2-770385431	Obsidian Inc	410 WILLIAMS ST, TROY CITY, OH	US	0	hard_negative	100.0	19.999999999999996	similar_name
S1-882942921	Mutual Payroll Worldwide	1850 Angelic View, Unit 307, Stratmoor, CO	US	source3	S3-151217215	Mutual Payroll Inc Worldwide	##1861 Angelic View, Unit 307, Stratmoor, Colorado	US	0	hard_negative	92.3076923076923	84.78260869565217	similar_name
S1-59205975	Urban Management Private Limited	Sno.232/4 &233/1/1, Shantai Nivas Office, Haveli, Pune, Maharashtra	India	source2	S2-714832829	Urban Management Private Limited	NO 2868 TILAK ROAD, NANDURBAR, Maharashtra	India	0	hard_negative	100.0	36.69724770642202	similar_name
S1-341164153	Falcon	6020 Galway Avenue, Sioux Falls, SD	US	source3	S3-983751788	Falcon	702 Northrop Dr, Haw River, North Carolina	US	0	hard_negative	100.0	36.36363636363637	similar_name
S1-257186006	MMS United Centers	3905 Guardian Avenue, Unit A5, Morehead City, NC	US	source2	S2-692658630	MMS United  Centers Co	3912 GUARDIAN AVENUE, MOREHEAD CITY, NC	US	0	hard_negative	90.0	36.7816091954023	similar_name
S1-44774436	Odeh School of Medicine Care	99 Bowen Lane, Apple Grove, WV	US	source2	S2-85894203	Odeh School of Medicine Corp	5104 MOUNTAIN BLUFF LN, KINGWOOD CDP, TX	US	0	hard_negative	92.85714285714286	25.71428571428571	similar_name
S1-341164153	Falcon	6020 Galway Avenue, Sioux Falls, SD	US	source2	S2-416789705	Falcon	7207 HOLDER FOREST CIR, HOUSTON, TX	US	0	hard_negative	100.0	25.71428571428571	similar_name
S1-377751048	Yamuendra Management Private Limited	Delhi, D-1081/1082, F/F Block-D, Pkt-3 Type-A, Dda Flats, Bindapur, Dwarka, New Delhi	India	source3	S3-656376287	Yamuendrayn Management Prithve Limited	D-081/1089, F/f Block-d, Pkt-3 Type-a, Dda Flats, Bindapur, Dwarka, Delhi, New Delhi, दिल्ली	India	0	hard_negative	91.89189189189189	82.48587570621469	similar_name
S1-738777096	Adara Peart Arcelormittal	8103 Indiana Avenue, Lubbock, TX	US	source2	S2-861294980	Adara Peart  Arcelormittal	3942 BRYCE CT, CHINO, CA	US	0	hard_negative	98.0392156862745	25.0	similar_name
S1-546363427	Wandie Harrison, DPM	131 Kendal Street, Vacaville, CA	US	source2	S2-49007334	Wandie Hárrison, DHPM	132 KENDAL STREET, VACAVILLE, CA	US	0	hard_negative	92.6829268292683	40.625	similar_name
S1-105934567	Belliveau Keystone Krakacquisition L.L.C.	5100 Highbridge Street, Unit Unit 53C, Manlius, NY	US	source3	S3-923072869	Belliveau Keystone Krakacquisition-L.L.C.	5430 Prescott St, Portland, Oregon	US	0	hard_negative	97.5609756097561	35.71428571428571	similar_name
S1-398345245	Nais LLC	34 Pine Ridge Drive, Nobleboro, ME	US	source3	S3-813448577	Nais LLC	102. Country Club Dr, Virginia, Leesburg Town	US	0	hard_negative	100.0	32.91139240506329	similar_name
S1-252348713	Loren Sanchez Better Genesis LLC	541 D Street, Dixon, CA	US	source3	S3-844253000	Loren Sanchez Better Genesis  LLC	1829 1/2 Marion St, # 502, Shelby, North Carolina	US	0	hard_negative	98.46153846153847	30.555555555555557	similar_name
S1-12316592	Ganga Brothers Associates	Pl N 2/103/C, Vakratund, Chsl, New Mhada Colony, Goregaon East, Mumbai, Maharashtra	India	source2	S2-181910918	Ganga Brothers Associates  LLP	PL N 2/105/C, VAKRATUND, CHSL, NEW MHADA COLONY, GOREGAON EAST, महाराष्ट्र	India	0	hard_negative	90.9090909090909	38.21656050955414	similar_name
S1-579114463	Peridova Cambridge Inc	2510 Bloxom Street, Grove City, OH	US	source3	S3-237678594	Peridova Cambridge Inc.	366 Fm 2488, Covington, Texas	US	0	hard_negative	97.77777777777777	34.92063492063492	similar_name
S1-970551558	Vaden and Inman Harbors	157 Ashland Co Rd 530, West Salem, OH	US	source3	S3-331397575	Vaden & Inman Harbors	277 Providence Rd, # 3, Grafton, Massachusetts	US	0	hard_negative	90.9090909090909	33.734939759036145	similar_name
S1-42795862	Vega, LLC	229 Hayden Avenue, Rainbow City, AL	US	source3	S3-477075911	Vega, LLC	22940- Country Ridge Parkway, # LOT 16, M Calla, Alabama	US	0	hard_negative	100.0	32.96703296703297	similar_name
S1-378343849	Family Physicians	970 Cd Olena Drive, Hailey, ID	US	source3	S3-173506134	Family Physicians	1671 Cr 240, Ridgweay, Ohio	US	0	hard_negative	100.0	38.59649122807017	similar_name
S1-271209822	Gonzalez Pioneer Gladstone LLC	1225 Burgess School Road, Putnam County, TN	US	source2	S2-403406090	Gonzalez Pioneer Gladstone Co	234 BURGESS SCHOOL RD, PUTNAM COUNTY, TN	US	0	hard_negative	94.91525423728814	38.55421686746988	similar_name
S1-524285434	Modern Commercial Enterprises Inc.	City Of De Pere, WI, 2275 Lawrence Drive	US	source2	S2-469788821	Modern Commercial Enterprises Co	228 LAWRENCE DR, CITY OF DE PERE, WI	US	0	hard_negative	90.9090909090909	28.947368421052634	similar_name
S1-543400505	Tandi Hollis Home Inc.	76 Sorrento Street, Unit 6R, Springfield, MA	US	source2	S2-510301338	Tandi  Hollis Home Inc	760 BURRICE CT, LOUISVILLE CITY, KY	US	0	hard_negative	95.45454545454545	25.31645569620253	similar_name
S1-355968089	Universal Business Private Limited	Survey- 230, 21 Mubin Park, Nr. Chinar Park Sarkhej Road, Ahmadabad City, Ahmedabad, Gujarat	India	source2	S2-203473122	Universal  Lotus Business Private Limited	PLOT NO. R 80, ZONE 2 MP NAGAR HUZUR, BHOPAL, Madhya Pradesh	India	0	hard_negative	90.66666666666666	28.947368421052634	similar_name
S1-439341239	Modern Impex Private Limited	No. 97, Kalyana Mantapa, 6Th Block, Kormangala, Bangalore, Karnataka	India	source3	S3-466286191	Modern  Impex Private Limited	Kpviii/728 Marhama, Near Panchayath Office, Chittat, Tumukku Po, Kaniyapuram, Trivandrum, KL	India	0	hard_negative	98.24561403508771	37.5	similar_name
S1-647249004	Jorgenson Trusted Consulting	73 Rogers Road, Madison, IN	US	source3	S3-646799303	Jorgenson Trusted Consulting Co	78 Rogers Road, Madson, Indiana	US	0	hard_negative	94.91525423728814	82.75862068965517	similar_name
S1-991048469	Gilmartin Platinum Armada LLC	520 Commerce Street, Unit APT C, Wichita, KS	US	source2	S2-291379150	Gilmartin Platinum Armada	#N5071 745TH ST, TOWN OF TRIMBELLE, WI	US	0	hard_negative	92.5925925925926	29.268292682926834	similar_name
S1-154810142	Allied Spartacus Inc	IN, 12789 Kingfish Court, Middlebury	US	source3	S3-828901308	Allied Spartacus Llc	12798 Kingfish Court, Indiana, Middlebury	US	0	hard_negative	90.0	80.51948051948052	similar_name
S1-250549703	Kab (India) Services Private Limited	1St Floor, Yarandahalli Village Anekal Taluk Jigani Hobli, Bangalore, No 12, Bangalore, Karnataka	India	source3	S3-727042422	Kab (India) Services Pílvate Limited	B-32 Abc Complex20 Veer Savarkar Block Shakarpur, <NULL>, East Delhi, New Delhi, दिल्ली	India	0	hard_negative	94.44444444444444	29.34782608695652	similar_name
S1-4519692	Fitzpatrick & Middleton Physical, Inc	1171 Kingsley Lane, Aurora, IL	US	source2	S2-212609018	Fitzpatrick  & Middleton Physical, Ltd	1180 KINGSLEY LN, IL, AURORA	US	0	hard_negative	90.66666666666666	34.48275862068966	similar_name
S1-738777096	Adara Peart Arcelormittal	8103 Indiana Avenue, Lubbock, TX	US	source3	S3-791619169	Adara Peart Arcelormittal Ltd		US	0	hard_negative	92.5925925925926	0.0	similar_name
S1-398345245	Nais LLC	34 Pine Ridge Drive, Nobleboro, ME	US	source3	S3-988670351	Nais LLC	17600 Lakesedge Trail, PO Box 3633, Bainbridge Twp, Ohio	US	0	hard_negative	100.0	33.333333333333336	similar_name
S1-575839178	Internal Medicine Health Inc	342 Quaker Highway, Uxbridge, MA	US	source2	S2-448104880	Internal Medicine Health	COVINGTON, WA, 25303 176nd Ave	US	0	hard_negative	92.3076923076923	19.354838709677423	similar_name
S1-964466798	Lindemann, Loehr and Rodriguez Coffee, LLC	1801 Krizan Avenue, Austin, TX	US	source2	S2-997421480	Lindemann, Loehr and-Rodriguez Coffee, LLC	0480 BACK STREET, BURNSVILLE, WV	US	0	hard_negative	97.61904761904762	29.032258064516125	similar_name
S1-655264958	Kittle Alliance	1429 Glancey Street, Andover, KS	US	source3	S3-712134339	Kittle (Alliance)	1154 Quintard Avenue, Anniston Tonship, Alabama	US	0	hard_negative	93.75	37.9746835443038	similar_name
S1-485715467	Rapid Cloud Solutions LLC	2293 Hollydale Avenue, Baton Rouge City, Bldg BLDG 1, LA	US	source2	S2-487976858	Rapid Cloud Solutions Corp	2298 HOLLYDALE AVENUE, BATON ROUGE, LA	US	0	hard_negative	90.19607843137256	36.170212765957444	similar_name
S1-623028195	YVA Total Private Limited	Khata No.505/466, Angul, Plot No3278/4388, Rantalei, Orissa, Angul	India	source2	S2-380440014	Yjva Total Private Limited	KHATA NO.D/505/473, PLOT NO3278/4388, RANTALEI, ANGUL, ଓଡ଼ିଶା	India	0	hard_negative	90.19607843137256	47.24409448818898	similar_name
S1-162109893	Schaeffer Dental Associates	3911 Thistle Street, Seattle, WA	US	source2	S2-578968563	Schaeffer Dental Associates	137 414, NULL, LLANO, TX	US	0	hard_negative	100.0	25.0	similar_name
S1-436063887	Ee Medical Centre Ltd	Room No. 25, 4Th Floor, Saha Court 8, Ganesh Chandra Avenue, Kolkata, Kolkata, Howrah, West Bengal	India	source2	S2-880627952	Ee Medical Centre Ltd	3B, MANDEVILLA GARDENS, BALLYGUNGE P.S. - GARIAHAT, KLKATA, KOLKATA, West Bengal	India	0	hard_negative	100.0	33.70786516853933	similar_name
S1-818795792	Liebig Stores LLC	13801 Parsons Bay Drive, Chesterfield County, VA	US	source2	S2-180118870	Liebig Stores Co	13804 PARSONS BAY DR, CHESTERFIELD COUNTY, VA	US	0	hard_negative	90.9090909090909	40.86021505376344	similar_name
S1-722266087	Supply	3630 B Street, Tacoma, WA	US	source3	S3-63503725	Supply	10315 Chapel Court, Missouri City, TX	US	0	hard_negative	100.0	32.25806451612904	similar_name
S1-310073754	Williams, King and Harrison Rmg LLC	425 Baker Street, Hamlin, WV	US	source2	S2-418175173	Williams, King and Harrison Rmg	3810 CLEVELAND HEIGHTS RD, RIO RANCHO, NM	US	0	hard_negative	93.93939393939394	23.188405797101453	similar_name
S1-987483861	GM Massage	TX, Dallas, 8618 Forest Green Drive	US	source3	S3-595925195	GM Massage	# UNIT 270, Maine, Windham, Roosevelt Trl	US	0	hard_negative	100.0	34.210526315789465	similar_name
S1-501688915	Boynton & Bergmann LLC	2153 Jones Road, Atlanta, GA	US	source3	S3-967381238	Boynton & Bergmann Llc	2202 Oaks Hunt Ct, Bel Air, Maryland	US	0	hard_negative	90.9090909090909	31.25	similar_name
S1-837345720	Odissi Clothing Private Limited	H.No-B/593 Janakpuri, New Delhi, South West Delhi, Delhi	India	source3	S3-892053355	Odissi Clothing Private Limited	4Th, A24 Yogirajhub Height, Sayajipura Water Tank, Vadodara Region, Vadodara, GJ	India	0	hard_negative	100.0	26.470588235294112	similar_name
S1-452369968	Phyllys Coffee, DO, M.D., P.C.	7811 George W Watkins Road, New Kent County, VA	US	source3	S3-397088625	Phyllys Coffee, DO, M.D., P.C. Corp	7824 George W Watkins Rd, Quinton, Virginia	US	0	hard_negative	92.3076923076923	68.88888888888889	similar_name
S1-224117899	Tu, Wilken and Teller Blackrock LLC	TN, Carthage, 131 Moss Street	US	source3	S3-398428611	Tu, Wilken and Teller Blackrock	1220-1222 Dagmar Ln, Wake Forest, North Carolina	US	0	hard_negative	93.93939393939394	28.57142857142857	similar_name
S1-162109893	Schaeffer Dental Associates	3911 Thistle Street, Seattle, WA	US	source3	S3-729785043	Schaeffer Dental Associates Group	8702 Columbus Ave, Bloomington, Minnesota	US	0	hard_negative	90.0	24.65753424657534	similar_name
S1-120661636	Tenet Guardian	1730 Schroon River Road, Unit Campsite 1, Warrensburg, NY	US	source3	S3-970100566	Tenet Guardian	637 Greentree Dr, Virginia, Virginia Beach City	US	0	hard_negative	100.0	30.76923076923077	similar_name
S1-409151453	Rogel, Newcomb and Saunders PLLC	4149 Lister Avenue, Kansas City, MO	US	source3	S3-63392754	Rogel, Newcomb and Saunders LLC	157 Mcgary St, Texarkana, Texas	US	0	hard_negative	98.41269841269842	33.333333333333336	similar_name
S1-256159536	Nais LLC	17600 Lakesedge Trail, Chagrin Falls, OH	US	source3	S3-674398867	Nais LLC	34 Pine Ridge Drive, Nobleboro, Maine	US	0	hard_negative	100.0	36.36363636363637	similar_name
S1-914872267	City Of	191 Greenhill Road, Bumpus Mills, TN	US	source3	S3-394825916	City  Of	22 Sandra Lane, Weymouth, Massachusetts	US	0	hard_negative	93.33333333333333	29.333333333333332	similar_name
S1-252348713	Loren Sanchez Better Genesis LLC	541 D Street, Dixon, CA	US	source2	S2-446377140	Loren Sánchez Better Genesis LLC	134ND STREET, RENTON, WA	US	0	hard_negative	96.875	38.297872340425535	similar_name
S1-756773561	Rm Traders Private Limited	S-63, 7Th Floor, Npx, Plot No. C-1, Sector-153, Gautam Budh Nagar, Gautam Buddha Nagar, Uttar Pradesh	India	source3	S3-77913596	Rm Traders Private Límited	Hn 914 Cp Vii-938 Crown Plaza Building, Pariyaram, Kannur, Keralam	India	0	hard_negative	96.15384615384616	32.33532934131736	similar_name
S1-109057893	Everest LLC	53 Joel Drive, Mogadore, OH	US	source3	S3-828229052	Everest LLC	4 Greenbriar, Tuscaloosa, Alabama	US	0	hard_negative	100.0	33.333333333333336	similar_name
S1-795275135	Diandra Smathers Best Hancock LP	88 Miller Street, Rochester, NY	US	source3	S3-341629245	Diandra Smatelhrers Best Hancock	1201 Gulf Avenue, <NULL>, Port Neches, Texas	US	0	hard_negative	90.625	37.33333333333333	similar_name
S1-556801644	Firefighters Local Union 126	Moyock, 1516 Caratoke Highway, NC	US	source2	S2-540226831	Firefighters Local  Union 167	11 DODIE DR, CITY OF WAUKESHA, WI	US	0	hard_negative	94.73684210526316	24.242424242424242	similar_name
S1-723811093	Bison, LLC	6177 Snowy River Place, City Of El Paso, TX	US	source2	S2-435017669	Bison LLC	LEANDER, TX, 112 KINGFISHER LANE	US	0	hard_negative	94.73684210526316	18.666666666666664	similar_name
S1-738777096	Adara Peart Arcelormittal	8103 Indiana Avenue, Lubbock, TX	US	source3	S3-200201204	Adara Peart Arcelormittal LP	3943 Bryce Ct, Chino, California	US	0	hard_negative	94.33962264150944	25.0	similar_name
S1-120661636	Tenet Guardian	1730 Schroon River Road, Unit Campsite 1, Warrensburg, NY	US	source3	S3-456710327	Tenet Guardian	##728 Maggie Way, Wendell, North Carolina	US	0	hard_negative	100.0	30.612244897959183	similar_name
S1-633802274	Tirupati Tech Private Limited	Office No 201-A, 2Nd Floor, 3, Queens Road, Bangalore, Karnataka	India	source3	S3-840972730	Tirupati Tmh Private Limited	189, Bangalore South, Bangalore, KA	India	0	hard_negative	94.73684210526316	46.464646464646464	similar_name
S1-252348713	Loren Sanchez Better Genesis LLC	541 D Street, Dixon, CA	US	source2	S2-97575195	Loren Sanchez Better Genesis, Ltd	117 KAREN CIRCLE CIR, SEYMOUR, MO	US	0	hard_negative	92.3076923076923	25.0	similar_name
S1-804488246	ABG Syrian Private Limited	Hillcrestawingfn2504Hira, Nandanicmplxakshyngrbegur, Bangalore South, Bangalore, Karnataka	India	source2	S2-480469740	ABG ABG Syrian Private Limited	HOUSE NO 424- 1ST FLOOR BHAI PARMANAND COLONY LANDMARK NEAR MCD, DELHI, दिल्ली	India	0	hard_negative	92.85714285714286	14.28571428571429	similar_name
S1-42795862	Vega, LLC	229 Hayden Avenue, Rainbow City, AL	US	source2	S2-242067354	Vega LLC	6973 ASTERION LANE, TUCSON CDP, AZ	US	0	hard_negative	94.11764705882352	31.88405797101449	similar_name
S1-929162605	3486 Fifth Ave Partners	TN, 1188 Whistler Drive, Cordova	US	source3	S3-234308571	3486 Fifth Ave Partners Co	1201 Whistler Drive, null, Cordova, Tennessee	US	0	hard_negative	93.87755102040816	67.53246753246754	similar_name
S1-978702575	Scholarship League	1826 Dominic Lane, Houston, TX	US	source2	S2-247628969	Scholarship League Ltd		US	0	hard_negative	90.0	0.0	similar_name
S1-624492801	Oleary & Brown Law Group LP	44195 Steele Lane, Leonardtown, MD	US	source3	S3-940554356	Oleary & Brown  Law Group	201 Hasbrouck Drive, Apex, North Carolina	US	0	hard_negative	92.3076923076923	31.999999999999996	similar_name
S1-119010611	Hotel Construction Private Limited	G-9, Second Floor, Flat No.-1, Vishwakarma Colony, Delhi, New Delhi, Delhi	India	source2	S2-644841549	Hotel Construction Prvaet Limited	SHOP NO. G-9, TAMANNA TOWER, GROUND FLOOR, VAISHALI NAGAR, JAIPUR, Rajasthan	India	0	hard_negative	95.52238805970148	24.0	similar_name
S1-318301945	Foot & Ankle Care Associates LP	10050 Celtic Drive, Fl 1, Scottsdale, AZ	US	source3	S3-584791340	Foot & Ankle  Care Associates Inc	Ohio, 413 Adamle Dr, Kent	US	0	hard_negative	90.625	33.84615384615385	similar_name
S1-42795862	Vega, LLC	229 Hayden Avenue, Rainbow City, AL	US	source2	S2-633273485	Vega LLC	164 GRAND VIEW LN, GREENVILLE, WV	US	0	hard_negative	94.11764705882352	20.588235294117652	similar_name
S1-953131125	Kestrel LLC	82 Pine Street, Northampton, MA	US	source3	S3-189029791	Kestrel-LLC	712- Branchwood Drive, Kernersville, North Carolina	US	0	hard_negative	90.9090909090909	43.90243902439024	similar_name
S1-423655007	Brady and Stout Internet	2854 Wirt Street, Omaha, NE	US	source3	S3-837362181	Brady And Stout Internet LP	57 Carpenters Ridge, Ohio, Cincinnati	US	0	hard_negative	90.19607843137256	37.5	similar_name
S1-681232765	Electronic Nutrition Brands	4300 Tortilla Flat, Austin, TX	US	source2	S2-55782176	Electronic Nutrition Brands Co.	AUSTIN, 4301 TORTILLA FLAT, TX	US	0	hard_negative	93.10344827586206	40.0	similar_name
S1-898541868	Mchale Bright Indonesia Inc	Henderson, 330 Courtney Cove, TN	US	source3	S3-365972962	Mchale Bright Indonesia	716 Edwards Walk Drive, Cedar Park, Texas	US	0	hard_negative	92.0	35.61643835616438	similar_name
S1-726699981	Svar East Pvt Ltd	Plot No. 291, Gali No. 9, Defence Colony, Bhondsi, Gurgaon, Haryana	India	source3	S3-461116401	Svar Est Pvt Ltd	Sh##4 Flr2 11/15 Sutarwala, Mumbai, महाराष्ट्र	India	0	hard_negative	96.96969696969697	21.238938053097346	similar_name
S1-684899598	Granite LLC	196495 4140 Road, Antlers, OK	US	source2	S2-623592844	Granite LLC	5702 OLD 8 RD, TOWN OF CRANDON, WI	US	0	hard_negative	100.0	28.57142857142857	similar_name
S1-450928439	Mount Cathedral PC	Fitchburg, MA, 279 Daniels Street, Unit 702	US	source3	S3-688038781	Mount Cathedral	28 Aloha Dr, Hiaawatha, Iowa	US	0	hard_negative	90.9090909090909	28.169014084507037	similar_name
S1-341164153	Falcon	6020 Galway Avenue, Sioux Falls, SD	US	source2	S2-892711620	Falcon	1334 HAWTHORNE ST, SWEET HOME, OR	US	0	hard_negative	100.0	23.529411764705888	similar_name
S1-834224274	Alpha Impex Private Limited	Plot No 276 D No 2/893 Thirupathi Nagar Vinayagapuram Hosur, Krishnagiri, Dharmapuri, Tamil Nadu	India	source2	S2-812496674	Alpha Impex Private Límited	S/6 GOLDCOIN COMPLEX B WINGJODHUR CROSS ROAD SATELLITE ROAD, AHMEDABAD, Gujarat	India	0	hard_negative	96.2962962962963	20.571428571428573	similar_name
S1-661694951	Shaikpet Technologies	P N 849, Sy11, 11/14To11/17, R N 45, Serilingampally, Shaikpet, Hyderabad, Telangana	India	source3	S3-131222623	Shaikpet Téchnologies	Unit No203 2 Floor Suite, Hyderabad, 243Sbr Cv Tower Sec-1, TG, Shaikpet	India	0	hard_negative	95.23809523809523	33.333333333333336	similar_name
S1-54214668	EAV Source PC	4015 Strendal Drive, Cary, NC	US	source3	S3-737518823	EAV Source Co	00291 Hawthorne Dr, Brevard, North Carolina	US	0	hard_negative	92.3076923076923	47.22222222222222	similar_name
S1-398753510	Woodward, Cunningham and Phan LLC	14840 Poplar Hill Road, Germantown, MD	US	source2	S2-674549201	Woodward, Cunningham and Phan Corp	5280 450, CONNERSVILLE, IN	US	0	hard_negative	92.53731343283582	21.875	similar_name
S1-804488246	ABG Syrian Private Limited	Hillcrestawingfn2504Hira, Nandanicmplxakshyngrbegur, Bangalore South, Bangalore, Karnataka	India	source3	S3-664070424	ABG Snyrian Private Limited	Delhi, House No - 705, B-9-w No. 6 Mehrauli, West Delhi, दिल्ली	India	0	hard_negative	98.11320754716981	22.22222222222222	similar_name
S1-473163329	Bert's Prairie Towing	302 Bluegrass Circle, Mt Juliet, TN	US	source2	S2-51690448	Bert's Prairie Towing Co	NC, CHAPEL HILL, 3000 ASHLEY WADE LN	US	0	hard_negative	93.33333333333333	19.718309859154925	similar_name
S1-252348713	Loren Sanchez Better Genesis LLC	541 D Street, Dixon, CA	US	source3	S3-527150541	Loren Saihzd Better Genesis, LLC	##1311 Sugarbun Way, Houston, Texas	US	0	hard_negative	90.625	34.48275862068966	similar_name
S1-858839511	Weizmann & Associates Pvt Ltd	Plot No-157, Pocke-H, Sector-5, Bawana Ind Area, Delhi, North West Delhi, Delhi	India	source3	S3-603747720	Weizmann & Associates Pvt	#1St Floor (B-1), Ahmedabad, ગુજરાત	India	0	hard_negative	92.5925925925926	22.807017543859654	similar_name
S1-757064973	Cordelia A. Garcia, M.D.	3106 33rd Terrace, Topeka, KS	US	source2	S2-682876063	Cordelia A. Garcia, Corp M.D.	IL, JOLIET, 3416 SILVER FALLS COURT	US	0	hard_negative	90.56603773584906	21.875	similar_name
S1-766795777	Bona Asset LLC	3328 Arrowhead Road, Spring Lake, NC	US	source3	S3-341025377	Bona Asset LLC	0015 Pebble Circle, Illinois, Gridley	US	0	hard_negative	100.0	27.397260273972602	similar_name
S1-256159536	Nais LLC	17600 Lakesedge Trail, Chagrin Falls, OH	US	source3	S3-829064221	Nais LLC	769- Bandit Trl, Keller, Texas	US	0	hard_negative	100.0	42.85714285714286	similar_name
S1-727268428	Finley, Sosa and Krueger Vance, LLC	CT, 41 Hill Street, Milford	US	source3	S3-538847528	Finley Sosa and Krueger Vance LLC	Connecticut, Stafford, 210 Hampden Rd	US	0	hard_negative	97.05882352941177	28.125	similar_name
S1-953131125	Kestrel LLC	82 Pine Street, Northampton, MA	US	source2	S2-971551857	Kestrel  LLC	BRISTOL WAY, YAKIMA, WA	US	0	hard_negative	95.65217391304348	22.22222222222222	similar_name
S1-207202546	Bureau of Housing	9526 400, Mccordsville, IN	US	source2	S2-471556903	Bureau of (Housing)	5608 DAVIDA RD, KNOXVILLE, TN	US	0	hard_negative	94.44444444444444	29.09090909090909	similar_name
S1-858839511	Weizmann & Associates Pvt Ltd	Plot No-157, Pocke-H, Sector-5, Bawana Ind Area, Delhi, North West Delhi, Delhi	India	source3	S3-111051310	Weizmann & Ass0ciates Pvt Ltd		India	0	hard_negative	96.55172413793103	0.0	similar_name
S1-44774436	Odeh School of Medicine Care	99 Bowen Lane, Apple Grove, WV	US	source2	S2-699506778	Odeh School of Medicine Co	714 10TH STREET, CITY OF ASHLAND, WI	US	0	hard_negative	92.5925925925926	24.242424242424242	similar_name
S1-243736208	Summit Fund	183 Camp Avenue, Newington, CT	US	source3	S3-364374113	Summit Fúnd	Ashland, 540 Eliot Street, Massachusetts	US	0	hard_negative	90.9090909090909	22.857142857142854	similar_name
S1-12278460	Enix LLC	3310 Cheverly Avenue, Hyattsville, MD	US	source3	S3-148702430	Enix  LLC	Pasadena, Texas, 623 Oriole Lane	US	0	hard_negative	94.11764705882352	28.985507246376805	similar_name
S1-761572592	Children's Society	7046 Southern Boulevard, Youngstown, OH	US	source3	S3-743321109	Children's II Society	9647 Struthers Rd, Youngstown, Ohio	US	0	hard_negative	92.3076923076923	67.56756756756756	similar_name
S1-442618805	Womens Health Group	101 Clinton Avenue, Unit Apartment 1D, Mineola, NY	US	source2	S2-541815301	The Womens Health Group	437 MCMINN STREET, ROGERSVILLE, TN	US	0	hard_negative	90.47619047619048	19.047619047619047	similar_name
S1-567835378	Cure Pizza	3104 Brown Road, Crossett, AR	US	source3	S3-712879543	Cure (Pizza)	Alabama, Hazel Green, 1557 Ready Section Rd	US	0	hard_negative	90.9090909090909	33.333333333333336	similar_name
S1-544580572	Basalt Inc.	AZ, Phoenix, 5550 Deer Valley Drive, Unit 355	US	source3	S3-567118915	Basalt Inc	9 Jackson Ave, Hampton Bays, New York	US	0	hard_negative	95.23809523809523	26.82926829268293	similar_name
S1-224117899	Tu, Wilken and Teller Blackrock LLC	TN, Carthage, 131 Moss Street	US	source3	S3-873517028	Tu, Wilken and Teller Blackrock Corp	16618 Appleton Avenue, Tucson, Arizona	US	0	hard_negative	92.95774647887323	23.880597014925375	similar_name
S1-970551558	Vaden and Inman Harbors	157 Ashland Co Rd 530, West Salem, OH	US	source2	S2-619257418	Vaden Inman Harbors	277 PROIDENCE RD, S GRAFTON, MA	US	0	hard_negative	90.47619047619048	29.411764705882348	similar_name
S1-607687806	Uptown Cafe!	9412 Doral Ct, Unit 12, Louisville, KY	US	source3	S3-331574945	Uptown  Cafe!	##151 County Road 2335, Mount Pleasant, Texas	US	0	hard_negative	96.0	36.14457831325302	similar_name
S1-722266087	Supply	3630 B Street, Tacoma, WA	US	source3	S3-973582843	Supply	4851 Chadwick Ln, Missoula, Montana	US	0	hard_negative	100.0	26.66666666666667	similar_name
S1-235818495	Murdock and Hawkins Imaging LLC	2370 Hamiltowne Circle, Rosedale, MD	US	source3	S3-476725594	Murdock and Hawkins Imaging Inc	Yorktown, New York, 2935 Saddle Ridge Dr	US	0	hard_negative	90.32258064516128	39.473684210526315	similar_name
S1-165492357	Baldwin and Trant LLC	3520 Salmon Avenue, Redmond, OR	US	source3	S3-735998318	Baldwin and Trant Co	3531 Salmon Avenue, Redmond, Oregon	US	0	hard_negative	92.6829268292683	84.84848484848484	similar_name
S1-367059158	Rasoft Inc	315 Constitution Avenue, Portsmouth City, VA	US	source3	S3-157227155	Rasoft  Inc		US	0	hard_negative	95.23809523809523	0.0	similar_name
S1-89187693	Scholarship Ministries	2204 Mountain View Drive, Vestavia Hills, AL	US	source2	S2-664797744	Scholarship Ministries	MN, HASTINGS, 207 THIRD ST	US	0	hard_negative	100.0	19.999999999999996	similar_name
S1-329321302	Park, Kinman and Mendoza LP	204 Magnolia Street, TX, Lake Jackson	US	source2	S2-602053891	Park, Khinmn and Mendoza Ltd	129. WATERHILL ST, LYNN, MA	US	0	hard_negative	90.9090909090909	28.125	similar_name
S1-723023899	Pazos and Delk Osprey, L.L.C.	OH, 2778 Sweetbriar Court, Toledo	US	source3	S3-153896159	Pazos and Dfk Osprey, L.L.C.	Village Way, Natick, Massachusetts	US	0	hard_negative	94.73684210526316	20.895522388059707	similar_name
S1-199709372	Natwest Diamond Private Limited	K.V.V.Shanga Buildingyelmudi, Puttur, Dak. Kannada, Karnataka	India	source2	S2-485030930	Natwest Diamond Private Limited	J FIRST BLOCK, HOUSE NO. 104, GALI NO. 8 NEAR VIR BAZAR, SANGAM VIHAR, NEW DELHI, Delhi	India	0	hard_negative	100.0	17.567567567567565	similar_name
S1-237030699	NL Properties Private Limited	24A, Bondel Road, Kolkata, Kolkata, Howrah, West Bengal	India	source3	S3-301675584	NL Properties Private Ltd	A-47, Second Floor Village Shahpur Jat, New Delhi, Uday Park, दिल्ली	India	0	hard_negative	92.5925925925926	37.398373983739845	similar_name
S1-226852387	Dombrowski Empire Chicago LLC	612 Gateway Drive, Henry, IL	US	source2	S2-85810337	Dombrowski Empire Chicago LLC	5174 ELMWOOD ST, OAK FOREST, IL	US	0	hard_negative	100.0	30.508474576271183	similar_name
S1-950119437	Metropole Developers Private Limited	78/1, Industrial Suburb, Yaswanthpura Road 2Nd Stage, Mahalakshmipura Ward No.10, New Marappanaplya Ward No.44, Bengaluru, Bengaluru Urban, Karnataka, Bangalore North, Bangalore, Karnataka	India	source2	S2-328044052	Metropole Developers Private Ltd	H.NO 8 , GALI NO 12, SHIV SHAKTI ENCLAVE, FARIDABAD, Haryana	India	0	hard_negative	94.11764705882352	18.54838709677419	similar_name
S1-918703073	Internal Medicine Physicians LLC	288 June Chapel Road, Cookeville, TN	US	source3	S3-160552065	Internal Medicine Physicians LLC	005106 Carew St, PMB 5312, Houston, Texas	US	0	hard_negative	100.0	31.16883116883117	similar_name
S1-888286142	Amber	1053 Mt Vernon Avenue, Akron, OH	US	source3	S3-62364439	Amber	46 Rubino Court, Amherst, NY	US	0	hard_negative	100.0	36.66666666666667	similar_name
S1-915409348	Lyra LLC	TX, Texas City, 209 Orchid Drive	US	source3	S3-748304190	Lyra LLC	Colorado, 1-D Main Street, Edwards	US	0	hard_negative	100.0	27.27272727272727	similar_name
S1-571125847	United Agro Private Limited	63Dda Flats Prasad Nagar, New Delhi, Central Delhi, Delhi	India	source3	S3-469920419	United Agro  Private Ltd	C/o Nandhinidevi A Block No #16 Ambethkar Nagar, Mambakkam Kandigai, TN	India	0	hard_negative	90.19607843137256	29.6875	similar_name
S1-987483861	GM Massage	TX, Dallas, 8618 Forest Green Drive	US	source2	S2-31944349	GM  Massage	7701 STORRIE PLACE, ALBUQUERQUE, NM	US	0	hard_negative	95.23809523809523	14.28571428571429	similar_name
S1-655264958	Kittle Alliance	1429 Glancey Street, Andover, KS	US	source2	S2-498851151	Kittle Alliance	HACKBERRY DRIVE, MARHSALL, MN	US	0	hard_negative	100.0	19.672131147540984	similar_name
S1-599219405	Classic Tech Pvt Ltd	Flat No. C-302, 3Rd Floor, Om Satyam Appts, Plot No.13, Sector-4, D, Warka, New Delhi, South West Delhi, Delhi	India	source3	S3-238836736	Classic Reach Pvt Ltd	302, Juhu Sea Nymph Green Field, A B Nair Road Opp Juhu Post Office, Juhu, Mumbai, Mumbai City, महाराष्ट्र	India	0	hard_negative	92.6829268292683	32.407407407407405	similar_name
S1-579114463	Peridova Cambridge Inc	2510 Bloxom Street, Grove City, OH	US	source3	S3-961676298	Peridova Cambridge [Inc]	2501 Ws Young Dr, # 415, Killeen, Texas	US	0	hard_negative	95.65217391304348	35.61643835616438	similar_name
S1-134763903	Meis LLC	Meyers Lake, OH, 1705 Sinclair Drive	US	source3	S3-302326856	Meis LLC	659 Stark Drive, Mount Pleasant, Texas	US	0	hard_negative	100.0	29.729729729729726	similar_name
S1-182073175	Stalter Builders	406 Main Street, Fl 1, Victoria, IL	US	source2	S2-513908191	Stalter Builders	8610 SCHWARTZ RD, MILAN, IN	US	0	hard_negative	100.0	29.032258064516125	similar_name
S1-791336856	Shiva Technology Private Limited	Mumbai, 204-205 Kharede Aprt Avovesatyam Stationery Ner Goregoan Station Goregoan (East), Maharashtra, Mumbai	India	source3	S3-898512485	Shiva Technologies Prívate Limited	Coimbatore, TN, 174/96-A 2Nd Floor Bharathi Colony Main Road Peelamedu	India	0	hard_negative	90.9090909090909	33.5195530726257	similar_name
S1-203581134	N/N Home LLC	2420 14th Street, Unit 729, Washington, DC	US	source2	S2-433642770	N/N Home (LLC)	BLUEBIRD DR, POWELL, OH	US	0	hard_negative	92.3076923076923	21.53846153846154	similar_name
S1-702932398	Senet	593 Stratmore Street, New Carlisle, OH	US	source3	S3-209240037	Senet	1125 Lexington Downs Dr, Greenville, North Carolina	US	0	hard_negative	100.0	40.44943820224719	similar_name
S1-603814016	Beth Emanuel	801 Erika Avenue, Fayetteville, AR	US	source2	S2-588845100	Beth  Emanuel	16356 CIELO GANDE AVENUE, SURPRISE, AZ	US	0	hard_negative	96.0	27.77777777777778	similar_name
S1-194037762	Snow Sangh	West Bengal, 9, Peary Mohan Roy Road, Ground Floor, Kolkata, Kolkata, Howrah	India	source3	S3-131438956	Snow Saagh	Plot No 38/B, Dehgam, ગુજરાત	India	0	hard_negative	90.0	19.23076923076923	similar_name
S1-991048469	Gilmartin Platinum Armada LLC	520 Commerce Street, Unit APT C, Wichita, KS	US	source2	S2-507147951	Gilmartin  Platinum Armada Corp	1418 HILLANDALE ROAD, DURHAM, NC	US	0	hard_negative	90.0	21.052631578947366	similar_name
S1-723023899	Pazos and Delk Osprey, L.L.C.	OH, 2778 Sweetbriar Court, Toledo	US	source3	S3-980002390	Pazos And Delk Osprey, L.L.C.	16 Village Way, # 7, Natick, Massachusetts	US	0	hard_negative	96.55172413793103	24.0	similar_name
S1-478088814	Green Solutions Private Limited	F-338 3Rd Floor, Gaur City, Ga Laxy North Avenue, Bishrakh, Gautam Buddha Nagar, Uttar Pradesh	India	source3	S3-858913840	Smt Green Sólutions Private Limited	Flat-801 Tower-24 Niarla, Bishrakh, UP	India	0	hard_negative	90.9090909090909	36.36363636363637	similar_name
S1-747466903	Santos Ridge Occupational Therapy Inc	98 Forts Ferry Road, Colonie, NY	US	source2	S2-807278056	Santos Ridge Occupational  Therapy Inc	12176 HALF HITCH TRL, FRISCO, TX	US	0	hard_negative	98.66666666666667	31.25	similar_name
S1-252348713	Loren Sanchez Better Genesis LLC	541 D Street, Dixon, CA	US	source3	S3-193315870	Loren Sanchez Better Genesis	1829 1/2 Marion St, # 502, Shelby, North Carolina	US	0	hard_negative	93.33333333333333	30.555555555555557	similar_name
S1-263947537	Literacy Ministries LLC	Wichita, KS, Unit APT 3, 234 Acadia Avenue	US	source2	S2-520641692	Literacy Ministries Ltd	38 ACADIA AVENUE, WICHITA, KS	US	0	hard_negative	91.30434782608697	19.718309859154925	similar_name
S1-297458311	Swagat & Partners	South Delhi, Ground Floor, East Of Kailash, Delhi, New Delhi, 142	India	source2	S2-315175430	Swagat Partners	NO 32 C-377, NEW ASHOK NAGAR, DELHI, Delhi	India	0	hard_negative	93.75	33.64485981308412	similar_name
S1-282867099	Cinder	1674 Sandy Creek Road, Rock Island, TX	US	source2	S2-505716743	Cinder	MASSACHUSETTS AVENUE, WASHINGTON, DC	US	0	hard_negative	100.0	21.62162162162162	similar_name
S1-672437076	Beacon, LLC	Mobile, AL, 27 Ashley Drive	US	source3	S3-195586735	Beacon PLLC	35190 County Street 2621, Anadarko, Oklahoma	US	0	hard_negative	90.9090909090909	22.535211267605636	similar_name
S1-433452708	Womens Health Center	3104 Morgan Lane, El Dorado, AR	US	source2	S2-362029791	Womens Health [Center]	WARM RAYS DRIVE, FULSHEAR, TX	US	0	hard_negative	95.23809523809523	26.66666666666667	similar_name
S1-282867099	Cinder	1674 Sandy Creek Road, Rock Island, TX	US	source3	S3-399543618	Cinder	2119 Gunwale Cir, Willis, Texas	US	0	hard_negative	100.0	34.78260869565217	similar_name
S1-466795074	Metcalf Crystal Doubleline	1105 Leamington Avenue, Chicago, IL	US	source3	S3-276772768	Metcalf Crystal Doubleline Co	Chicago, Illinois, 1109 Leamington Ave	US	0	hard_negative	94.54545454545455	49.31506849315068	similar_name
S1-293574559	Family Associates	26286 Fork Road, Accomack County, VA	US	source2	S2-217707733	Family Associates	10 EUGENIA STREET, RANDOLPH, MA	US	0	hard_negative	100.0	26.865671641791046	similar_name
S1-445528295	City Foundation Private Limited	F No-202 S2 Kalyan, Plaza Rukminipuri, Secunderabad, Hyderabad, Telangana	India	source2	S2-147114668	City Foundation Private Ltd	#665/1 BH - 1, ORCHID ELEGANZ, 1ST FLOOR, KANNAPIRAN MILLS ROAD, SOWRIPALAYAM, COIMBATORE, Tamil Nadu	India	0	hard_negative	93.10344827586206	22.988505747126442	similar_name
S1-873380033	Jilleen Cruz Pacific Nextera Inc	13505 Crystal Springs Drive, Huntersville, NC	US	source3	S3-427744463	Jilleen Cruz Pacific Nextera Inc.	##2965 Pierce Street, Luling, Texas	US	0	hard_negative	98.46153846153847	32.49999999999999	similar_name
S1-584292797	Womens Health Partners, Inc	609 Woodard Road, Windsor, NC	US	source3	S3-569786814	Womens Health Partners Inc.	Laurel, 3522c River Bridge Way, Maryland, Fl 0	US	0	hard_negative	96.2962962962963	29.333333333333332	similar_name
S1-738777096	Adara Peart Arcelormittal	8103 Indiana Avenue, Lubbock, TX	US	source3	S3-368297469	Adara Peart Arcelormittal Co	8112 Indana Avenue, Lubbock, Texas	US	0	hard_negative	94.33962264150944	84.84848484848484	similar_name
S1-134763903	Meis LLC	Meyers Lake, OH, 1705 Sinclair Drive	US	source3	S3-331122903	Meis LLC	657-661 Mill Court, Waukegan, Illinois	US	0	hard_negative	100.0	29.729729729729726	similar_name
S1-42795862	Vega, LLC	229 Hayden Avenue, Rainbow City, AL	US	source2	S2-642602605	Vega LLC	229 STORM DRIVE, ISLIP, NY	US	0	hard_negative	94.11764705882352	29.508196721311474	similar_name
S1-285085111	1602 Broadway Drive Properties LLC	306 Evans Street, Unit REAR, Uniontown City, PA	US	source2	S2-938917599	1602 Broadway  Drive Properties Corp	CA, CITY OF SHASTA LAKE, 1913 CASCADE BOULEVARD	US	0	hard_negative	91.42857142857143	23.404255319148938	similar_name
S1-433452708	Womens Health Center	3104 Morgan Lane, El Dorado, AR	US	source2	S2-717340970	Womens Health LLC Center	7822 AMELIA DR, NE, LINCOLN	US	0	hard_negative	90.9090909090909	27.586206896551722	similar_name
S1-849345902	Mabry and Sparr Best LLC	557 Woodbury Avenue, Columbus, OH	US	source3	S3-589977331	Mabry and Sparr Best	87-47 254 Saint, New York, Bellerose	US	0	hard_negative	90.9090909090909	26.086956521739136	similar_name
S1-944315779	3-Star LLC	55 Northern Avenue, Unit 44, Boston, MA	US	source3	S3-988488928	3-Star LLC	2228 Brentwood Drive, Grove, Oklahoma	US	0	hard_negative	100.0	31.57894736842105	similar_name
S1-970551558	Vaden and Inman Harbors	157 Ashland Co Rd 530, West Salem, OH	US	source3	S3-948894165	Vaden  and Inman Harbors	Jim Wolfe Rd, Knoxville, Tennessee	US	0	hard_negative	97.87234042553192	30.98591549295775	similar_name
S1-242272136	Nexsoft Inc	29608 120th Avenue, Peotone, IL	US	source3	S3-326880584	Nexsoft  Inc.	709 Columbia Ave, Carolina Beach, North Carolina	US	0	hard_negative	91.66666666666666	35.44303797468354	similar_name
S1-657583949	Department of Housing	346 Main Street, Watertown, MA	US	source3	S3-721652660	Department of Housing Co	Arizona, Mesa Desert, 2859 88th Pl	US	0	hard_negative	93.33333333333333	34.375	similar_name
S1-867215508	Premier Producer Private Limited	Tc-04/490(1), New Tc-4/576, Settilmentcolony, Pullukad, Thiruvananthapuram, Thiruvananthapuram, Trivandrum, Kerala	India	source2	S2-463306700	Premier Products  Private Limited	HOUSE NO. 4 UNIVERSITY ENCLAVE, LADHEWALI, JALANDHAR, ਪੰਜਾਬ	India	0	hard_negative	92.3076923076923	15.02890173410405	similar_name
S1-849345902	Mabry and Sparr Best LLC	557 Woodbury Avenue, Columbus, OH	US	source3	S3-94736112	Mabry and Sparr Best	87-47 254 Street, Bellerose, New York	US	0	hard_negative	90.9090909090909	31.428571428571427	similar_name
S1-679198638	St. Presbyterian Church	4459 Pennsylvania Avenue, Kansas City, MO	US	source3	S3-503570210	St. Présbyterian Church	Pennsylvania, Cheltenham, 225 Old Soldiers Road	US	0	hard_negative	95.65217391304348	45.45454545454546	similar_name
S1-105498619	Orthopedic Center	6504 177th Street, Omaha, NE	US	source3	S3-215590799	Orthopedic Center Co	354 Ocean Ave, Massapequa Park, New York	US	0	hard_negative	91.89189189189189	35.29411764705882	similar_name
S1-834523727	Downtown Tavern!	115 Marion Blvd, Marion, IA	US	source3	S3-131390165	Downtown Tavaeirn	124 Twentieth Street, Camp Hill, Pennsylvania	US	0	hard_negative	90.9090909090909	27.77777777777778	similar_name
S1-140104372	ENP Manufacturing, Inc.	137 Parkwood Drive, Dayton, OH	US	source2	S2-248711871	ENP Manufacturing West, Inc.	142 PARKWOOD DRIVE, DAYTON, OH	US	0	hard_negative	90.19607843137256	40.0	similar_name
S1-873380033	Jilleen Cruz Pacific Nextera Inc	13505 Crystal Springs Drive, Huntersville, NC	US	source3	S3-468372321	Jilleen Cruz Pacific Nextera	##2965 Pierce Street, Luling, Texas	US	0	hard_negative	93.33333333333333	32.49999999999999	similar_name
S1-672292792	Higgins Legato Inc.	Town Of Lanark, WI, 6451 K	US	source3	S3-397535655	Higgins Lehto Inc.	3542 Memorial Boulevard, Unit 06207, Murfreesboro, Tennessee	US	0	hard_negative	91.89189189189189	20.93023255813954	similar_name
S1-203581134	N/N Home LLC	2420 14th Street, Unit 729, Washington, DC	US	source2	S2-38567998	N/N Home LLC	4591 1/2 BLUEBIRD DRIVE, POWELL, OH	US	0	hard_negative	100.0	28.57142857142857	similar_name
S1-151700438	Tatiana Bonner Silver Irenic	5402 Lincoln Drive, Unit 346, Paradise Valley, AZ	US	source3	S3-922825252	Tatiana Bonner Silver Irenic Inc	5413 Lincoln Dr, # 346, Paradise Valley, Arizona	US	0	hard_negative	93.33333333333333	80.41237113402062	similar_name
S1-429151420	4496 Lincoln Place Management LLC	IN, Munster, 8730 Baring Avenue	US	source2	S2-478555526	4496 Lincoln Place Management Ltd	2080 PIN OAK PL, CRAMETRON, NC	US	0	hard_negative	93.93939393939394	22.95081967213115	similar_name
S1-955680991	Meenya Services Limited	210, U.S.Complex, 120, Mathura Road, New Delhi, South Delhi, Delhi	India	source3	S3-290443693	Meenya Scercies Limited	001, Ravindra Apartment Velankar Nagar, Parvati, Pune, MH	India	0	hard_negative	91.30434782608697	32.52032520325203	similar_name
S1-723811093	Bison, LLC	6177 Snowy River Place, City Of El Paso, TX	US	source2	S2-76289505	Bison LLC	NEWTON, MA, 38 DALBY STREET	US	0	hard_negative	94.73684210526316	19.999999999999996	similar_name
S1-987483861	GM Massage	TX, Dallas, 8618 Forest Green Drive	US	source3	S3-429210867	GM  Massage	765 Roasevelt Trl, Unit UNIT 270, Windham, Maine	US	0	hard_negative	95.23809523809523	28.915662650602414	similar_name
S1-347642226	Lia T. Sukhu, Ph.D., PC	4113 Hennessey Drive, Plainfield, IN	US	source2	S2-134625006	Lia T. Sukhu, Ph.D., PC Inc	COLLEGE ST, MURFREESBORO, TN	US	0	hard_negative	92.0	18.75	similar_name
S1-565375960	Europa Academy	20 E Community Centre Munirka Marg Vasant Vihar Near Nerulas, New Delhi, South West Delhi, Delhi	India	source2	S2-70273335	Europa-Academy	Madhya Pradesh, #969 KANAT ROAD, MHOW	India	0	hard_negative	92.85714285714286	24.06015037593985	similar_name
S1-898541868	Mchale Bright Indonesia Inc	Henderson, 330 Courtney Cove, TN	US	source2	S2-463682725	Mchale Bright Indonesia	716 EDWARDS WALK DRIVE, CEDAR PARK, TX	US	0	hard_negative	92.0	19.999999999999996	similar_name
S1-136408821	Bowling Green Heart Bright Ministries P.C.	421 Knollwood Drive, Bowling Green, OH	US	source3	S3-384610125	Bowling Green  Heart Bright Ministries LLC	422-424 Knollwood Dr, Bowling Green, Ohio	US	0	hard_negative	92.85714285714286	83.54430379746836	similar_name
S1-367059158	Rasoft Inc	315 Constitution Avenue, Portsmouth City, VA	US	source3	S3-211059349	Rasoft Inc.		US	0	hard_negative	95.23809523809523	0.0	similar_name
S1-655264958	Kittle Alliance	1429 Glancey Street, Andover, KS	US	source3	S3-975558491	Kittle Álliance	99 Curtis Rd, Portland, Maine	US	0	hard_negative	93.33333333333333	32.786885245901644	similar_name
S1-252348713	Loren Sanchez Better Genesis LLC	541 D Street, Dixon, CA	US	source3	S3-897733986	Loren Sanchez Better Genesis LLC	17355a 134th St, Renton, Washington	US	0	hard_negative	100.0	41.379310344827594	similar_name
S1-848873611	Internal Medicine Associates	335 Donald K Outlaw Road, Seven Springs, NC	US	source2	S2-97550363	Internal Medicine Associates Ltd	0926 CHESTER AVENUE, TOPEKA, KS	US	0	hard_negative	93.33333333333333	18.918918918918916	similar_name
S1-341164153	Falcon	6020 Galway Avenue, Sioux Falls, SD	US	source3	S3-752473304	Falcon	#1721 725, W. Lafayette, Indiana	US	0	hard_negative	100.0	32.83582089552238	similar_name
S1-585225091	Avighna Law Chambers Ltd	239 2A, Plot No. 507, Maruthi Heights Maruthi Nagar, Anantapur, Andhra Pradesh	India	source3	S3-78446384	Avighna Law Chambers Limited	Dhanad, Bilalabhavan, Newradhakisanplot, Akola, महाराष्ट्र	India	0	hard_negative	92.3076923076923	26.470588235294112	similar_name
S1-822039983	Roopva Furnishings Private Limited	H. No. C-421 S/F, Vikas Puri, New Delhi, Delhi	India	source2	S2-747763137	Roopvi Furnishings Private Ltd	H. NO. C-0424 S/F, VIKAS PURI, NEW DELHI, दिल्ली	India	0	hard_negative	90.625	55.319148936170215	similar_name
S1-702932398	Senet	593 Stratmore Street, New Carlisle, OH	US	source3	S3-427378871	Senet	Texas, 1322 Hudspeth Ave, Dallas	US	0	hard_negative	100.0	28.57142857142857	similar_name
S1-818795792	Liebig Stores LLC	13801 Parsons Bay Drive, Chesterfield County, VA	US	source2	S2-542791686	Liebig 5tores LLC	5318 COLVIN CT, FAIR OAKS CDP, CA	US	0	hard_negative	94.11764705882352	27.160493827160494	similar_name
S1-888286142	Amber	1053 Mt Vernon Avenue, Akron, OH	US	source2	S2-59031368	Amber,	242 DODGE ROAD, EDGECOMB, ME	US	0	hard_negative	90.9090909090909	23.33333333333333	similar_name
S1-446775221	Eddie's Property Solutions	14811 5th Street, Vancouver, WA	US	source2	S2-884092380	Eddie's Property Solutions Ltd	14832 FIFTH STREET, VANCOUVER, WA	US	0	hard_negative	92.85714285714286	40.625	similar_name
S1-579114463	Peridova Cambridge Inc	2510 Bloxom Street, Grove City, OH	US	source2	S2-998788831	Peridova-Cambridge Inc	4 LIBERTY ST, null, EVERETT, MA	US	0	hard_negative	95.45454545454545	27.692307692307693	similar_name
S1-329321302	Park, Kinman and Mendoza LP	204 Magnolia Street, TX, Lake Jackson	US	source3	S3-724621774	Park,  Kinman and Mendoza Co	207 Magnolia St, Lake Jackson, Texas	US	0	hard_negative	90.9090909090909	76.71232876712328	similar_name
S1-761572592	Children's Society	7046 Southern Boulevard, Youngstown, OH	US	source3	S3-805133735	Children's LLC Society	314 Lake St, Shell Rock, Iowa	US	0	hard_negative	90.0	35.29411764705882	similar_name
S1-133195295	Electricians Union Local No 140	1513 Cou Falls Rd NW, Swisher, IA	US	source2	S2-82520504	Electricians Union Local No	4460 FISHER STREET, KANSAS CITY, KS	US	0	hard_negative	93.10344827586206	26.470588235294112	similar_name
S1-347642226	Lia T. Sukhu, Ph.D., PC	4113 Hennessey Drive, Plainfield, IN	US	source2	S2-803456133	Lia T. Sukhu, Ph.D.,	TN, MURFREESBORO, ##520 COLLEGE ST	US	0	hard_negative	93.02325581395348	11.428571428571432	similar_name
S1-511287886	Arrowlink Hr Pvt Ltd	189/A, Canal South Rd, Bl-Sec A, Grd. Floor Metropolitan Co-Op Housing Socy.Ltd, Kolkata, Parganas South, West Bengal	India	source3	S3-48702008	Arrowlink Hr Pvt Ltd.	Plot No. H-44 And 745, New Delhi, South West Delhi, DL	India	0	hard_negative	97.5609756097561	33.91812865497076	similar_name
S1-235818495	Murdock and Hawkins Imaging LLC	2370 Hamiltowne Circle, Rosedale, MD	US	source2	S2-45927902	Murdock and Hakwmis Imaging LLC	808 REYNOLDS DRIVE, SAUGUS CDP, MA	US	0	hard_negative	93.5483870967742	22.857142857142854	similar_name
S1-429151420	4496 Lincoln Place Management LLC	IN, Munster, 8730 Baring Avenue	US	source3	S3-752677718	4496 Lincoln Place Management  PC	002631 Hyacinth St, Hempstead, New York	US	0	hard_negative	93.93939393939394	25.71428571428571	similar_name
S1-888286142	Amber	1053 Mt Vernon Avenue, Akron, OH	US	source3	S3-935039244	Amber	901 Leonard Street, Unit 901, Floydada, Texas	US	0	hard_negative	100.0	33.76623376623377	similar_name
S1-12278460	Enix LLC	3310 Cheverly Avenue, Hyattsville, MD	US	source2	S2-757649490	Enix LLC	705 TAYLRO ST, WASHINGTON, DC	US	0	hard_negative	100.0	27.27272727272727	similar_name
S1-823691877	Maid Pilates	Houma, 187 Vi Drive, LA	US	source3	S3-599702977	Maid Pilates	Carriage Square, # 145, Taylorsville, Utah	US	0	hard_negative	100.0	33.84615384615385	similar_name
S1-679198638	St. Presbyterian Church	4459 Pennsylvania Avenue, Kansas City, MO	US	source3	S3-613916364	St. Presbyterian Church Corp	Old Soldiers Rd, Cheltenham, Pennsylvania	US	0	hard_negative	90.19607843137256	31.707317073170728	similar_name
S1-942358451	XH Services Private Limited	Blong No 4, Gala No 15, Jay Vijay Ind Ested, Vasai Palghar, Vasai Virar City, Bhiwandi, Thane, Maharashtra	India	source2	S2-396735479	XH Services Pimvace Limited	PLOT NO:4-, RAGALA ENCLAVE, NEAR BACHPAN SCHOOL NEAR SAHARA SHATES, MANSOORABAD, HYDERABAD, తెలంగాణ	India	0	hard_negative	92.5925925925926	23.414634146341463	similar_name
S1-42795862	Vega, LLC	229 Hayden Avenue, Rainbow City, AL	US	source3	S3-894416376	Vega LLC	#8836 Jeli Ct, NULL, Charlotte, North Carolina	US	0	hard_negative	94.11764705882352	24.691358024691358	similar_name
S1-428851622	Urgent Care Partners LLC	302 Inglewood Drive, Morganton, NC	US	source2	S2-16508203	Urgent Care Partners Co	323 Inglewood Dr, MORGANTON, NC	US	0	hard_negative	93.61702127659575	67.6923076923077	similar_name
S1-199623200	Oncology Physicians	1552 400, Orem, UT	US	source3	S3-329711938	Oncology Physicians	Oregon, H St, Halesy CDP	US	0	hard_negative	100.0	23.809523809523814	similar_name
S1-374633549	Community Fund	WI, City Of Oconto Falls, 501 Willow Creek Road	US	source3	S3-527558089	Community Fund	28969 133st Street, null, Waseca, Minnesota	US	0	hard_negative	100.0	31.11111111111111	similar_name
S1-318301945	Foot & Ankle Care Associates LP	10050 Celtic Drive, Fl 1, Scottsdale, AZ	US	source3	S3-101636810	Foot & Ankle Care  Associates PLLC	3180 Scotch Creek Road, Unit 306, Dallas, Texas	US	0	hard_negative	92.3076923076923	39.08045977011494	similar_name
S1-970551558	Vaden and Inman Harbors	157 Ashland Co Rd 530, West Salem, OH	US	source3	S3-41233741	Vaden and Inman Harbors LLC	4976 164th Avenue, Kindred, North Dakota	US	0	hard_negative	92.0	28.57142857142857	similar_name
S1-777035459	Cobalt	191 Arrowhead Loop, Pittsboro, NC	US	source2	S2-491591169	Cobalt	AL, 24568 PERDIDO BEACH BOULEVARD, BALDWIN COUNTY	US	0	hard_negative	100.0	21.95121951219512	similar_name
S1-748586460	Surgical Medicine	3855 Blair Mill Road, Unit Unit O, Upper Moreland Township, PA	US	source3	S3-901586122	Surgical Medicine	Drusillas Dr, Pflugerville, Texas	US	0	hard_negative	100.0	29.47368421052632	similar_name
S1-12853811	Prince William County Value Associated	2451 Potomac Shores Parkway, VA, Prince William County	US	source2	S2-118067130	Prince William County Value Associated East Co	2455 POTOMAC SHORES PKWY, PRINCE WILLIAM COUNTY, VA	US	0	hard_negative	90.47619047619048	30.476190476190478	similar_name
S1-470545496	Orbora Dragon PC	1311 Russell Road, Chandler, IN	US	source2	S2-488352798	Orbori Dragon PC	1311 RUSSELL ROAD, IN, CHANDLER	US	0	hard_negative	93.75	41.93548387096774	similar_name
S1-526005673	Seamon & Howe Perfect Corp	2714 Gardner Road, Weatherford, TX	US	source3	S3-440988499	Seamon & Howe Perfect West Corp	2715-B Gardner Rd, Weatherford, Texas	US	0	hard_negative	91.22807017543859	84.50704225352112	similar_name
S1-888286142	Amber	1053 Mt Vernon Avenue, Akron, OH	US	source2	S2-418820537	Amber	OK, TULSA, 6748 UTICA AVE	US	0	hard_negative	100.0	21.052631578947366	similar_name
S1-572870959	Sea (India) Electricals Private Limited	C/O Tasneem Dodia, Flat No 6G, 6Th Floor Metro Plaza, Po Buxi Bazar Cuttack Sadar, Cuttack, Cuttack Sadar, Cuttack, Orissa	India	source3	S3-877846849	Sea (India) Electricals Exports Private Limited	OD, No 41 C/o Tasneem Dodia, Flat No 6G, 6Th Floor Metro Plaza, Po Buxi Bazar Cuttack Sadar, Cuttack, Cuttack, Cuttack Sadar	India	0	hard_negative	90.69767441860466	88.6178861788618	similar_name
S1-695123017	Mosher Companies LLC	Mineola, 294 Nassau Boulevard, NY	US	source3	S3-607437896	Mosher Companies LLC	03251 Fairmont Ave, Fairmoont CITY, West Virginia	US	0	hard_negative	100.0	21.95121951219512	similar_name
S1-624492801	Oleary & Brown Law Group LP	44195 Steele Lane, Leonardtown, MD	US	source3	S3-512670580	Oleary & Brown Láw Group	027 Prospect Drive, Unit F, Charlotte, North Carolina	US	0	hard_negative	90.19607843137256	29.885057471264364	similar_name
S1-848873611	Internal Medicine Associates	335 Donald K Outlaw Road, Seven Springs, NC	US	source2	S2-290457336	Internal  Medicine Associates PLLC	2104-2108 GARDEN SPRINGS RD, SPOKANE, WA	US	0	hard_negative	90.32258064516128	24.096385542168676	similar_name
S1-563515336	Jain Consultancy Private Limited	860, New Alipore, Block P, Kolkata, Kolkata, Howrah, West Bengal	India	source3	S3-401759198	Jain  Consultants Private Limited	2639, Sangli, महाराष्ट्र	India	0	hard_negative	92.3076923076923	15.909090909090907	similar_name
S1-374408447	27 2 Spartacus PLLC	1885 Avenue Of The Cities, Moline, IL	US	source3	S3-254645636	27 2 Spartacus [PLLC]	#18225 33rd Ave, Phooenix, Arizona	US	0	hard_negative	95.0	42.25352112676056	similar_name
S1-105934567	Belliveau Keystone Krakacquisition L.L.C.	5100 Highbridge Street, Unit Unit 53C, Manlius, NY	US	source3	S3-677206517	Belliveau Keystone-Krakacquisition L.L.C.	5430 Prescott St, Portland, Oregon	US	0	hard_negative	97.5609756097561	35.71428571428571	similar_name
S1-858014149	Classic Fitness LLC	1605 Trafalgar Road, Fort Worth, TX	US	source2	S2-220908687	Classic Fitness Co	1614C TRAFALGAR RD, FORT WOTRH, TX	US	0	hard_negative	91.89189189189189	43.47826086956522	similar_name
S1-888286142	Amber	1053 Mt Vernon Avenue, Akron, OH	US	source3	S3-791293899	Amber	1711 Bartlett Way, NULL, Chandler, Arizona	US	0	hard_negative	100.0	35.13513513513513	similar_name
S1-723811093	Bison, LLC	6177 Snowy River Place, City Of El Paso, TX	US	source3	S3-175385906	Bison LLC	2918 Thirteenth Avenue, ROCK Island CITY, Illinois	US	0	hard_negative	94.73684210526316	32.25806451612904	similar_name
S1-495916054	3313 Jefferson Avenue Apartments LLC	341 Croy Creek Road, Hailey, ID	US	source3	S3-434049356	3313 Jefferson Avenue Apartments Corp	352 Croy Creek Road, Hailey, Idaho	US	0	hard_negative	93.15068493150685	86.15384615384616	similar_name
S1-344355166	Arts Federation II	2140 Bess Town Road, Bessemer City, NC	US	source3	S3-989673573	Arts Federation VI	Bessemer City, North Carolina, 2145 Bess Town Rd	US	0	hard_negative	94.44444444444444	39.53488372093024	similar_name
S1-877735254	Commission on Veterans Affairs	1803 Crestline Drive, Walla Walla, WA	US	source2	S2-219379662	Commission on Veterans Affairs Ltd	237 WOOD RD, YARMOUTH, MA	US	0	hard_negative	93.75	29.032258064516125	similar_name
S1-367059158	Rasoft Inc	315 Constitution Avenue, Portsmouth City, VA	US	source2	S2-742845752	Rasoft  Inc	DEER VALLEY RD, SIERRA ADOBE, AZ	US	0	hard_negative	95.23809523809523	21.052631578947366	similar_name
S1-256159536	Nais LLC	17600 Lakesedge Trail, Chagrin Falls, OH	US	source3	S3-202753325	Nais LLC	641 96th Avenue, NULL, Kenosha, Wisconsin	US	0	hard_negative	100.0	32.098765432098766	similar_name
S1-409151453	Rogel, Newcomb and Saunders PLLC	4149 Lister Avenue, Kansas City, MO	US	source2	S2-353954910	Rogel, Newcomb and Saunders	18 SAUNDERS ST, LAWRENCE, MA	US	0	hard_negative	91.52542372881356	28.57142857142857	similar_name
S1-953131125	Kestrel LLC	82 Pine Street, Northampton, MA	US	source2	S2-60785812	Kestrel LLC	1629 JOE BRANCH RD, BUCHANAN COUNTY, VA	US	0	hard_negative	100.0	25.71428571428571	similar_name
S1-782197479	Community Association	2515 Harts Lake Road, Roy, WA	US	source2	S2-543369954	Community Inc Association	3080 STANTON RD, WASHINGTON, DC	US	0	hard_negative	91.30434782608697	23.33333333333333	similar_name
S1-360062185	Value Aerospace Technologies LLC	9011 Linda Maria Court, Fairfax County, VA	US	source2	S2-81013757	Value Aerospace Technologies South LLC	9015-A LINDA MARIA CT, FAIRFAX COUNTY, VA	US	0	hard_negative	91.42857142857143	43.37349397590361	similar_name
S1-12278460	Enix LLC	3310 Cheverly Avenue, Hyattsville, MD	US	source2	S2-248656185	Enix  LLC	WV, 002461 BUFFALO CREEK RD, ACCOVILLE	US	0	hard_negative	94.11764705882352	16.000000000000004	similar_name
S1-204824820	Heflin Unified Solutions LLC	220 Ater Avenue, Rogers, TX	US	source3	S3-104024271	Heflin Unified Somitons LLC	7675 Dixileta Dr, Fl 1, Scottsdale, Arizona	US	0	hard_negative	90.9090909090909	28.57142857142857	similar_name
S1-237030699	NL Properties Private Limited	24A, Bondel Road, Kolkata, Kolkata, Howrah, West Bengal	India	source2	S2-19422986	NL Properties Private Límited	Karnataka, 0001 , 2ND FLOOR, CMH ROAD, LAKSHMIPURAM HALASURU, BANGALORE	India	0	hard_negative	96.55172413793103	22.22222222222222	similar_name
S1-633802274	Tirupati Tech Private Limited	Office No 201-A, 2Nd Floor, 3, Queens Road, Bangalore, Karnataka	India	source3	S3-118722913	Sri Tirupati Tech Private Limited	No 8-49, Bangalore, ಕರ್ನಾಟಕ, Bangalore	India	0	hard_negative	93.5483870967742	43.13725490196079	similar_name
S1-237030699	NL Properties Private Limited	24A, Bondel Road, Kolkata, Kolkata, Howrah, West Bengal	India	source2	S2-893810685	NL-Properties Private Limited	H.NO 304 47, SECOND FLOOR VILLAGE SHAHPUR JAT, NEW DELHI, SOUTH DELHI, Delhi	India	0	hard_negative	96.55172413793103	22.90076335877863	similar_name
S1-479323912	Creative Foundation Private Limited	A 11 Parth Aprtgujrat Soc Paldi, Ahmedabad, Gujarat	India	source3	S3-23781087	Creative Foundation  Privete Limited	Road No 11 Near Policestation Udyognagar Udhana, Vadodara Region, Surat, GJ	India	0	hard_negative	95.77464788732395	39.682539682539684	similar_name
S1-54214668	EAV Source PC	4015 Strendal Drive, Cary, NC	US	source2	S2-211056700	EAV Soudrce PC	82 HAWTHORNE DRIVE, BREVARD, NC	US	0	hard_negative	96.2962962962963	30.000000000000004	similar_name
S1-235818495	Murdock and Hawkins Imaging LLC	2370 Hamiltowne Circle, Rosedale, MD	US	source3	S3-780913745	Murdock and Hawkins (Imaging)	872 North County Blvd, Pleasant Grove, Utah	US	0	hard_negative	90.0	35.44303797468354	similar_name
S1-877735254	Commission on Veterans Affairs	1803 Crestline Drive, Walla Walla, WA	US	source3	S3-743685607	Commission on  Veterans Affairs	228 Robinson Avenue, PMB 5400, Kingman, Arizona	US	0	hard_negative	98.36065573770492	33.333333333333336	similar_name
S1-502950357	Peters Opportunities of Surf City	110 Oleander Court, Surf City, NC	US	source3	S3-494378249	Peters Opportunities of Surf City Co	121 Oleander Ct, Surf City, North Carolina	US	0	hard_negative	95.65217391304348	77.33333333333333	similar_name
S1-722002776	Graham Cardiology Colonial Specialists	208 Melville Street, Graham, NC	US	source2	S2-78487985	Graham Cardiology Colonial Specialists LLC	NC, 0212 MELVILLE ST, GRAHAM	US	0	hard_negative	95.0	27.118644067796616	similar_name
S1-987483861	GM Massage	TX, Dallas, 8618 Forest Green Drive	US	source2	S2-407890424	GM Massage	765  ROOSEVELT TRL, WINDHAM, ME	US	0	hard_negative	100.0	18.181818181818176	similar_name
S1-509659749	Associated Semiconductor Enterprises Associates	821 Sherwood Village Drive, Tucson, AZ	US	source2	S2-394637923	Associated Semiconductor Enterprises Associates Inc	826 1/2 SHERWOOD VILLAGE DR, TUCSON, AZ	US	0	hard_negative	95.91836734693877	41.55844155844156	similar_name
S1-991048469	Gilmartin Platinum Armada LLC	520 Commerce Street, Unit APT C, Wichita, KS	US	source3	S3-856364995	Gilmartin Platinum Armada LLC	194-196 Cloverdale Dr, Prince Edward County, Virginia	US	0	hard_negative	100.0	39.175257731958766	similar_name
S1-851933645	Boone and Guerrero LLC	1009 Ridgeview Drive, Inverness, IL	US	source2	S2-106147274	-- Boone and Guerrero LLC	4346 HEORN BAY LOOP RD, CODEN, AL	US	0	hard_negative	93.61702127659575	26.470588235294112	similar_name
S1-26111971	Haubrich and Showalter Corp	3311 Evans Street, Morehead City, NC	US	source3	S3-49062854	Haubrich and Showalter  Corp	1400 Florida Avenue, Unit 509, Washington, District of Columbia	US	0	hard_negative	98.18181818181819	30.303030303030297	similar_name
S1-491854786	South Consultants Private Limited	43/1341 B3, Cm Complex, Kalavathu Road, Ernakulam, Kerala	India	source3	S3-16868437	South Consultancy Private [Limited]	Block C-0188 802, Tower 7, Panchsheel Partishtha, Sector 75, Noida, Gautam Buddha Nagar, UP	India	0	hard_negative	91.17647058823529	33.78378378378378	similar_name
S1-341164153	Falcon	6020 Galway Avenue, Sioux Falls, SD	US	source2	S2-312762445	Falcon	OAK SPRING ROAD, STALLINGS, NC	US	0	hard_negative	100.0	27.692307692307693	similar_name
S1-898541868	Mchale Bright Indonesia Inc	Henderson, 330 Courtney Cove, TN	US	source3	S3-547001111	Mchale Bright Indonesia	212 Joseph E Boone Blvd, # 16D, Atlanta, Georgia	US	0	hard_negative	92.0	25.0	similar_name
S1-556801644	Firefighters Local Union 126	Moyock, 1516 Caratoke Highway, NC	US	source3	S3-404399575	Firefighters Local Union	Floor 0, 1734 Sedgwick Street, Kansas, Wichia	US	0	hard_negative	92.3076923076923	30.76923076923077	similar_name
S1-350333926	My Power Private Limited	38-40-19/1 104 Area, Visakapatnam, Vishakhapatnam, Andhra Pradesh	India	source2	S2-921318608	My  Power Private Limited	E-B3/24 SECTOR-55, NOIDA, Uttar Pradesh	India	0	hard_negative	97.95918367346938	36.53846153846154	similar_name
