source	source1_entity_id	target_entity_id	country	source1_name	target_name	source1_address	target_address	source1_name_script	target_name_script	source1_address_script	target_address_script	name_ratio	name_token_ratio	address_ratio	address_token_ratio	s1_name_first	target_name_first	s1_name_prefix2	target_name_prefix2	s1_address_number	target_address_number	s1_address_first	target_address_first	name_first_match	name_prefix2_match	address_number_match	address_first_match
source2	S1-512287160	S2-105895280	US	Boyle Encore Inc	The Boyle Encore (Inc)	691 Main Street, Unit 1/2, Marion, OH	MAIN ST, MARION, OH	latin	latin	latin	latin	88.89	100.0	66.67	90.32	boyle	the	bo	th	691		691	main	False	False	False	False
source2	S1-286272499	S2-462454521	US	QB Classic Yhn Inc.	Incorporated QB Classic Yhn	7055 Louisa Road, Albemarle County, VA	705 LOUISA RD, ALBEMARLE COUNTY, VA	latin	latin	latin	latin	62.22	87.5	95.65	95.65	qb	incorporated	qb	in	7055	705	7055	705	False	False	False	False
source2	S1-663565958	S2-192656141	India	Hari Enterprises Private Limited	ਹਰੀ ਐਂਟਰਪ੍ਰਾਈਜ਼ਿਜ਼ ਪ੍ਰਾਈਵੇਟ ਲਿਮਟਿਡ	C/O Pooja, Padda Colony, Lohian Khas, Sultanpur, Jalandhar, Punjab	500 C/O POOJA, JALANDHAR, Punjab, PADDA COLONY, LOHIAN KHAS, SULTANPUR	latin	other	latin	latin	9.09	9.09	69.84	100.0	hari	ਹਰੀ	ha	ਹਰ		500	c	500	False	False	False	False
source2	S1-83679816	S2-779517126	India	Balaji Tech Private Limited	privatetechbalaji.com	Kushalpura, Chanwaji, Jaipur, Rajasthan	CHANWAJI, JAIPUR, Rajasthan, KUSHALPURA	latin	latin	latin	latin	41.67	54.17	69.44	100.0	balaji	privatetechbalaji	ba	pr			kushalpura	chanwaji	False	False	False	False
source2	S1-982416165	S2-243763104	India	All Marketing Pvt Ltd	ऑल मार्केटिंग प्रा. लि.	C/O Rajan Singh, Sehramau South, Sadar, Shahjahanpur, Uttar Pradesh	SEHRAMAU SOUTH, C/O RAJAN SINBH, SHAHJAHANPUR, SADAR, Uttar Pradesh	latin	devanagari	latin	latin	14.29	14.29	69.84	98.41	all	ऑल	al	ऑल			c	sehramau	False	False	False	False
source2	S1-213733425	S2-536341305	India	Tech Indo Projects Limited	टेक इंडो प्रोजेक्ट्स लिमिटेड	C-128, Singh Bhoomi Colony Khatipura, Jaipur, Rajasthan	371 C-128, SINGH BHOOMI COLONY KHATIPURA, JAIPUR, Rajasthan	latin	devanagari	latin	latin	11.11	11.11	96.3	100.0	tech	टेक	te	टे	128	371	c	371	False	False	False	False
source2	S1-555548772	S2-940722803	US	Classic Nutrition Networks	Nutriti0n C1assic (Networks)	90 Andesite Ridge Road, Big Sky, MT	92 ANDESITE RIDGE RD, BIG SKY, MT	latin	latin	latin	latin	65.38	92.31	93.75	93.75	classic	nutriti0n	cl	nu	90	92	90	92	False	False	False	False
source2	S1-627999780	S2-357468066	India	Sunrise Infotech Private Limited	సన్‌రైజ్ ఇన్ఫోటెక్ ప్రైవేట్ లిమిటెడ్	Flat No D-5 Sri Harsha Residency, Nagarjuna Street, A, Shok Nagar, Eluru, West Godavari, Andhra Pradesh	BLOCK D-781 FLAT NO D-5 SRI HARSHA RESIDENCY, ELURU, WEST GODAVARI, Andhra Pradesh	latin	other	latin	latin	8.82	8.82	76.14	93.06	sunrise	సన్	su	సన	5	781	flat	block	False	False	False	False
source2	S1-796421498	S2-216890887	India	Creative Projects Limited	क्रिएटिव प्रोजेक्ट्स लिमिटेड	12Thfloor, C, 1204, Roya Oasis, Jankalyan Nagarmalvani, Nr Billabong School, Malad W, Mumbai, Mumbai City, Maharashtra	Maharashtra, MUMBAI, C, 1204, ROYA OASIS, JANKALYAN NAGARMALVANI, NR BILLABONG SCHOOL, MALAD W, MUMBAI CITY, 12THFLOOR	latin	devanagari	latin	latin	7.55	7.55	78.9	100.0	creative	क्रिएटिव	cr	क्	12	1204	12thfloor	maharashtra	False	False	False	False
source2	S1-1838589	S2-302601328	India	Blue Solutions	ब्लू सॉल्यूशंस	Plot No. 432, R No. 8, Gayatri Chs Ltd., Sec 4, Near Saraswat Bank, Kandivali, Kandivali West, Mumbai, Maharashtra	#43, KANDIVALI WEST, Maharashtra, R NO. 8, GAYATRI CHS LTD., SEC 4, NEAR SARASWAT BANK, KANDIVALI, NULL	latin	devanagari	latin	latin	7.14	7.14	65.64	94.87	blue	ब्लू	bl	ब्	432	43	plot	43	False	False	False	False
source2	S1-455886423	S2-401166227	US	4022 Third Drive Partners LLC	Center 4022 Third Drive LLC	360 Union Avenue, West Haven, CT	00360 UNION AVENUE, WEST HAVEN, CT	latin	latin	latin	latin	71.43	85.71	96.77	96.77	4022	center	40	ce	360	00360	360	00360	False	False	False	False
source2	S1-937822241	S2-898950576	India	Black Infra Pvt Ltd	ಬ್ಲ್ಯಾಕ್ ಇನ್‌ಫ್ರಾ ಪ್ರೈವೇಟ್ ಲಿಮಿಟೆಡ್	Opp.Old Bpcl Petrol Bunk Road Near Ksrtc Bus Stand Shidlaghatta, Chikkaballapura, Kolar, Karnataka	PLOT 412 OPP.OLD BPCL PETROL BUNK ROAD NEAR KSRTC BUS STAND SHIDLAGHATTA, CHIKKABALLAPURA, ಕರ್ನಾಟಕ	latin	other	latin	latin	11.11	11.11	83.77	90.8	black	ಬ್ಲ್ಯಾಕ್	bl	ಬ್		412	opp	plot	False	False	False	False
source2	S1-382861164	S2-676596968	India	Fortune Finance Private Limited	Private Fortune Finance Limited	Rs No 226, Flat No C-808 Anantpuram Appart Bapat Camp, Kolhapur, Maharashtra	FLAT NO C-808 ANANTPURAM APPART BAPAT CAMP, RS NO D/226, KOLHAPUR, Maharashtra	latin	latin	latin	latin	74.19	100.0	85.14	100.0	fortune	private	fo	pr	226	808	rs	flat	False	False	False	False
source2	S1-314303471	S2-193738575	US	Kost & Welsh	Wélsh & Kost	27 Park Towne Drive, Granite City, IL	PARK TOWNE DR, null, GRANITE CITY, IL	latin	latin	latin	latin	40.0	90.0	84.06	86.67	kost	wélsh	ko	wé	27		27	park	False	False	False	False
source2	S1-856211419	S2-224725818	US	Dia, Inc	Ariaveragild	675 Brookbend Court, Waxahachie, TX	0675 BROOKBEND CT, WAXAHACHIE, TX	latin	latin	latin	latin	31.58	31.58	93.75	93.75	dia	ariaveragild	di	ar	675	0675	675	0675	False	False	False	False
source2	S1-421418713	S2-226752033	India	Universal Logistics LLP	यूनिवर्सल लॉजिस्टिक्स एलएलपी	Vill. Dubaki, P.O. Dawatpur, Fatehpur, Uttar Pradesh	NO 708 VILL. DUBAKI, P.O. DAWATPUR, FATEHPUR, Uttar Pradesh	latin	devanagari	latin	latin	7.84	7.84	93.07	100.0	universal	यूनिवर्सल	un	यू		708	vill	no	False	False	False	False
source2	S1-527497541	S2-119862819	India	Alpha Care Limited	अल्फा केयर लिमिटेड	Maharashtra, A 204 Sawali Co Op Hsg Soc Plot 41 Sec 5 Khargar, Raigarh, Khargar	A 00204 SAWALI CO OP HSG SOC PLOT 41 SEC 5 KHARGAR, RAIGARH, RAIGARH (MAHARASHTRA), Maharashtra	latin	devanagari	latin	latin	11.11	11.11	74.7	98.55	alpha	अल्फा	al	अल	204	00204	maharashtra	a	False	False	False	False
source2	S1-680247081	S2-90458208	US	Alvarado, Dillon & Marshall Odyssey LLC	LLC Alvarado Dillon & Marshall Odyssey	215 Calhoun Lane, Bldg Lot 13, Billings, MT	00215 CALHOUN LN, BILILNGS, MT	latin	latin	latin	latin	88.89	100.0	73.53	73.53	alvarado	llc	al	ll	215	00215	215	00215	False	False	False	False
source2	S1-537191216	S2-993498227	India	Big Healthcare Private Limited	बिग हेल्थकेयर प्राइवेट लिमिटेड	3Rd Floor Office No 300 Galore Tech, Survey No 22 Hissa No 2 1 3 1 4 1 1 Bavdhan Khurd, Pune City, Pune, Maharashtra	6-3RD FLOOR OFFICE NO 300 GALORE TECH, SURVEY NO 22 HISSA NO 2 1 3 1 4 1 1 BAVDHAN KHURD, PUNE CITY, PUNE, महाराष्ट्र	latin	devanagari	latin	mixed_latin_devanagari	10.0	10.0	89.78	93.26	big	बिग	bi	बि	3	6	3rd	6	False	False	False	False
source2	S1-495839809	S2-904347956	India	Lotus Business Private Limited	ಲೋಟಸ್ ಬಿಸಿನೆಸ್ ಪ್ರೈವೇಟ್ ಲಿಮಿಟೆಡ್	No. 33/3, Banaswadi Road Extension M.S Nagar, Bangalore, Karnataka	BANASWADI ROAD EXTENSION M.S NAGAR, #35/3, BANGALORE, ಕರ್ನಾಟಕ	latin	other	latin	latin	9.68	9.68	75.63	89.32	lotus	ಲೋಟಸ್	lo	ಲೋ	33	35	no	banaswadi	False	False	False	False
source2	S1-263753520	S2-171637668	India	Silver Industries Private Limited	सिल्वर इंडस्ट्रीज प्राइवेट लिमिटेड	House No.65 (Basement), Furniture Block, Kirti Nagar, New Delhi, West Delhi, Delhi	NO. 208 HOUSE NO.65 (BASEMENT), NEW DELHI, Delhi	latin	devanagari	latin	latin	8.96	8.96	61.02	93.75	silver	सिल्वर	si	सि	65	208	house	no	False	False	False	False
source2	S1-324704727	S2-4097610	India	OQ Purpose Co	Dovabelo	D-7, Phase Iii Garden Homes Alkapuri, Gwalior, Madhya Pradesh	H.NO 87 D-7, GWALIOR, Madhya Pradesh	latin	latin	latin	latin	28.57	19.05	60.87	86.67	oq	dovabelo	oq	do	7	87	d	h	False	False	False	False
source2	S1-722437756	S2-302943175	India	GL India Limited	Limited GL India	Rayapuram Extension 2Nd Street, Coimbatore, Tamil Nadu, 43, Tiruppur	43, RAYAPURAM EXTENSION 2ND STREET, TIRUPPUR, TIRUPUR, தமிழ்நாடு	latin	latin	latin	latin	50.0	100.0	67.74	82.35	gl	limited	gl	li	2	43	rayapuram	43	False	False	False	False
source2	S1-530496673	S2-824251240	US	Professional Wealth Digital LLC	THE PROFESSIONAL WEALTH DIGITAL LLC	2404 3rd Street, Washington, DC	02404 THIRD ST, WASHINGTON, DC	latin	latin	latin	latin	93.94	100.0	84.21	77.19	professional	the	pr	th	2404	02404	2404	02404	False	False	False	False
source2	S1-83402127	S2-272290151	India	Raj Global Limited	राज ग्लोबल लिमिटेड	611 - A, Tulsiani Chambers, Nariman Point, Mumbai, Mumbai City, Maharashtra	महाराष्ट्र, MUMBAI, MUMBAI CITY, 61 - A	latin	devanagari	latin	mixed_latin_devanagari	11.11	11.11	41.18	65.0	raj	राज	ra	रा	611	61	611	महाराष्ट्र	False	False	False	False
source2	S1-683239030	S2-923449243	US	Cleopatra Horta Premium Inc	The Cleopatra Horta Premium Inc	635 Kings Creek Loop, Unit R252, Brevard, NC	KINGS CREEK LOOP, BREVARD, NC	latin	latin	latin	latin	93.1	100.0	79.41	100.0	cleopatra	the	cl	th	635		635	kings	False	False	False	False
source2	S1-394093741	S2-587870747	India	Fortune Care Limited	Sri Fortune Limited Partners	Hanuman Marg, Prasad Th. Sarada, Udaipur, Rajasthan	HN 44 HANUMAN MARG, PRASAD TH. SARADA, UDAIPUR, Rajasthan	latin	latin	latin	latin	62.5	85.71	94.0	100.0	fortune	sri	fo	sr		44	hanuman	hn	False	False	False	False
source2	S1-429266588	S2-777032501	India	Surya Marketing Private Limited	सूर्य मार्केटिंग प्राइवेट लिमिटेड	R.S No 87/2, Ram Nagar Vadgaon, Kolhapur, Hatkanagale, Maharashtra	H.NO 586 R.S NO 87/2, RAM NAGAR VADGAON, KOLHAPUR, HATKANAGALE, Maharashtra	latin	devanagari	latin	latin	9.38	9.38	93.23	100.0	surya	सूर्य	su	सू	87	586	r	h	False	False	False	False
source2	S1-464958840	S2-29605338	India	Shakti Exports Private Limited	Limited Shakti Private Center	11-4-19/3, Srinivasapuram Colony, Kovvuru, Andhra Pradesh	0011-4-19/3, KOVVURU, SRINIVASAPURAM COLONY, Andhra Pradesh	latin	latin	latin	latin	57.63	86.27	83.64	98.18	shakti	limited	sh	li	11	0011	11	0011	False	False	False	False
source2	S1-83402127	S2-66250431	India	Raj Global Limited	राज ग्लोबल लिमिटेड	611 - A, Tulsiani Chambers, Nariman Point, Mumbai, Mumbai City, Maharashtra	H.NO 61 - A, TULSIANI CHAMBERS, NARIMAN POINT, MUMBAI CITY, MUMBAI, महाराष्ट्र	latin	devanagari	latin	mixed_latin_devanagari	11.11	11.11	73.38	84.91	raj	राज	ra	रा	611	61	611	h	False	False	False	False
source2	S1-267433852	S2-644002932	India	Sree Producer Private Limited	ஸ்ரீ புரொட்யூசர் பிரைவேட் லிமிடெட்	No 2 19Th Street, 5Th Avenue, Ashok Nagar, Chennai, Tamil Nadu	#5 19TH STREET, 5TH AVENUE, ASHOK NAGAR, CHENNAI, Tamil Nadu	latin	other	latin	latin	9.52	9.52	95.58	98.15	sree	ஸ்ரீ	sr	ஸ்	2	5	no	5	False	False	False	False
source2	S1-91646506	S2-509013322	India	Eastern Constructions Private Limited	ஈஸ்டர்ன் கன்ஸ்ட்ரக்ஷன்ஸ் பிரைவேட் லிமிடெட்	Madurai, 36A/12, Tamil Nadu, Khan Palayam, 4Th Street, Madurai North	NO A-445 36A/12, KHAN PALAYAM, 4TH STREET, MADURAI NORTH, MADURAI, Tamil Nadu	latin	other	latin	latin	7.59	7.59	68.15	100.0	eastern	ஈஸ்டர்ன்	ea	ஈஸ	36	445	madurai	no	False	False	False	False
source2	S1-428622363	S2-370601468	US	Orbos Insurance LLC	The Orbos Insurance LLC	426 Counselors Way, SC, Fort Mill, Unit APT 208		latin	latin	latin	empty	90.48	100.0	0.0	0.0	orbos	the	or	th	426		426		False	False	False	False
source2	S1-578353639	S2-605501962	India	New Delhi Leathers Private Limited	Limited New Leathers Private [Service]	709/58, Sahyog Building Nehru Place, New Delhi, South Delhi, Delhi	0709/58, SOUTH DELHI, NEW DELHI, Delhi	latin	latin	latin	latin	65.71	90.32	61.86	87.8	new	limited	ne	li	709	0709	709	0709	False	False	False	False
source2	S1-671589138	S2-618598117	US	Hinkle Associates Inc	The Hinkle Associates Inc	2840 Olympic Court, Clarkston, WA	284 OLYMPIC COURT, CLARKSTON, WA	latin	latin	latin	latin	91.3	100.0	98.36	98.36	hinkle	the	hi	th	2840	284	2840	284	False	False	False	False
source2	S1-950459000	S2-309113779	India	Creative North Systems Private Limited	ক্রিয়েটিভ নর্থ সিস্টেমস প্রাইভেট লিমিটেড	Howrah, Kolkata, C/O Tamasree Ghosh Nabajiban Colony Bisharpara, West Bengal, Kolkata	C/O TAMASREE GHOSH NABAJIBAN COLONY BISHARPARA, KOLKATA, HOWRAH, West Bengal	latin	other	latin	latin	10.13	10.13	75.32	100.0	creative	ক্রিয়েটিভ	cr	ক্			howrah	c	False	False	False	False
source2	S1-405520008	S2-923785025	India	Gaj Assurance (India)	Mr GAJ ASSURACCE [(INDIA)]	No 33/4, 2Nd Floor, Madipakkam Koot Road, Saidapet, Kanchipuram, Tamil Nadu	#033/4 , 2ND FLOOR, MADIPAKKAM KOOT ROAD, SAIDAPET, Tamil Nadu	latin	latin	latin	latin	87.8	87.8	87.3	96.3	gaj	mr	ga	mr	33	033	no	033	False	False	False	False
source2	S1-693364394	S2-714297903	US	Valdez and Murphy Energia Inc	Inc Valdez And Murphy Energia	3911 Circle Drive, Wichita Falls, TX	3607 CIRCLE DR, WICHITA FALLS, TX	latin	latin	latin	latin	86.21	100.0	86.15	86.15	valdez	inc	va	in	3911	3607	3911	3607	False	False	False	False
source2	S1-320209096	S2-942505262	India	Om Foods Private Limited	ੴ ਫੂਡਜ਼ ਪ੍ਰਾਈਵੇਟ ਲਿਮਟਿਡ	59, Type 2 Sec 1, Naya Nangal, Anandpur Sahib, Rupnagar, Punjab	Punjab, RUPNAGAR, H.NO 142 59, ANANDPUR SAHIB	latin	other	latin	latin	12.77	12.77	46.0	88.0	om	ੴ	om	ੴਫ	59	142	59	punjab	False	False	False	False
source2	S1-937822241	S2-809720179	India	Black Infra Pvt Ltd	ಬ್ಲ್ಯಾಕ್ ಇನ್‌ಫ್ರಾ ಪ್ರೈವೇಟ್ ಲಿಮಿಟೆಡ್	Opp.Old Bpcl Petrol Bunk Road Near Ksrtc Bus Stand Shidlaghatta, Chikkaballapura, Kolar, Karnataka	PLOT 412 OPP.OLD BPCL PETROL BUNK ROAD NEAR KSRTC BUS STAND SHIDLAGHATTA, SOUTH KARNATAKA REGION, KOLAR, ಕರ್ನಾಟಕ	latin	other	latin	latin	11.11	11.11	75.49	90.8	black	ಬ್ಲ್ಯಾಕ್	bl	ಬ್		412	opp	plot	False	False	False	False
source2	S1-126022071	S2-689638893	India	Jay Food Private Limited	ଜୟ ଫୁଡ୍ ପ୍ରାଇଭେଟ୍ ଲିମିଟେଡ୍	Orissa, Jagatsinghpur, Khata No 181 Nimidhi Gate Bazaar Paradeep Garh, C/O Ramesh Ch Nayak P.No 40, Jagatsinghapur	0785 C/O RAMESH CH NAYAK P.NO 40, JAGATSINGHPUR, <NULL>, Odisha, KHATA NO 181 NIMIDHI GATE BAZAAR PARADEEP GARH	latin	other	latin	latin	12.0	12.0	60.47	90.91	jay	ଜୟ	ja	ଜୟ	181	0785	orissa	0785	False	False	False	False
source2	S1-394093741	S2-602056412	India	Fortune Care Limited	फॉर्च्यून केयर लिमिटेड	Hanuman Marg, Prasad Th. Sarada, Udaipur, Rajasthan	HN 44 HANUMAN MARG, UDAIPUR, राजस्थान	latin	devanagari	latin	mixed_latin_devanagari	9.52	9.52	51.22	72.73	fortune	फॉर्च्यून	fo	फॉ		44	hanuman	hn	False	False	False	False
source2	S1-450618700	S2-488046128	India	Silver Consulting Pvt Ltd	சில்வர் கன்சல்டிங் பிரைவேட் லிமிடெட்	8-10/41-42 Elango Nagar 2Nd Street, P N Road, Tiruppur, Coimbatore, Tamil Nadu	TIRUPPUR, தமிழ்நாடு, 9-10/41-42 ELANGO NAGAR 2ND STREET, P N ROAD, COIMBATORE	latin	other	latin	latin	9.84	9.84	72.11	91.04	silver	சில்வர்	si	சி	8	9	8	tiruppur	False	False	False	False
source2	S1-837542024	S2-9209243	US	A Crystal Credit Inc	Service A Credit Inc	553 Par Drive, Unit Apt 6, Marion, AR	Par Dr, MARION, AR	latin	latin	latin	latin	65.0	75.0	64.0	89.66	a	service	ac	se	553		553	par	False	False	False	False
source2	S1-154182001	S2-253314738	India	Reeva Industries Group	Smt Reeva Group (Industries)	8-21-Ant-502, Narava Road, 8Th Ward Giddlur, Giddalur, Prakasam, Andhra Pradesh		latin	latin	latin	empty	66.67	100.0	0.0	0.0	reeva	smt	re	sm	8		8		False	False	False	False
source2	S1-867998778	S2-126598464	India	Premier Sunrise International Private Limited	പ്രീമിയർ സൺറൈസ് ഇന്റർനാഷണൽ പ്രൈവറ്റ് ലിമിറ്റഡ്	House, 40/445, Mamangalam, Palarivattom P.O, Ernakulam, Ernakulam, Kerala	ERNAKULAM, Kerala, HOUSE, ERNAKULAM, N/A	latin	other	latin	latin	8.79	8.79	50.49	91.67	premier	പ്രീമിയർ	pr	പ്	40		house	ernakulam	False	False	False	False
source2	S1-484753372	S2-407233156	India	North Logistics Private Limited	नॉर्थ लॉजिस्टिक्स प्राइवेट लिमिटेड	Ammber Enncllave Bldg No 2B Wing F No 902 Kanchangaon, Thakurli, Thane, Maharashtra	THAKURLI, H.NO 189 AMMBER ENNCLLAVE BLDG NO 2B WING F NO 902 KANCHANGAON, THANE, Maharashtra	latin	devanagari	latin	latin	9.23	9.23	84.02	100.0	north	नॉर्थ	no	नॉ	2	189	ammber	thakurli	False	False	False	False
source2	S1-512287160	S2-34458544	US	Boyle Encore Inc	Encore Boyle Inc	691 Main Street, Unit 1/2, Marion, OH	PMB 2760, OH, 691-D MAIN STREET, MARION	latin	latin	latin	latin	62.5	100.0	62.86	84.75	boyle	encore	bo	en	691	2760	691	pmb	False	False	False	False
source2	S1-221941373	S2-971768566	India	South Developers Private Limited	साउथ डेवलपर्स प्राइवेट लिमिटेड	1 Mela Ram Market, 913/17 Chotta Chippiwara Chawri Bazar, Delhi	DELHI, दिल्ली, 913/17 CHOTTA CHIPPIWARA CHAWRI BAZAR, DOOR NO D/1 MELA RAM MARKET	latin	devanagari	latin	mixed_latin_devanagari	9.68	9.68	64.75	100.0	south	साउथ	so	सा	1	913	1	delhi	False	False	False	False
source2	S1-6995546	S2-755610167	India	South Technology Limited	साउथ टेक्नोलॉजी लिमिटेड	Unit No 1301, 13Th Floor, Peninsula Business Park Tower B Senapati Bapat Marg, Lower Pare, L West, Mumbai, Mumbai City, Maharashtra	PLOT 451 UNIT NO 1301, 13TH FLOOR, PENINSULA BUSINESS PARK TOWER B SENAPATI BAPAT MARG, LOWER PARE, L WEST, MUMBAI, MUMBAI CITY, Maharashtra	latin	devanagari	latin	latin	8.51	8.51	96.5	100.0	south	साउथ	so	सा	1301	451	unit	plot	False	False	False	False
source2	S1-302460878	S2-474866215	US	Lewis Fortune LLC	LLC Lewis Foute	TN, 2948 Harris Circle, Memphis	002948 HARRIS CIR, MEMPHIS, TN	latin	latin	latin	latin	62.5	87.5	80.7	91.23	lewis	llc	le	ll	2948	002948	tn	002948	False	False	False	False
source2	S1-643898887	S2-297738889	US	Taylor Harbor Senior	Harbor Taylor Sendrio	9219 Falls Creek Trail, Albuquerque, NM	ALBUQUERQUE CITY, NM, 8922 FALLS CREEK TRAIL	latin	latin	latin	latin	63.41	92.68	50.63	92.75	taylor	harbor	ta	ha	9219	8922	9219	albuquerque	False	False	False	False
source2	S1-992548042	S2-42198318	US	Meeks, Lee and Correia LLC	Nylabrix	169 Main Street, Unit 4, West Springfield, MA	MAIN STREET, WEST SPRINGFIELD, MA	latin	latin	latin	latin	24.24	18.18	84.93	100.0	meeks	nylabrix	me	ny	169		169	main	False	False	False	False
source2	S1-495839809	S2-7179008	India	Lotus Business Private Limited	ಲೋಟಸ್ ಬಿಸಿನೆಸ್ ಪ್ರೈವೇಟ್ ಲಿಮಿಟೆಡ್	No. 33/3, Banaswadi Road Extension M.S Nagar, Bangalore, Karnataka	217/8, BANASWADI ROAD EXTENSION M.S NAGAR, BANGALORE, Karnataka	latin	other	latin	latin	9.68	9.68	91.8	94.74	lotus	ಲೋಟಸ್	lo	ಲೋ	33	217	no	217	False	False	False	False
source2	S1-901286612	S2-910529923	India	Perfect Finance Pvt Ltd	परफेक्ट फाइनेंस प्रा. लि.	Shri Krushan Nagar, Barshi Road, Osmanabad, Maharashtra	BARSHI ROAD, महाराष्ट्र, OSMANABAD, PLOT 519 SHRI KRUSHAN NAGAR, UPLA	latin	devanagari	latin	mixed_latin_devanagari	13.04	13.04	47.86	86.96	perfect	परफेक्ट	pe	पर		519	shri	barshi	False	False	False	False
source2	S1-937822241	S2-25671971	India	Black Infra Pvt Ltd	ಬ್ಲ್ಯಾಕ್ ಇನ್‌ಫ್ರಾ ಪ್ರೈವೇಟ್ ಲಿಮಿಟೆಡ್	Opp.Old Bpcl Petrol Bunk Road Near Ksrtc Bus Stand Shidlaghatta, Chikkaballapura, Kolar, Karnataka	PLOT 412 OPP.OLD BPCL PETROL BUNK ROAD NEAR KSRTC BUS STAND SHIDLAGHATTA, CHIKKABALLAPURA, Karnataka	latin	other	latin	latin	11.11	11.11	92.23	96.74	black	ಬ್ಲ್ಯಾಕ್	bl	ಬ್		412	opp	plot	False	False	False	False
source2	S1-288786162	S2-244746627	India	Lotus Global Limited	লোটাস গ্লোবাল লিমিটেড	7/13, Narkel Danga Main Road, Kolkata, Howrah, West Bengal	007/13, KOLKATA, West Bengal	latin	other	latin	latin	9.76	9.76	60.0	91.67	lotus	লোটাস	lo	লো	7	007	7	007	False	False	False	False
source2	S1-429266588	S2-376468231	India	Surya Marketing Private Limited	सूर्या मार्केटिंग प्राइवेट लिमिटेड	R.S No 87/2, Ram Nagar Vadgaon, Kolhapur, Hatkanagale, Maharashtra	586 R.S NO 87/2, RAM NAGAR VADGAON, HATKANAGALE, KOLHAPUR, Maharashtra	latin	devanagari	latin	latin	9.23	9.23	82.81	100.0	surya	सूर्या	su	सू	87	586	r	586	False	False	False	False
source2	S1-735574718	S2-902401508	India	Armour Exports of Ahmedabad	Smt Armour Áhmedabad of Exports	810-G, Ahmedabad, Titaniumcitycenter, 293/1/P, T.P-03. 100Ft.Road, Nr.Sachintower, Anandnagar, Ahmedabad, Gujarat	8-10-G, TITANIUMCITYCENTER, 293/1/P, T.P-03. 100FT.ROAD, NR.SACHINTOWER, ANANDNAGAR, AHMEDABAD, ગુજરાત	latin	latin	latin	latin	51.72	89.66	87.88	93.02	armour	smt	ar	sm	810	8	810	8	False	False	False	False
source2	S1-408063271	S2-75511490	India	Panacea Inds Limited	Smt Panacea-Inds Limited	Ichapur Road, Kadamtala, Lp-217/14/4, Howrah, 62/11/1, West Bengal	062/11/1, ICHAPUR ROAD, KADAMTALA, LP-217/14/4, HOWRAH, West Bengal	latin	latin	latin	latin	90.91	100.0	86.18	99.19	panacea	smt	pa	sm	217	062	ichapur	062	False	False	False	False
source2	S1-632088756	S2-180876391	India	AH Agro Private Limited	Private AH Agro Ltd	Site No. 4, Golden Industrial Layout Kaniyur Village, Coimbatore, Tamil Nadu	HN 109/7 SITE NO. 4, COIMBATORE, Tamil Nadu	latin	latin	latin	latin	52.38	90.48	57.14	87.32	ah	private	ah	pr	4	109	site	hn	False	False	False	False
source2	S1-377966619	S2-810737942	US	Alcala Era PLLC	ERA ALCALA PLLC	6566 Metso Road, Kettle River, MN	656 METSO RD, KETTLE RIVER, MN	latin	latin	latin	latin	73.33	100.0	94.92	94.92	alcala	era	al	er	6566	656	6566	656	False	False	False	False
source2	S1-226090714	S2-38619156	India	Star Infra Private Limited	സ്റ്റാർ ഇൻഫ്ര പ്രൈവറ്റ് ലിമിറ്റഡ്	1/440, Vadakkancherry P.O.Trichur Dist, Thalapilly, Thrissur, Kerala	440, THALAPILLY, THRISSUR, Kerala	latin	other	latin	latin	10.17	10.17	63.83	100.0	star	സ്റ്റാർ	st	സ്	1	440	1	440	False	False	False	False
source2	S1-321818285	S2-825953048	India	Planet Traders Limited	Traders Planet Limited	Ankamvetti Kavala, Puthupariyaram P.O, Manakkadu, Thodupuzha, Thodupuzha, Idukki, Kerala	THODUPUZHA, IDUKKI, കേരളം, ANKAMVETTI KAVALA	latin	latin	latin	latin	68.18	100.0	37.4	92.11	planet	traders	pl	tr			ankamvetti	thodupuzha	False	False	False	False
source2	S1-637427281	S2-122524155	US	United Program PLLC	Program ... United	11455 2, Double Springs, AL	2, DOUBLE SPRINGS, AL	latin	latin	latin	latin	48.48	100.0	86.36	100.0	united	program	un	pr	11455	2	11455	2	False	False	False	False
source2	S1-296416408	S2-127106558	India	Perfect Finance Pvt Ltd	परफेक्ट फाइनेंस प्रा. लि.	C/O Munna Thakur, Ward No7, Ward No.-7, Ps-Malahi, Areraj, East Champaran, Bihar	NO. 20 C/O MUNNA THAKUR, PURBI CHAMPARAN, EAST CHAMPARAN, Bihar	latin	devanagari	latin	latin	13.04	13.04	68.18	89.89	perfect	परफेक्ट	pe	पर	7	20	c	no	False	False	False	False
source2	S1-135251474	S2-181184985	India	Helot Medical Centre Pvt Ltd	Smt Helot Medical Centre Pvt Ltd	Bangalore South, 16Th Cross, 27Th Main, Sector-1, No 2729, Karnataka, Bangalore	H.NO 2729 , 16TH CROSS, 27TH MAIN, SECTOR-1, BANGALORE SOUTH, ಕರ್ನಾಟಕ	latin	latin	latin	latin	93.33	100.0	63.24	91.38	helot	smt	he	sm	16	2729	bangalore	h	False	False	False	False
source2	S1-298578196	S2-895593447	US	Isahella Matlock Mining LLC	Mialofck, Isahella Mining LLC	34742 101 Business, Astoria, OR	101 BUSINESS, ASTORIA, OR	latin	latin	latin	latin	69.09	94.55	88.46	100.0	isahella	mialofck	is	mi	34742	101	34742	101	False	False	False	False
source2	S1-24195381	S2-672242056	India	Hari Marketing LLP	हरि मार्केटिंग एलएलपी	808, Pearl Best Heights-I, Nsp, Pitampura, Delhi, North West Delhi, Delhi	DOOR NO 12 808, DELHI, NORTH WEST DELHI, Delhi	latin	devanagari	latin	latin	10.26	10.26	60.0	78.43	hari	हरि	ha	हर	808	12	808	door	False	False	False	False
source2	S1-726365524	S2-554119899	India	Classic Trading Private Limited	Nexdelta	Office No. 7 & 8, Sector - 2, Plot No. - 2, Phase - Ii, Nerul (West), Navi Mumbai, Thane, Maharashtra	BLOCK D-76 OFFICE NO. 7 & 8, SECTOR - 2, PLOT NO. - 2, PHASE - II, NERUL (WEST), NAVI MUMBAI, THANE, Maharashtra	latin	latin	latin	latin	20.51	25.64	93.71	100.0	classic	nexdelta	cl	ne	7	76	office	block	False	False	False	False
source2	S1-191406032	S2-997975063	India	Green Developers Private Limited	Dr Green  Developers Private Limited	First Floor, Chokkalinganagar Main Rd, Tamil Nadu, Madurai, No.4B, Madurai South	DOOR NO 04B , FIRST FLOOR, CHOKKALINGANAGAR MAIN RD, MADURAI SOUTH, Tamil Nadu	latin	latin	latin	latin	95.52	100.0	68.92	97.71	green	dr	gr	dr	4	04	first	door	False	False	False	False
source2	S1-988630610	S2-512114912	India	Innovative Hospitality Pvt Ltd	ઇનોવેટિવ હોસ્પિટાલિટી પ્રા. લિ.	Ff-14 Shreenath Avenue Nr, Iira Int. School Bhayli, Vadodara, Gujarat	##466 FF-14 SHREENATH AVENUE NR, IIRA INT. SCHOOL BHAYLI, VADODARA, Gujarat	latin	other	latin	latin	10.17	10.17	97.01	100.0	innovative	ઇનોવેટિવ	in	ઇન	14	466	ff	466	False	False	False	False
source2	S1-203955016	S2-396085677	India	Green Infra Private Limited	ग्रीन इंफ्रा प्राइवेट लिमिटेड	Bhaiyasaheb Ambedkar Naga, R, Ot Section, Kalyan, Thane, Maharashtra	HN 534 BHAIYASAHEB AMBEDKAR NAAG, KALYAN, THANE, Maharashtra	latin	devanagari	latin	latin	10.71	10.71	81.67	88.24	green	ग्रीन	gr	ग्		534	bhaiyasaheb	hn	False	False	False	False
source2	S1-661546405	S2-584423858	India	Silver Engineering Private Limited	SÍLVERENGINEERING.COM	Riaz Garden, Old No. 12, New No 29, Kodambakkam High Road, Chennai, Tamil Nadu	HN 7-164 RIAZ GARDEN, OLD NO. 12, NEW NO 29, KODAMBAKKAM HIGH ROAD, CHENNAI, Tamil Nadu	latin	latin	latin	latin	65.45	40.0	94.12	100.0	silver	sílverengineering	si	sí	12	7	riaz	hn	False	False	False	False
source2	S1-784144577	S2-989068026	India	Guru Services Private Limited	ಗುರು ಸರ್ವಿಸಸ್ ಪ್ರೈವೇಟ್ ಲಿಮಿಟೆಡ್	18, Ramashree Arcadeii Floor, M.G. Road, Bangalore, Karnataka	BLOCK E-71 18, RAMASHREE ARCADEII FLOOR, M.G. ROAD, BANGALORE, ಕರ್ನಾಟಕ	latin	other	latin	latin	10.0	10.0	77.69	90.2	guru	ಗುರು	gu	ಗು	18	71	18	block	False	False	False	False
source2	S1-274659648	S2-772983988	US	Integrated Media Concepts Corp	mediaintegrated.com	Kingsport, 3907 Skyland Drive, TN	390 SKYLAND DR, KINGSPORT, TN	latin	latin	latin	latin	53.06	53.06	62.07	93.1	integrated	mediaintegrated	in	me	3907	390	kingsport	390	False	False	False	False
source2	S1-856522775	S2-269803983	US	Johnson Smart of Raleigh	Zephwex	Unit 411, NC, 11200 Tidewater Lane, Raleigh	TIDEWATER LANE, RALEIGH, NC	latin	latin	latin	latin	12.9	12.9	67.69	100.0	johnson	zephwex	jo	ze	411		unit	tidewater	False	False	False	False
source2	S1-356968386	S2-649333859	India	HGX Market Private Limited	Limited HGX Market Services	Uttar Pradesh, Dharmshala Nawabganj, Bareilly, C/O Surendra Kumar Mo Kaharan Near Babu Ram, Nawabganj	C/O SURENDRA KUMAR MO KAHARAN NEAR BABU RAM, BAREILLY, Uttar Pradesh	latin	latin	latin	latin	56.6	83.02	57.67	100.0	hgx	limited	hg	li			uttar	c	False	False	False	False
source2	S1-177669122	S2-436763530	US	Motley, Romo & Cross Lion Inc	Inc Motley, Romo & Cdlss Lion	45 La Granja Road, San Benito, TX	55 LA GRANJA ROAD, SAN BENITO, TX	latin	latin	latin	latin	76.92	92.31	96.77	96.77	motley	inc	mo	in	45	55	45	55	False	False	False	False
source2	S1-118502154	S2-576729383	India	North Constructions Private Limited	नॉर्थ कंस्ट्रक्शंस प्राइवेट लिमिटेड	Office No Bw9021, Maharashtra, 9Th Floor, G Block Bharat Diamond Bourse, Bkc, Bandra East, Bandra Suburban, Mumbai	BANDRA SUBURBAN, 9TH FLOOR, G BLOCK BHARAT DIAMOND BOURSE, BKC, BANDRA EAST, MUMBAI, Maharashtra, OFFICE NO BW9021	latin	devanagari	latin	latin	8.57	8.57	69.16	100.0	north	नॉर्थ	no	नॉ	9021	9	office	bandra	False	False	False	False
source2	S1-6196517	S2-965299261	India	Gujarat Logistics Private Limited	குஜராத் லாஜிஸ்டிக்ஸ் பிரைவேட் லிமிடெட்	New No 40, Old No56 3Rd Main Road, Kasthuribai Nagar Adyar, Chennai City Corporation, Chennai, Tamil Nadu	Tamil Nadu, OLD NO56 3RD MAIN ROAD, KASTHURIBAI NAGAR ADYAR, CHENNAI CITY CORPORATION, CHENNAI, 40	latin	other	latin	latin	8.45	8.45	86.01	100.0	gujarat	குஜராத்	gu	கு	40	56	new	tamil	False	False	False	False
source2	S1-456378342	S2-415166705	India	Ostrich Constructions LLP	Mr Ostrich Cosutcins LLP	No. 88 And 89, Indira Nagar, Bagalur Road, Hosur, Krishnagiri, Dharmapuri, Tamil Nadu		latin	latin	latin	empty	81.63	81.63	0.0	0.0	ostrich	mr	os	mr	88		no		False	False	False	False
source2	S1-252968531	S2-17629671	India	Rk Products Limited	Sri Rk Products	Pl.No.9, Sy.No.17, 2 Floor, Himagirinagar, Gandhamguda, Rajendra Nagar, Hyderabad, Telangana		latin	latin	latin	empty	64.71	84.62	0.0	0.0	rk	sri	rk	sr	9		pl		False	False	False	False
source2	S1-988630610	S2-667928423	India	Innovative Hospitality Pvt Ltd	ઇનોવેટિવ હોસ્પિટાલિટી પ્રા. લિ.	Ff-14 Shreenath Avenue Nr, Iira Int. School Bhayli, Vadodara, Gujarat	#466 FF-14 SHREENATH AVENUE NR, VADODARA, ગુજરાત	latin	other	latin	latin	10.17	10.17	63.64	86.08	innovative	ઇનોવેટિવ	in	ઇન	14	466	ff	466	False	False	False	False
source2	S1-71184815	S2-169503815	US	Secure Usa LLC	LLC SECURE USA	4163 Green Trail, Town Of Jackson, WI	04163 GREEN TRAIL, TOWN OF JACKSON, WI	latin	latin	latin	latin	71.43	100.0	98.59	98.59	secure	llc	se	ll	4163	04163	4163	04163	False	False	False	False
source2	S1-524269445	S2-217192442	India	Dynamic Trading Pvt Ltd	ಡೈನಾಮಿಕ್ ಟ್ರೇಡಿಂಗ್ ಪ್ರೈವೇಟ್ ಲಿಮಿಟೆಡ್	21 1St Cross 1St Block, Akshaya Nagar Tc Palya, Bangalore North, Bangalore, Karnataka	NO 0021 1ST CROSS 1ST BLOCK, BENGALURU RURAL, BANGALORE, ಕರ್ನಾಟಕ	latin	other	latin	latin	10.17	10.17	59.15	64.52	dynamic	ಡೈನಾಮಿಕ್	dy	ಡೈ	21	0021	21	no	False	False	False	False
source2	S1-502187379	S2-164274812	India	Millennium Event (India) Corp	M/s Millennium Event (India) Corporation	Maharashtra, Mumbai, Bandra, Gw 3020 G Block Bharat, Diamond Bourse Bkc	H.NO 568 GW 3020 G BLOCK BHARAT, DIAMOND BOURSE BKC, BANDRA, Maharashtra	latin	latin	latin	latin	83.08	89.8	66.18	94.49	millennium	m	mi	ms	3020	568	maharashtra	h	False	False	False	False
source2	S1-978632804	S2-913101766	India	Blue Sky Technology LLP	ब्लू स्काई टेक्नोलॉजी एलएलपी	Maharashtra, Mumbai, 2Fl, 288 Tungekar, Th Katariya Rd Matunga W, Fl N 8	FL N 8, 2FL, 288 TUNGEKAR, TH KATARIYA RD MATUNGA W, UBI, MUMBAI, Maharashtra	latin	devanagari	latin	latin	11.76	11.76	66.67	100.0	blue	ब्लू	bl	ब्	2	8	maharashtra	fl	False	False	False	False
source2	S1-45252741	S2-418222556	US	Pediatric Dental Group	The Pediatric Dental Group	451 Adams Avenue, Lebanon, TN	452 ADAMS AVE, LEBANON, TN	latin	latin	latin	latin	91.67	100.0	90.2	90.2	pediatric	the	pe	th	451	452	451	452	False	False	False	False
source2	S1-726365524	S2-168981801	India	Classic Trading Private Limited	क्लासिक ट्रेडिंग प्राइवेट लिमिटेड	Office No. 7 & 8, Sector - 2, Plot No. - 2, Phase - Ii, Nerul (West), Navi Mumbai, Thane, Maharashtra	BLOCK D-76 OFFICE NO. 7 & 8, SECTOR - 2, PLOT NO. - 2, PHASE - II, NERUL (WEST), NAVI MUMBAI, THANE, Maharashtra	latin	devanagari	latin	latin	9.38	9.38	93.71	100.0	classic	क्लासिक	cl	क्	7	76	office	block	False	False	False	False
source2	S1-695606943	S2-953890782	India	All Builders LLP	ऑल बिल्डर्स एलएलपी	205, Flr-2Nd, Plot 66-F, Steel Center, Sant Tukdoji Maharaj Road, Tata Power Carnac Bunder, Ch, Inchbunder, Mumbai, Mumbai City, Maharashtra	NO. 380 205, FLR-2ND, PLOT 66-F, STEEL CENTER, SANT TUKDOJI MAHARAJ ROAD, TATA POWER CARNAC BUNDER, CH, INCHBUNDER, Maharashtra, MUMBAI, MUMBAI CITY	latin	devanagari	latin	latin	11.76	11.76	88.39	100.0	all	ऑल	al	ऑल	205	380	205	no	False	False	False	False
source2	S1-775935177	S2-93090505	US	Heritage Research Global LLC	SERVICES HERITAGE GLOBAL LLC	2680 Rio Bravo Circle, Sacramento, CA	RIO BRAVO CIR, SACRAMENTO, CA	latin	latin	latin	latin	67.86	85.71	87.1	92.0	heritage	services	he	se	2680		2680	rio	False	False	False	False
source2	S1-431867032	S2-548731261	US	Straight Edge Barbershop LLC	EDGEBARBERSHOPSTRAIGHTCOM	320 1st Avenue, Unit 3, Salt Lake City, UT	00320 1ST AVENUE, SALT LAKE CITY, UT	latin	latin	latin	latin	56.6	67.92	87.67	90.32	straight	edgebarbershopstraightcom	st	ed	320	00320	320	00320	False	False	False	False
source2	S1-865704860	S2-938788648	US	Physical Therapy Platinum Partners of Houston LLC	L.L.C. PHYSlCAL THERAPY PLATINUM PARTNERS OF HOUSTON	7216 Los Angeles Street, Houston, TX	LOS ANGELES STREET, HOUSTON, TX	latin	latin	latin	latin	88.0	93.88	92.06	100.0	physical	l	ph	ll	7216		7216	los	False	False	False	False
source2	S1-960355473	S2-443666785	India	Visionary & Sons Private Limited	M/s Visionary & Soesn Private  Limited	Ground Floor, Incor Opulence Gunjur Palya Road, Gunjur Village, Varthur, Bangalore, Flat No.G05, Karnataka, Bangalore		latin	latin	latin	empty	89.23	90.91	0.0	0.0	visionary	m	vi	ms	05		ground		False	False	False	False
source2	S1-784144577	S2-248363578	India	Guru Services Private Limited	ಗುರು ಸರ್ವಿಸಸ್ ಪ್ರೈವೇಟ್ ಲಿಮಿಟೆಡ್	18, Ramashree Arcadeii Floor, M.G. Road, Bangalore, Karnataka	Karnataka, RAMASHREE ARCADEII FLOOR, M.G. ROAD, BLOCK E-71 18, BANGALORE	latin	other	latin	latin	10.0	10.0	71.54	100.0	guru	ಗುರು	gu	ಗು	18	71	18	karnataka	False	False	False	False
source2	S1-448291320	S2-302323060	US	Ledyne Freight LLC	LLC Ledyne Freight	Accokeek, MD, 16309 Tortola Drive	TORTOLA DRIVE, ACCOKEEK, MD	latin	latin	latin	latin	77.78	100.0	46.43	100.0	ledyne	llc	le	ll	16309		accokeek	tortola	False	False	False	False
source2	S1-671589138	S2-403641951	US	Hinkle Associates Inc	Solsol	2840 Olympic Court, Clarkston, WA	284 OLYMPIC CT, CLARKSTON, WA	latin	latin	latin	latin	22.22	29.63	93.1	93.1	hinkle	solsol	hi	so	2840	284	2840	284	False	False	False	False
source2	S1-568546215	S2-728165215	US	G & E Peace Inc.	6 & E Inc. [Peace]	113 Santa Fe Trail, Jacksonville, AR	11 SANTA FE TRAIL, JACKSONVILLE, AR	latin	latin	latin	latin	61.54	92.31	98.51	98.51	g	6	ge	6e	113	11	113	11	False	False	False	False
source2	S1-690151152	S2-228559678	India	Masco Foundation	Shri Masco Service	167 Ground Floor Abhay Khand - 1, Indrapuram, Ghaziabad, Uttar Pradesh		latin	latin	latin	empty	41.18	47.62	0.0	0.0	masco	shri	ma	sh	167		167		False	False	False	False
source2	S1-524928786	S2-525784117	India	Southern Bank Private Limited	Quoquodova	No 7 B Block Vasu Layout B1 Dattagally, Mysore, Karnataka	H.NO 007 B BLOCK VASU LAYOUT B1 DATTAGALLY, MYSORE, Karnataka	latin	latin	latin	latin	20.51	15.38	96.49	98.15	southern	quoquodova	so	qu	7	007	no	h	False	False	False	False
source2	S1-660980751	S2-933732670	India	Best International LLP	बेस्ट इंटरनेशनल एलएलपी	Guptabhavan, Plotno.7, Sectorn-7-J, Nearfusecallcentre, Cidco, Aurangabad, Maharashtra	BLOCK A-C-192 GUPTABHAVAN, PLOTNO.7, SECTORN-7-J, NEARFUSECALLCENTRE, CIDCO, AURANGABAD, Maharashtra	latin	devanagari	latin	latin	9.09	9.09	91.95	100.0	best	बेस्ट	be	बे	7	192	guptabhavan	block	False	False	False	False
source2	S1-421418713	S2-588266592	India	Universal Logistics LLP	यूनिवर्सल लॉजिस्टिक्स एलएलपी	Vill. Dubaki, P.O. Dawatpur, Fatehpur, Uttar Pradesh	H.NO 708 VILL. DUBAKI, P.O. DAWATPUR, FATEHPUR, Uttar Pradesh	latin	devanagari	latin	latin	7.84	7.84	91.26	100.0	universal	यूनिवर्सल	un	यू		708	vill	h	False	False	False	False
source2	S1-431990060	S2-20551819	US	National Compania PC	cnational.com	29507 68th Avenue, Peoria, AZ	68nd Avenue, PEORIA, AZ	latin	latin	latin	latin	72.73	66.67	79.17	86.49	national	cnational	na	cn	29507	68	29507	68nd	False	False	False	False
source2	S1-961623290	S2-759961153	India	First Products Private Limited	फर्स्ट प्रोडक्ट्स प्राइवेट लिमिटेड	21/13/1 Kaushik Enclave Burari, New Delhi, North East, Delhi	91/13/1 KAUSHIK ENCLAVE BURARI, NORTH EAST, NEW DELHI, Delhi	latin	devanagari	latin	latin	9.38	9.38	80.7	98.04	first	फर्स्ट	fi	फर	21	91	21	91	False	False	False	False
source2	S1-970563629	S2-190885081	India	Seven Marketing Private Limited	सेवन मार्केटिंग प्राइवेट लिमिटेड	New Delhi, Delhi, New Delhi, B.D. Chambers, 10/54, Desh Bandhu Road, Karol Bagh, No. 209	#209, B.D. CHAMBERS, 10/54, DESH BANDHU ROAD, KAROL BAGH, NEW DELHI, CENTRAL DELHI, Delhi	latin	devanagari	latin	latin	9.52	9.52	62.89	97.56	seven	सेवन	se	से	10	209	new	209	False	False	False	False
source2	S1-735574718	S2-16091054	India	Armour Exports of Ahmedabad	Smt Armour Exports of Ahmedabad Company	810-G, Ahmedabad, Titaniumcitycenter, 293/1/P, T.P-03. 100Ft.Road, Nr.Sachintower, Anandnagar, Ahmedabad, Gujarat	8-10-G, TITANIUMCITYCENTER, 293/1/P, T.P-03. 100FT.ROAD, NR.SACHINTOWER, ANANDNAGAR, AHMEDABAD, Gujarat	latin	latin	latin	latin	81.82	100.0	94.47	98.38	armour	smt	ar	sm	810	8	810	8	False	False	False	False
source2	S1-735574718	S2-815455910	India	Armour Exports of Ahmedabad	Dr Armour  Exports of Ahmedabad	810-G, Ahmedabad, Titaniumcitycenter, 293/1/P, T.P-03. 100Ft.Road, Nr.Sachintower, Anandnagar, Ahmedabad, Gujarat		latin	latin	latin	empty	94.74	100.0	0.0	0.0	armour	dr	ar	dr	810		810		False	False	False	False
source2	S1-461222117	S2-497549106	US	Barman Energetics, Inc	INC BARMAN ENERGETICS,	14241 Davenport Path, Rosemount, MN	DAVENPORT PATH, PO BOX 1594, ROSEMOUNT, MN	latin	latin	latin	latin	80.95	100.0	75.0	90.0	barman	inc	ba	in	14241	1594	14241	davenport	False	False	False	False
source2	S1-805270858	S2-255747426	India	Star Energy Limited	स्टार एनर्जी लिमिटेड	Mnit Campus, Rajasthan, Jln Marg, Jaipur, Jaipur	JAIPUR, MNIT CAMPUS, राजस्थान	latin	devanagari	latin	mixed_latin_devanagari	10.26	10.26	33.8	80.0	star	स्टार	st	स्			mnit	jaipur	False	False	False	False
source2	S1-869738580	S2-188981984	US	Reliable Esports Inc	ONYXLYRA	204 Branch Road, Thomaston, CT	THOMASTON, CT, 206 BRANCH RD	latin	latin	latin	latin	14.29	28.57	44.44	92.59	reliable	onyxlyra	re	on	204	206	204	thomaston	False	False	False	False
source2	S1-984429646	S2-862561867	India	Sun Infrastructure Limited	Mr Sun Infratiructcre Limited	Spaze It Park, Tower B3, 4Th Floor, Unit No- 442-4, Gurgaon, Haryana	#73 SPAZE IT PARK, TOWER B3, 4TH FLOOR, UNIT NO- 442-4, GURGAON, Haryana	latin	latin	latin	latin	87.27	87.27	97.64	100.0	sun	mr	su	mr	3	73	spaze	73	False	False	False	False
source2	S1-286101444	S2-982780815	US	Dental Partners of Rockford Inc.	partnersrockford.com	1125 Grant Avenue, Rockford, IL	ROCKFORD, IL, Grant Ave	latin	latin	latin	latin	70.59	74.51	44.0	89.47	dental	partnersrockford	de	pa	1125		1125	rockford	False	False	False	False
source2	S1-726365524	S2-96577363	India	Classic Trading Private Limited	Mr Classic Trading Private Ltd	Office No. 7 & 8, Sector - 2, Plot No. - 2, Phase - Ii, Nerul (West), Navi Mumbai, Thane, Maharashtra	BLOCK D-76 OFFICE NO. 7 & 8, SECTOR - 2, PLOT NO. - 2, PHASE - II, NERUL (WEST), NAVI MUMBAI, Maharashtra	latin	latin	latin	latin	88.52	88.52	89.94	95.95	classic	mr	cl	mr	7	76	office	block	False	False	False	False
source2	S1-716043904	S2-309185915	US	Reed Net L.L.C.	Vioveodrex	1937 S 30th St, Louisville, KY	SOUTH 30TH ST, LOUISVILLE, KY	latin	latin	latin	latin	25.0	27.27	83.64	87.5	reed	vioveodrex	re	vi	1937	30	1937	south	False	False	False	False
source2	S1-350132104	S2-907378021	India	Hotel Consulting Private Limited	ഹോട്ടൽ കൺസൾട്ടിംഗ് പ്രൈവറ്റ് ലിമിറ്റഡ്	C/O Noushad Gulzar House, Govt Hospital Road Vizhinjam, Neyyattinkara, Thiruvananthapuram, Trivandrum, Kerala	TRIVANDRUM, C/O NOUSHAD GULZAR HOUSE, Keralam	latin	other	latin	latin	8.57	8.57	42.18	89.74	hotel	ഹോട്ടൽ	ho	ഹോ			c	trivandrum	False	False	False	False
source2	S1-586108049	S2-649977241	US	Housing Guild III	GUILD HOUSING III	NY, 1855 Loring Place, Bronx	001855 LORING PL, BRONX, NY	latin	latin	latin	latin	64.71	100.0	78.43	90.2	housing	guild	ho	gu	1855	001855	ny	001855	False	False	False	False
source2	S1-808229884	S2-240844966	US	Superior Islands Co	Co Superior Islands	Harriman, 144 Foster Avenue, TN	FOSTER AVE, HARRIMAN, TN	latin	latin	latin	latin	84.21	100.0	54.9	90.0	superior	co	su	co	144		harriman	foster	False	False	False	False
source2	S1-983540069	S2-859028958	India	Ss Technology Private Limited	एसएस टेक्नोलॉजी प्राइवेट लिमिटेड	Shop No. 1164, Pvt No.2, First Floor Kucha Mahajani, Chandni Chowk, Delhi, Central Delhi, Delhi	#01164, Delhi, PVT NO.2, FIRST FLOOR KUCHA MAHAJANI, CHANDNI CHOWK, CENTRAL DELHI	latin	devanagari	latin	latin	9.84	9.84	83.44	95.77	ss	एसएस	ss	एस	1164	01164	shop	01164	False	False	False	False
source2	S1-47313775	S2-465157439	India	Bright Exports Pvt Ltd	ब्राइट एक्सपोर्ट्स प्रा. लि.	Bhawanimandi, Jhalawar, Pachpahar Road, Rajasthan	PACHPAHAR ROAD, BHAWANIMANDI, JHALAWAR, Rajasthan	latin	devanagari	latin	latin	12.5	12.5	67.39	100.0	bright	ब्राइट	br	ब्			bhawanimandi	pachpahar	False	False	False	False
source2	S1-522608106	S2-974533367	US	Zasoft Ramaco LLC	THE ZASOFT RAMACO LLC	1431 Iris Street, Oxnard, CA	CA, IRIS ST, CITY OF OXNARD	latin	latin	latin	latin	89.47	100.0	62.75	71.79	zasoft	the	za	th	1431		1431	ca	False	False	False	False
source2	S1-320209096	S2-498172900	India	Om Foods Private Limited	ਓਮ ਫੂਡਜ਼ ਪ੍ਰਾਈਵੇਟ ਲਿਮਟਿਡ	59, Type 2 Sec 1, Naya Nangal, Anandpur Sahib, Rupnagar, Punjab	H.NO 142 59, ANANDPUR SAHIB, RUPNAGAR, Punjab	latin	other	latin	latin	12.5	12.5	70.0	88.0	om	ਓਮ	om	ਓਮ	59	142	59	h	False	False	False	False
source2	S1-662088078	S2-180190676	US	Farica Parra Secure Fidelity Corp	Parra, Farica Secure Fidelity Corp	Merced, CA, 1031 Yosemite Avenue, Unit 1	YOSEMITE AVE, MERCEED, CA	latin	latin	latin	latin	84.85	100.0	46.67	73.33	farica	parra	fa	pa	1031		merced	yosemite	False	False	False	False
source2	S1-527497541	S2-295208809	India	Alpha Care Limited	अल्फा केयर लिमिटेड	Maharashtra, A 204 Sawali Co Op Hsg Soc Plot 41 Sec 5 Khargar, Raigarh, Khargar	A 00204 SAWALI CO OP HSG SOC PLOT 41 SEC 5 KHARGAR, KHARGAR, RAIGARH (MAHARASHTRA), Maharashtra	latin	devanagari	latin	latin	11.11	11.11	74.7	98.55	alpha	अल्फा	al	अल	204	00204	maharashtra	a	False	False	False	False
source2	S1-599310463	S2-184453112	US	Family Associates L.L.C.	l.l.c. family associates	5715 Hwy 196, Potwin, KS	05715 HWY 196, POTWIN, KS	latin	latin	latin	latin	73.91	100.0	97.78	97.78	family	l	fa	ll	5715	05715	5715	05715	False	False	False	False
source2	S1-274659648	S2-778291045	US	Integrated Media Concepts Corp	The Integrated Media Concepts Corp	Kingsport, 3907 Skyland Drive, TN	TN, 390 SKYLAND DR, KINGSPORT	latin	latin	latin	latin	93.75	100.0	62.07	93.1	integrated	the	in	th	3907	390	kingsport	tn	False	False	False	False
source2	S1-518839389	S2-763006226	US	Signature Harbor Lake LLC	LLC Signature Harbor Lanei	148 3rd Street, Fort Worth, TX	48 3ND STREET, TX, FORT WORTH	latin	latin	latin	latin	78.43	94.12	83.64	85.11	signature	llc	si	ll	148	48	148	48	False	False	False	False
source2	S1-87673236	S2-473281503	India	Ssk Beverages Co	Dr Ssk Bevhrhse [Co]	Rz S-5- A G/F, Nanda Block, Mahavir Enclave, New Delhi, Delhi	Delhi, RZ S-7-5- A G/F, NANDA BLOCK, MAHAVIR ENCLAVE	latin	latin	latin	latin	70.59	70.59	76.92	97.87	ssk	dr	ss	dr	5	7	rz	delhi	False	False	False	False
source2	S1-691616670	S2-229208967	India	Bharat Management	ভারত ম্যানেজমেন্ট	Santosh Roy Road Lp-41/4/6, South 24 Parganas, Kolkata, 230/4, West Bengal, Parganas South	230/4, KOLKATA, PARGANAS SOUTH, West Bengal	latin	other	latin	latin	5.88	5.88	46.4	100.0	bharat	ভারত	bh	ভা	41	230	santosh	230	False	False	False	False
source2	S1-644155092	S2-774543773	US	Arts Ministries P.C.	P.C. ARTS MINISTRIES	Galena, OH, 5790 Hughes Road	Hughes Rd, GALENA, OH	latin	latin	latin	latin	78.95	100.0	40.0	91.43	arts	p	ar	pc	5790		galena	hughes	False	False	False	False
source2	S1-951832034	S2-691046787	US	Markham and Bacchus	and Markham Bacchus	181 Arnold Gamble Circle, Sacramento, CA	30  ARNOLD GAMBLE CIR, SACRAMENTO, CA	latin	latin	latin	latin	78.95	100.0	88.89	88.89	markham	and	ma	an	181	30	181	30	False	False	False	False
source2	S1-984429646	S2-220749359	India	Sun Infrastructure Limited	सन इंफ्रास्ट्रक्चर लिमिटेड	Spaze It Park, Tower B3, 4Th Floor, Unit No- 442-4, Gurgaon, Haryana	#73 SPAZE IT PARK, TOWER B3, 4TH FLOOR, UNIT NO- 442-4, GURGAON, Haryana	latin	devanagari	latin	latin	7.69	7.69	97.64	100.0	sun	सन	su	सन	3	73	spaze	73	False	False	False	False
source2	S1-203955016	S2-242114245	India	Green Infra Private Limited	ग्रीन इंफ्रा प्राइवेट लिमिटेड	Bhaiyasaheb Ambedkar Naga, R, Ot Section, Kalyan, Thane, Maharashtra	KALYAN, HN 534 BHAIYASAHEB AMBEDKAR NAGA, THANE, Maharashtra	latin	devanagari	latin	latin	10.71	10.71	71.67	93.46	green	ग्रीन	gr	ग्		534	bhaiyasaheb	kalyan	False	False	False	False
source2	S1-854477765	S2-35929414	US	Harris and Pulley King Inc	King Harris and Pulley Inc	1012 Hayes Street, Fairfield, CA	FAIRFIELD ICTY, CA, PMB 1583, 1012 HAYES ST	latin	latin	latin	latin	80.77	100.0	37.14	86.79	harris	king	ha	ki	1012	1583	1012	fairfield	False	False	False	False
source2	S1-988630610	S2-326068794	India	Innovative Hospitality Pvt Ltd	ઇનોવેટિવ હોસ્પિટાલિટી પ્રા. લિ.	Ff-14 Shreenath Avenue Nr, Iira Int. School Bhayli, Vadodara, Gujarat	##466 FF-14 SHREENTH AVENUE NR, IIRA INT. SCHOOL BHAYLI, VADODARA, Gujarat	latin	other	latin	latin	10.17	10.17	96.24	96.24	innovative	ઇનોવેટિવ	in	ઇન	14	466	ff	466	False	False	False	False
source2	S1-191510054	S2-879662215	India	Bangalore & Brothers Private Limited	M/s BANGALORE & BROTHER PRIVATE [LIMITED]	3Rd Floor, Sri Bhagavathi Complex Hmt Main Road, Gokula 1St Stage, 2Nd Phase, Karnataka, No 361, Bangalore	NO 00361 , 3RD FLOOR, SRI BHAGAVATHI COMPLEX HMT MAIN ROAD, GOKULA 1ST STAGE, 2ND PHASE, BANGALORE, Karnataka	latin	latin	latin	latin	92.96	95.77	82.18	99.01	bangalore	m	ba	ms	3	00361	3rd	no	False	False	False	False
source2	S1-410668413	S2-737132769	US	Smith National Supply Inc.	The Smith National Súpply Inc.	Roseburg, OR, 130 Hess Lane	30 HESS LN, ROSEBURG, OR	latin	latin	latin	latin	88.89	88.89	46.81	93.62	smith	the	sm	th	130	30	roseburg	30	False	False	False	False
source2	S1-345575972	S2-93453226	India	Shivam Solutions LLP	శివం సొల్యూషన్స్ ఎల్‌ఎల్‌పీ	Rangareddy, Telangana, Syno. 177, Puppalaguda, Gandipet Mandal	SYNO. 77, RANGAREDDY, Telangana	latin	other	latin	latin	8.51	9.3	47.06	94.34	shivam	శివం	sh	శి	177	77	rangareddy	syno	False	False	False	False
source2	S1-660980751	S2-730801105	India	Best International LLP	बेस्ट इंटरनेशनल एलएलपी	Guptabhavan, Plotno.7, Sectorn-7-J, Nearfusecallcentre, Cidco, Aurangabad, Maharashtra	BLOCK A-C-192 GUPTABHAVAN, AURANGABAD, Maharashtra, PLOTNO.7, SECTORN-7-J, NEARFUSECALLCENTRE, CIDCO	latin	devanagari	latin	latin	9.09	9.09	65.52	100.0	best	बेस्ट	be	बे	7	192	guptabhavan	block	False	False	False	False
source2	S1-856211419	S2-13330346	US	Dia, Inc	Incorporated Dia,	675 Brookbend Court, Waxahachie, TX	BROOKBEND CT, WAXAHACHIE, TX	latin	latin	latin	latin	34.78	60.87	88.14	93.88	dia	incorporated	di	in	675		675	brookbend	False	False	False	False
source2	S1-904113010	S2-145026357	India	Navkar Tours LLP	L.L.P. NAVKAR TOURS	Plot No-11 Avanti Vihar, Lucknow, Uttar Pradesh	HN 123 PAOT NO-11 AVANTI VIHAR, LUCKNOW, उत्तर प्रदेश	latin	latin	latin	mixed_latin_devanagari	70.59	93.75	66.67	73.24	navkar	l	na	ll	11	123	plot	hn	False	False	False	False
source2	S1-36216088	S2-735272154	India	Urban Food Private Limited	అర్బన్ ఫుడ్ ప్రైవేట్ లిమిటెడ్	Flat No.504/A, 5Th Floor, Plot No.1-98/4/1-13, 28&29, Image Garden Road Jain Sadguru Image S Capital Park Madhapur Village Serilingampally, Shaikpet, Hyderabad, Telangana	DOOR NO 506/A, 5TH FLOOR, PLOT NO.1-98/4/1-13, 28&29, IMAGE GARDEN ROAD JAIN SADGURU IMAGE S CAPITAL PARK MADHAPUR VILLAGE SERILINGAMPALLY, RANGAREDDI, HYDERABAD, Telangana	latin	other	latin	latin	10.91	10.91	92.68	93.71	urban	అర్బన్	ur	అర	504	506	flat	door	False	False	False	False
source2	S1-429266588	S2-956584957	India	Surya Marketing Private Limited	सूर्या मार्केटिंग प्राइवेट लिमिटेड	R.S No 87/2, Ram Nagar Vadgaon, Kolhapur, Hatkanagale, Maharashtra	DOOR NO 586 R.S NO 87/2, RAM NAGAR VADGAON, HATKANAGALE, KOLHAPUR, Maharashtra	latin	devanagari	latin	latin	9.23	9.23	77.94	100.0	surya	सूर्या	su	सू	87	586	r	door	False	False	False	False
source2	S1-734851410	S2-983594036	India	Keya Livelihood Pvt Ltd	Ltd Keya Pvt Services	Marvel Cascada, Flat No B-1302 Sr No. 28, 29 Opp Balewadi Stadium, Pune, Maharashtra	NO 470 MARVEL CASCADA, PUNE, Maharashtra	latin	latin	latin	latin	40.91	72.73	52.99	94.44	keya	ltd	ke	lt	1302	470	marvel	no	False	False	False	False
source2	S1-191406032	S2-808920042	India	Green Developers Private Limited	கிரீன் டெவலப்பர்ஸ் பிரைவேட் லிமிடெட்	First Floor, Chokkalinganagar Main Rd, Tamil Nadu, Madurai, No.4B, Madurai South	H.NO 04B, FIRST FLOOR, CHOKKALINGANAGAR MAIN RD, தமிழ்நாடு, MADURAI, MADURAI SOUTH	latin	other	latin	latin	8.82	8.82	77.63	88.33	green	கிரீன்	gr	கி	4	04	first	h	False	False	False	False
source2	S1-407546990	S2-668479738	India	Mogal Consultancy	Smt Mogal Consmlntcy	Covaitechpark, Fl.1, Tw.1, 758/2, 759/2, Kovaithirungr, Coimbatore South, Coimbatore, Tamil Nadu		latin	latin	latin	empty	75.68	75.68	0.0	0.0	mogal	smt	mo	sm	1		covaitechpark		False	False	False	False
source2	S1-976485117	S2-742581448	India	Allied Healthcare	Dr Allied Healthcare	City Sr No 170 Word No 1, Plot 255-256/B, Bhavnagar, Gujarat	Gujarat, #401 CITY SR NO 170 WORD NO 1, PLOT 255-256/B, BHAVNAGAR	latin	latin	latin	latin	91.89	100.0	83.05	100.0	allied	dr	al	dr	170	401	city	gujarat	False	False	False	False
source2	S1-214884127	S2-714063931	US	Orthopedic Highland Medicine LLC	LLC Orthopedic Highland Medicine	14 Stafford Court, Loudoun County, VA	STAFFORD COURT, LOUDOUN COUNTY, VA	latin	latin	latin	latin	87.5	100.0	95.52	100.0	orthopedic	llc	or	ll	14		14	stafford	False	False	False	False
source2	S1-555331810	S2-927687234	India	Alpha Tech Private Limited	ఆల్ఫా టెక్ ప్రైవేట్ లిమిటెడ్	Sy No. 449/E, Dommara Pochampally Medchal-Malkajgiri District, Hyderabad, Telangana	HYDERABAD, Telangana, SY NO. 4-49/E	latin	other	latin	latin	11.11	11.11	34.23	91.53	alpha	ఆల్ఫా	al	ఆల	449	4	sy	hyderabad	False	False	False	False
source2	S1-251910741	S2-930977422	India	Red Aditya It Pvt Ltd	রেড আদিত্য আইটি প্রাইভেট লিমিটেড	College Para, Aurangabad, Murshidabad, West Bengal	West Bengal, MURSHIDABAD, PLOT 293 COLLEGE PARA, MURSHIDABAD	latin	other	latin	latin	15.09	15.09	46.15	88.89	red	রেড	re	রে		293	college	west	False	False	False	False
source2	S1-928345802	S2-527670990	India	High Energy Pvt Ltd	हाई एनर्जी प्रा. लि.	H.No-292, Takli (A) Tq.Paithan, Aurangabad, Maharashtra	Maharashtra, AURANGABAD, H.NO-492, AURANGABAD	latin	devanagari	latin	latin	16.22	16.22	47.83	93.1	high	हाई	hi	हा	292	492	h	maharashtra	False	False	False	False
source2	S1-697138545	S2-243239635	India	EH Management Private Limited	The EH Management Private Limited	Xxiv/532, 2Nd Floor Meda, Opp Dlf Nth, Seaport - Airport Roa, D, Kakkanad, Ernakulam, Kerala	#557 XXIV/532, 2ND FLOOR MEDA, OPP DLF NTH, SEAPORT - AIRPORT ROA, D, KAKKANAD, Kerala	latin	latin	latin	latin	93.55	100.0	91.25	97.33	eh	the	eh	th	532	557	xxiv	557	False	False	False	False
source2	S1-36216088	S2-418857877	India	Urban Food Private Limited	అర్బన్ ఫుడ్ ప్రైవేట్ లిమిటెడ్	Flat No.504/A, 5Th Floor, Plot No.1-98/4/1-13, 28&29, Image Garden Road Jain Sadguru Image S Capital Park Madhapur Village Serilingampally, Shaikpet, Hyderabad, Telangana	HYDERABAD, Telangana, RANGAREDDI, FLAT NO.506/A	latin	other	latin	latin	10.91	10.91	25.12	79.45	urban	అర్బన్	ur	అర	504	506	flat	hyderabad	False	False	False	False
source2	S1-303213003	S2-936287283	US	Volk First Labs, LLC	LLC Volk First Lnrdb,s	2610 29th Place, Tulsa, OK	TULSA, 261 29TH PLACE, OK	latin	latin	latin	latin	68.29	87.8	72.34	97.87	volk	llc	vo	ll	2610	261	2610	tulsa	False	False	False	False
source2	S1-958016851	S2-765180306	India	Creative Infra Private Limited	Private Creative Infra Ltd	D-301, Plot No.1, Om Satyam Apartment Sector-Iv, Dwarka, New Delhi, West Delhi, Delhi	PLOT NO.1, OM SATYAM APARTMENT SECTOR-IV, DWARKA, NEW DELHI, D-301, दिल्ली, WEST DELHI	latin	latin	latin	mixed_latin_devanagari	64.29	92.86	84.28	100.0	creative	private	cr	pr	301	1	d	plot	False	False	False	False
source2	S1-559395449	S2-324409229	US	Chiropractic Clinic	The Chiropractic Clinic	108 Green Street, Unit 1/2, Mendon, OH	GREEN ST, PO BOX 2242, MENDON, OH	latin	latin	latin	latin	90.48	100.0	67.69	66.67	chiropractic	the	ch	th	108	2242	108	green	False	False	False	False
source2	S1-6819617	S2-233243343	US	Consolata's Financial	>> Círasol	2573 Fort Road, Belton, TX	002573 FORT ROAD, BELTON, TX	latin	latin	latin	latin	28.57	28.57	96.0	96.0	consolata	círasol	co	cí	2573	002573	2573	002573	False	False	False	False
source2	S1-689725225	S2-661343369	India	Tech Media Private Limited	टेक मीडिया प्राइवेट लिमिटेड	312 Sai Chambersnehruroad, Near Santacruz Bus Depot, Mumbai, Maharashtra	DOOR NO B3/312 SAI CHAMBERSNEHRUROAD, MUMBAI II, MUMBAI, Maharashtra	latin	devanagari	latin	latin	11.32	11.32	71.64	86.27	tech	टेक	te	टे	312	3	312	door	False	False	False	False
source2	S1-203955016	S2-911994188	India	Green Infra Private Limited	Smt >> Green Infra Private	Bhaiyasaheb Ambedkar Naga, R, Ot Section, Kalyan, Thane, Maharashtra	HN 534 BHAIYASAHEB AMBEDKAR NAGA, THANE, KALYAN, Maharashtra	latin	latin	latin	latin	76.0	90.48	78.33	93.46	green	smt	gr	sm		534	bhaiyasaheb	hn	False	False	False	False
source2	S1-363881648	S2-22664626	India	Creative Investment Private Limited	ক্রিয়েটিভ ইনভেস্টমেন্ট প্রাইভেট লিমিটেড	West Bengal, South 24 Parganas, Dhapa, Sector-A, Metropolitan Co-Operative Housing Society Limited, Police Station- Pragati Maidan, Canal South Road, Kolkata, P-68	P-68, SECTOR-A, METROPOLITAN CO-OPERATIVE HOUSING SOCIETY LIMITED, POLICE STATION- PRAGATI MAIDAN, CANAL SOUTH ROAD, KOLKATA, SOUTH 24 PARGANAS, DHAPA, পশ্চিমবঙ্গ	latin	other	latin	latin	8.0	8.0	77.52	96.11	creative	ক্রিয়েটিভ	cr	ক্	24	68	west	p	False	False	False	False
source2	S1-446225826	S2-207294263	US	Dynamic Trusted Software Inc	INC DYNAMIC TRUSTED SOFTWARE	City Of El Paso, 925 Broadmoor Drive, TX	BROADMOOR DR, CITY OF EL PASO, TX	latin	latin	latin	latin	85.71	100.0	52.17	94.92	dynamic	inc	dy	in	925		city	broadmoor	False	False	False	False
source2	S1-735574718	S2-502994045	India	Armour Exports of Ahmedabad	Exports Ahmedabad of Armour	810-G, Ahmedabad, Titaniumcitycenter, 293/1/P, T.P-03. 100Ft.Road, Nr.Sachintower, Anandnagar, Ahmedabad, Gujarat	8-10-G, AHMEDABAD, Gujarat	latin	latin	latin	latin	62.96	100.0	37.5	88.37	armour	exports	ar	ex	810	8	810	8	False	False	False	False
source2	S1-977171705	S2-824882560	US	Community Trust VI LP	The Community Trust VI LP	55 Pine Lane, Stillwater, NY	055 PINE LN, STILLWATER, NY	latin	latin	latin	latin	91.3	100.0	94.12	94.12	community	the	co	th	55	055	55	055	False	False	False	False
source2	S1-113946951	S2-444058342	India	Massif Clinic Corporation	Mr Massif  Corporation Center	Ward No.8, H. No.1585/5, Sangali Road Ichalkaranji, Hatkanangle, Kolhapur, Maharashtra	DOOR NO 78 WARD NO.8, H. NO.1585/5, SANGALI ROAD ICHALKARANJI, HATKANANGLE, Maharashtra	latin	latin	latin	latin	67.92	83.72	87.65	94.44	massif	mr	ma	mr	8	78	ward	door	False	False	False	False
source2	S1-259841007	S2-65362385	India	Young (India) Constructions Private Limited	Dr Young (India) Constructions Limited Private #65946	4526 Dlf Phase 4, Hibiscus Main, Dlf Qe, Gurgaon, Haryana	#45-26 DLF PHASE 4, HIBISCUS MAIN, DLF QE, हरियाणा	latin	latin	latin	mixed_latin_devanagari	74.73	100.0	76.77	80.0	young	dr	yo	dr	4526	45	4526	45	False	False	False	False
source2	S1-303213003	S2-800084063	US	Volk First Labs, LLC	First Volk LLC Labs,	2610 29th Place, Tulsa, OK	261 29TH PL, TULSA, OK	latin	latin	latin	latin	57.89	100.0	90.91	90.91	volk	first	vo	fi	2610	261	2610	261	False	False	False	False
source2	S1-126022071	S2-75132969	India	Jay Food Private Limited	M/s Jay Food Private Limited	Orissa, Jagatsinghpur, Khata No 181 Nimidhi Gate Bazaar Paradeep Garh, C/O Ramesh Ch Nayak P.No 40, Jagatsinghapur		latin	latin	latin	empty	92.31	100.0	0.0	0.0	jay	m	ja	ms	181		orissa		False	False	False	False
source2	S1-394705639	S2-135005185	India	Shiva Logistics Private Limited	ಶಿವ ಲಾಜಿಸ್ಟಿಕ್ಸ್ ಪ್ರೈವೇಟ್ ಲಿಮಿಟೆಡ್	Neev Aura, Level 3, 19Th Main, Sector 3, Hsr Layout, 7/A, Bangalore, Karnataka, Bangalore	7/A, BANGALORE, Karnataka	latin	other	latin	latin	9.23	9.23	44.23	100.0	shiva	ಶಿವ	sh	ಶಿ	3	7	neev	7	False	False	False	False
source2	S1-663565958	S2-395479629	India	Hari Enterprises Private Limited	ਹਰੀ ਐਂਟਰਪ੍ਰਾਈਜ਼ਿਜ਼ ਪ੍ਰਾਈਵੇਟ ਲਿਮਟਿਡ	C/O Pooja, Padda Colony, Lohian Khas, Sultanpur, Jalandhar, Punjab	PADDA COLONY, LOHIAN KHAS, DOOR NO 500 C/O POOJA, ਪੰਜਾਬ, JALANDHAR, SULTANPUR	latin	other	latin	latin	9.09	9.09	60.15	93.91	hari	ਹਰੀ	ha	ਹਰ		500	c	padda	False	False	False	False
source2	S1-341726181	S2-762719020	US	Twisted Yoga	Ariairi	4700 Alkire Road, Columbus, OH	04700 ALKIRE ROAD, COLUMBUS, OH	latin	latin	latin	latin	21.05	21.05	98.25	98.25	twisted	ariairi	tw	ar	4700	04700	4700	04700	False	False	False	False
source3	S1-33429719	S3-533726647	India	East Tech Private Limited	Prívate East Tech Limited	Indis One City Hitech, Beside Malaysia Township, Tirumalagiri, Hyderabad, Telangana	Plot 468 Indis One City Hitech, Beside Malaysia Township, Tirumalagiri, Hyderabad, TG	latin	latin	latin	latin	68.0	96.0	90.0	93.24	east	prívate	ea	pr		468	indis	plot	False	False	False	False
source3	S1-963433189	S3-434848749	India	Paper (india) Private Limited	Private Paper (india) Ltd	Chamorshi, At-Jogana, Po-Murmuri, Gadchiroli, C/O Suresh Jengathe, Maharashtra	C/o Suresh Jengathe, Gadchiroli, महाराष्ट्र	latin	latin	latin	mixed_latin_devanagari	60.0	92.0	40.35	84.51	paper	private	pa	pr			chamorshi	c	False	False	False	False
source3	S1-650414540	S3-554329044	India	Sky Marketing Private Limited	स्काई मार्केटिंग प्राइवेट लिमिटेड	Florentine Villa No 5, S No 60A/2/1B Cts Ghorpadi, Pune City, Pune, Maharashtra	Pune City, Pune, S No 60A/2/1B Cts Ghorpadi, Florentine Villa No 5, MH	latin	devanagari	latin	latin	9.68	9.68	60.99	97.35	sky	स्काई	sk	स्	5	60	florentine	pune	False	False	False	False
source3	S1-987633901	S3-722473188	US	Creative Energy Alliance LLC	Services Creative Alliance LLC	4116 Waldron Trail, Forney, TX	04116 Waldron Trail, Forney, Texas, N/A	latin	latin	latin	latin	72.41	85.71	87.5	87.5	creative	services	cr	se	4116	04116	4116	04116	False	False	False	False
source3	S1-91376895	S3-900851657	India	Hyderabad Cuisine Private Limited	Private Hyderabad Cuisine Ltd	Flat No. 101, Vamsiram'S Jyothi Vista Road No.5, Banjara Hills, Hyderabad, Telangana	Hyderabad, TG, 26, Hyderabad	latin	latin	latin	latin	67.74	93.55	30.77	75.0	hyderabad	private	hy	pr	101	26	flat	hyderabad	False	False	False	False
source3	S1-153594731	S3-677554199	US	Wilkinson Meshflow LLC	Mirabrix	401 Carpenter Road, Snohomish, WA	40 Carpenter Road, Snohomish, Washington	latin	latin	latin	latin	13.33	20.0	86.96	87.27	wilkinson	mirabrix	wi	mi	401	40	401	40	False	False	False	False
source3	S1-569268640	S3-23545782	India	Jai Solutions	Mr Jai  Solutions	Plot No. 175, 176 & 177, Swamy Ayyapa Society, Guttala, Begumpet, Kavuri Hills, Shaikpet, Hyderabad, Telangana	#75, Shaikpet, Hyderabad, తెలంగాణ	latin	latin	latin	latin	89.66	100.0	34.38	76.6	jai	mr	ja	mr	175	75	plot	75	False	False	False	False
source3	S1-606568823	S3-25476728	US	Zephiq Aviation, LLC	Llc Zephiq Aviation,	58 Frank Cameron Road, NY, Bolton	Frank Cameron Rd, Bolton Landing, New York	latin	latin	latin	latin	78.95	100.0	64.79	78.43	zephiq	llc	ze	ll	58		58	frank	False	False	False	False
source3	S1-631621013	S3-433241808	US	Atlas Square	Fluxectoiri	3144 Maple Drive, Reedsport, OR	3163 Maple Drive, Reedsport, Oregon	latin	latin	latin	latin	26.09	26.09	87.1	87.1	atlas	fluxectoiri	at	fl	3144	3163	3144	3163	False	False	False	False
source3	S1-24195381	S3-230301627	India	Hari Marketing LLP	Dr Hari LLP Center	808, Pearl Best Heights-I, Nsp, Pitampura, Delhi, North West Delhi, Delhi	80, Pearl Best Heights-i, Nsp, Pitampura, Delhi, North West Delhi, DL	latin	latin	latin	latin	50.0	61.54	96.92	96.43	hari	dr	ha	dr	808	80	808	80	False	False	False	False
source3	S1-810962623	S3-890718422	India	Tech Foods Private Limited	ટેક ફૂડ્સ પ્રાઇવેટ લિમિટેડ	15, F.P.396, Fariawala, Estate, Opp. Hotel Avtar, Ahmadabad City, Ahmedabad, Gujarat	No 786 15, F.p.396, Fariawala, Estate, Opp. Hotel Avtar, Ahmadabad City, Ahmedabad, ગુજરાત	latin	other	latin	latin	11.54	11.54	87.34	94.44	tech	ટેક	te	ટે	15	786	15	no	False	False	False	False
source3	S1-970563629	S3-544181169	India	Seven Marketing Private Limited	Pyrabrix	New Delhi, Delhi, New Delhi, B.D. Chambers, 10/54, Desh Bandhu Road, Karol Bagh, No. 209	No. 209, B.D. Chambers, 10/54, Desh Bandhu Road, Karol Bagh, New Delhi, Delhi	latin	latin	latin	latin	20.51	15.38	70.27	100.0	seven	pyrabrix	se	py	10	209	new	no	False	False	False	False
source3	S1-974697730	S3-245671664	India	Radhakrishna Traders Limited	Mr Radhakrishna Limited Traders	Chennai, Sf. No. 26/1 West Mada Street, Chennai, Maduravoyel, Tamil Nadu	Hn 666 Sf. No. 26/1 West Mada Street, Chennai, தமிழ்நாடு	latin	latin	latin	latin	67.8	100.0	66.1	80.46	radhakrishna	mr	ra	mr	26	666	chennai	hn	False	False	False	False
source3	S1-782527730	S3-874075047	US	ISQ Five	lSQ Five	44 Wayne Drive, Eutaw, AL	24 Wayne Drive, Eutaw, Alabama	latin	latin	latin	latin	87.5	87.5	86.27	86.27	isq	lsq	is	ls	44	24	44	24	False	False	False	False
source3	S1-133479118	S3-709185163	India	Blue Construction LLP	ब्लू कंस्ट्रक्शन LLP	Delhi, C Block Yamuna Vihar, C-6/298, North East	Hn 204 C-6/298, C Block Yamuna Vihar, Delhi, North East, दिल्ली	latin	mixed_latin_devanagari	latin	mixed_latin_devanagari	24.39	26.09	65.38	100.0	blue	ब्लू	bl	ब्	6	204	delhi	hn	False	False	False	False
source3	S1-394064735	S3-336256833	India	Bagwe Wafers Private Limited	Sri Aviveramira	Sno 672/3A State Bank Hsg, Socy Shop N0.4 Bibawewadi, Pune City, Pune, Maharashtra	Socy Shop N0.4 Bibawewadi, MH, Pune, Pune City, Sno D/672/3a State Bank Hsg	latin	latin	latin	latin	32.56	37.21	56.38	96.06	bagwe	sri	ba	sr	672	0	sno	socy	False	False	False	False
source3	S1-245023930	S3-919954258	India	Frog India Ltd	Smt Frog India  Ltd	Plot No.176, Sector 52, Gutigau, Gurugram, Gurgaon, Haryana		latin	latin	latin	empty	87.5	100.0	0.0	0.0	frog	smt	fr	sm	176		plot		False	False	False	False
source3	S1-348459651	S3-471036686	India	Jabalpur Multitrade Pvt. Ltd.	Pvt. Jabalpur Mclrttgrade Ltd.	C/O R K Sahu 939, Prem Sadan Hem Electronik, Jabalpur, Madhya Pradesh	H.no 772 C/o R K Sahu 939, Prem Sadan Hem Electronik, Jabalpur, Adarsh Nagar, मध्य प्रदेश	latin	latin	latin	mixed_latin_devanagari	76.36	90.91	76.82	87.18	jabalpur	pvt	ja	pv	939	772	c	h	False	False	False	False
source3	S1-581606301	S3-929770206	US	Rudloff's Crystal Metal Works	Yumabeloio t/a Rudloff's Crystal Metal Works	Unit 6, 100 Paradise Drive, TX, Nacogdoches	100 Paradise Drive, Unit 6, Nacogdoches, TX	latin	latin	latin	latin	79.45	100.0	80.0	100.0	rudloff	yumabeloio	ru	yu	6	100	unit	100	False	False	False	False
source3	S1-974697730	S3-684774357	India	Radhakrishna Traders Limited	Service Radhakrishna Limited	Chennai, Sf. No. 26/1 West Mada Street, Chennai, Maduravoyel, Tamil Nadu	Hn 666 Sf. No. 26/1 West Mada Street, Chennai, TN	latin	latin	latin	latin	71.43	83.33	73.87	87.5	radhakrishna	service	ra	se	26	666	chennai	hn	False	False	False	False
source3	S1-157731220	S3-34073840	US	AW Superior Rogers LLC	LLC AW Superi0r Rogers	IN, Unit APT 12, Indianapolis, 1991 Campbell Avenue	1991 Campbell Avenue, # APT 12, Indianapolis, Indiana	latin	latin	latin	latin	77.27	95.45	52.08	91.67	aw	llc	aw	ll	12	1991	in	1991	False	False	False	False
source3	S1-938180046	S3-887255272	India	Vista Solutions Private Limited	Fayelyracira	B-88, Gf-3, Ramprastha Colony, Ghaziabad, Uttar Pradesh	No. 796 B-88, Ghaziabad, UP	latin	latin	latin	latin	23.26	23.26	45.33	73.68	vista	fayelyracira	vi	fa	88	796	b	no	False	False	False	False
source3	S1-651100599	S3-521256970	India	All Products Private Limited	A1l Private Products Limited	M1616 A, 16Th Floor The Magnolias Dlf Golf Links Dlf City, Dlf Qe, Gurgaon, Haryana	Plot 793 M1616 A, 16Th Floor The Magnolias Dlf Golf Links Dlf City, Gurgaon, Dlf Qe, HR	latin	latin	latin	latin	67.86	96.43	82.72	94.03	all	a1l	al	a1	1616	793	m1616	plot	False	False	False	False
source3	S1-311387663	S3-101847360	India	Sadashiv Creations Private Limited	5ádashivcreations.Com	1203, Times Square Arcade, Opp. Rambaug, Nr, Ravija Plaza, Thaltej-Shilaj Road, Tha, Ltej, Ahmedabad, Gujarat	B3/1203, Times Square Arcade, Opp. Rambaug, Nr, Ravija Plaza, Thaltej-shilaj Road, Tha, Ltej, Ahmedabad, GJ	latin	latin	latin	latin	61.82	40.0	95.92	96.81	sadashiv	5ádashivcreations	sa	5á	1203	3	1203	b3	False	False	False	False
source3	S1-719875326	S3-91974392	India	Gls Kitchen Pvt. Ltd.	Mr GLS KITCHEN PVT. LTD.	8/1104, Rajiv Gandhi Bypass, Ernad, Malappuram, Malapuram, Kerala	Malappuram, Malapuram, Block A-122 8/1104, കേരളം	latin	latin	latin	latin	92.68	100.0	43.81	75.0	gls	mr	gl	mr	8	122	8	malappuram	False	False	False	False
source3	S1-797453242	S3-786914043	India	Chamundeshwari & Sons Limited	M/s Chamundeshwari & Sons Limited	Shop No. 2, 2Nd Floor, Jagdamba Palace Near Gurgaon Dreamz Mall, Old Railway Ro, Ad, Gurugram, Gurgaon, Haryana	1, Gurugram, Gurgaon, HR	latin	latin	latin	latin	93.1	100.0	32.26	86.49	chamundeshwari	m	ch	ms	2	1	shop	1	False	False	False	False
source3	S1-320583870	S3-788033697	US	Great Project Associates	6reat Project Associates	17560 Waterman Lane, Marana, AZ	17554 Waterman Lane, Marana, Arizona	latin	latin	latin	latin	95.83	95.83	85.71	85.71	great	6reat	gr	6r	17560	17554	17560	17554	False	False	False	False
source3	S1-268721187	S3-694882763	India	Swami Welfare Society	Sri Swami We1fare Center	55/ 4, New Palasia, Indore, Madhya Pradesh	Door No 00446 55/ 4, New Palasia, Khargone, Indore, मध्य प्रदेश	latin	latin	latin	mixed_latin_devanagari	71.11	71.11	52.08	75.41	swami	sri	sw	sr	55	00446	55	door	False	False	False	False
source3	S1-285451793	S3-120585447	India	Constellation Earthmovers Limited	Earthmovers Constellation Limited	Mahua, Vaishali, Vill- Mahua Singh Rae, Tola-Mahua Singh Rae Post- Mahua, Ps-Mahua, Bihar	Vill- Mahua Snigh Rae, Tola-mahua Singh Rae Post- Mahua, Ps-mahua, Mahua, BR	latin	latin	latin	latin	63.64	100.0	84.21	88.0	constellation	earthmovers	co	ea			mahua	vill	False	False	False	False
source3	S1-133902932	S3-702219540	India	Jain Edusystems Private Limited	Mr Jain Edusystems Private  Limited	Flat No.302, Chartered Mady, 17Th Main, J..P. Nagar, Phase - Ii, Bangalore, Karnataka		latin	latin	latin	empty	95.38	100.0	0.0	0.0	jain	mr	ja	mr	302		flat		False	False	False	False
source3	S1-341475409	S3-589832210	India	India Newleaf Energies Private Limited	Private India Nwleaf Energies Limited	Vasai, Ground Floor, Shubham Industrial Building No.2 Dhumal Nagar Vasai East, Maharashtra, Thane, Office Gala No.1	#0969 Office Gala No.1, Ground Floor, Shubham Industrial Building No.2 Dhumal Nagar Vasai East, Thane, Vasai, MH	latin	latin	latin	latin	77.33	98.67	75.93	95.7	india	private	in	pr	2	0969	vasai	0969	False	False	False	False
source3	S1-910304460	S3-472183393	India	Mohammad Brothers Private Limited	Dr Mohammad Brothers Limited Service	No.34, Godown Street, Madras.1. Madras.1., Madras.1., Tamil Nadu	Madras.1. Madras.1., Godown Street, TN, Madras.1., No.0034	latin	latin	latin	latin	72.46	86.21	51.85	86.21	mohammad	dr	mo	dr	34	1	no	madras	False	False	False	False
source3	S1-818888308	S3-642599190	US	Anvil LLC	Amhvil LLC	1701 Colter Street, Unit 302, Phoenix, AZ	001701 Colter St, Unit 302, Phoenix, Arizona	latin	latin	latin	latin	84.21	84.21	86.08	86.08	anvil	amhvil	an	am	1701	001701	1701	001701	False	False	False	False
source3	S1-797453242	S3-865263494	India	Chamundeshwari & Sons Limited	Limited Chamundeshwari & Sons	Shop No. 2, 2Nd Floor, Jagdamba Palace Near Gurgaon Dreamz Mall, Old Railway Ro, Ad, Gurugram, Gurgaon, Haryana	1, 2Nd Floor, Jagdamba Palace Near Gurgaon Dreamz Mall, Old Railway Ro, Ad, Gurgaon, Gurugram, HR	latin	latin	latin	latin	70.37	100.0	87.05	96.86	chamundeshwari	limited	ch	li	2	1	shop	1	False	False	False	False
source3	S1-311387663	S3-325767450	India	Sadashiv Creations Private Limited	M/s Sadashiv Creations Private Ltd	1203, Times Square Arcade, Opp. Rambaug, Nr, Ravija Plaza, Thaltej-Shilaj Road, Tha, Ltej, Ahmedabad, Gujarat		latin	latin	latin	empty	88.24	88.24	0.0	0.0	sadashiv	m	sa	ms	1203		1203		False	False	False	False
source3	S1-498143089	S3-374488803	US	Clean Lithium	The Clean (Lithium)	3008 Calumet Avenue, Valparaiso, IN	Calumet Avenue, Indiana, Valparaiso	latin	latin	latin	latin	86.67	100.0	75.76	86.21	clean	the	cl	th	3008		3008	calumet	False	False	False	False
source3	S1-504627734	S3-565677589	India	Kumaran Food Private Limited	Deltapyra	Gat No 605/1 Pirangutmulsi, Maharashtra, Pune	#398 Gat No 605/1 Pirangutmulsi, Pune, महाराष्ट्र	latin	latin	latin	mixed_latin_devanagari	21.62	32.43	69.66	83.78	kumaran	deltapyra	ku	de	605	398	gat	398	False	False	False	False
source3	S1-464958840	S3-610650867	India	Shakti Exports Private Limited	Fayesyn	11-4-19/3, Srinivasapuram Colony, Kovvuru, Andhra Pradesh	Hn 254 11-4-19/3, Kovvuru, Srinivasapuram Colony, ఆంధ్రప్రదేశ్	latin	latin	latin	latin	16.22	16.22	56.64	83.87	shakti	fayesyn	sh	fa	11	254	11	hn	False	False	False	False
source3	S1-191510054	S3-713391404	India	Bangalore & Brothers Private Limited	Mr BANGALORE & BROTHERS PRIVATE LIMITED	3Rd Floor, Sri Bhagavathi Complex Hmt Main Road, Gokula 1St Stage, 2Nd Phase, Karnataka, No 361, Bangalore	KA, Doro No 361	latin	latin	latin	latin	95.77	100.0	21.05	60.0	bangalore	mr	ba	mr	3	361	3rd	ka	False	False	False	False
source3	S1-865816013	S3-514143521	US	Shalne Roberts Global Assets LLC	robertsshalneglobal.com	2233 Behrend Drive, Unit 207, Phoenix, AZ	# 207, 2233 Behrend Drive, Arizona, Phoenix	latin	latin	latin	latin	54.55	54.55	73.68	89.47	shalne	robertsshalneglobal	sh	ro	2233	207	2233	207	False	False	False	False
source3	S1-227222958	S3-935325046	US	Marj G. Branch, P.A., M.D., P.C.	The Marj G. 8ranch, P.A., M.D., P.C.	64 Meadow Lane, West Norriton Township, PA	Pennsylvania, 80 Meadow Ln, West Norriton Township	latin	latin	latin	latin	88.89	88.0	75.0	84.06	marj	the	ma	th	64	80	64	pennsylvania	False	False	False	False
source3	S1-682076324	S3-727855790	US	Woods Rare L.L.C.	[L.L.C.] Woods Rare	115 Fifth Street, Unit TRLR 28, Delaware City, DE	Delaware City, 00115 Fifth Street, Delaware	latin	latin	latin	latin	62.5	100.0	57.47	89.66	woods	l	wo	ll	115	00115	115	delaware	False	False	False	False
source3	S1-46506909	S3-69478476	India	High Shyam Builders Pvt Ltd	ഹൈ ശ്യാം ബിൽഡേഴ്സ് പ്രൈവറ്റ് ലിമിറ്റഡ്	62/1963/B12, Muslim Orphanage Building, Kozhikode, Kerala	Kozikode, Kozhikode, 5-62/1963/B12, കേരളം	latin	other	latin	latin	12.31	12.31	30.43	71.19	high	ഹൈ	hi	ഹൈ	62	5	62	kozikode	False	False	False	False
source3	S1-133902932	S3-743717620	India	Jain Edusystems Private Limited	Mr Jain Edusystems Private Limited	Flat No.302, Chartered Mady, 17Th Main, J..P. Nagar, Phase - Ii, Bangalore, Karnataka	#00302, Bangalore, Jp Nagar, KA	latin	latin	latin	latin	95.38	100.0	37.25	71.43	jain	mr	ja	mr	302	00302	flat	00302	False	False	False	False
source3	S1-963966855	S3-164195993	US	Myrtia Ray, MD, P.C.	Ray,, Myrtía MD, P.C.	210 5th Street, Unit Apartment E, City Of Marshfield, WI	21 5th St, # Apartment E, Marshield, Wisconsin	latin	latin	latin	latin	70.59	94.12	72.34	72.34	myrtia	ray	my	ra	210	21	210	21	False	False	False	False
source3	S1-910659520	S3-662518335	US	Verron Franklin, LLC	Franklin, Verron LLC	Saint Louis, 358 Falaise Drive, MO, Fl 0	0358 Falaise Drive, Floor 0, Saint Louis, Missouri	latin	latin	latin	latin	63.16	100.0	52.38	88.1	verron	franklin	ve	fr	358	0358	saint	0358	False	False	False	False
source3	S1-45575585	S3-205117549	US	Frayda Dukes, DPM, PC	The Frayda Dukes, DPM, PC	Erwin, NY, 86 Beartown Road	1 Beartown Rd, Gang Mills, New York	latin	latin	latin	latin	90.48	100.0	41.38	55.17	frayda	the	fr	th	86	1	erwin	1	False	False	False	False
source3	S1-817528443	S3-115176721	US	Thompson Better Deutsche LLC	LLC Th0mpson Better Deutsche	1347 Bluewater Road, Rockingham County, VA	Bluewater Road, Rockingham County, Virginia	latin	latin	latin	latin	82.14	96.43	86.42	88.89	thompson	llc	th	ll	1347		1347	bluewater	False	False	False	False
source3	S1-388208370	S3-515819014	India	Panya Rhino Private Limited	M/s Panya Rhino Private  Limited	Plot No. 7, Sector 3, Imt Manesar, Gurugram, Gurgaon, Haryana		latin	latin	latin	empty	93.1	100.0	0.0	0.0	panya	m	pa	ms	7		plot		False	False	False	False
source3	S1-47313775	S3-605416013	India	Bright Exports Pvt Ltd	ब्राइट एक्सपोर्ट्स प्रा. लि.	Bhawanimandi, Jhalawar, Pachpahar Road, Rajasthan	Pachpahar Road, Bhawanimandi, Jhalawar, राजस्थान	latin	devanagari	latin	mixed_latin_devanagari	12.5	12.5	48.35	88.89	bright	ब्राइट	br	ब्			bhawanimandi	pachpahar	False	False	False	False
source3	S1-133050338	S3-283192436	US	Federal Floating	Féderalfloating.Com	200 Terry Avenue, Springdale, AR	184 Terry Ave, Springdale, Arkansas	latin	latin	latin	latin	80.0	80.0	76.19	76.19	federal	féderalfloating	fe	fé	200	184	200	184	False	False	False	False
source3	S1-185859119	S3-75089990	US	Hembree & Wireman Inc.	Center Hembree Wireman Inc.	914 Gatestone Forest Drive, Beasley, TX	Gatestone Forest Dr, Beasley, Texas	latin	latin	latin	latin	84.44	100.0	85.71	85.71	hembree	center	he	ce	914		914	gatestone	False	False	False	False
source3	S1-267433852	S3-786365418	India	Sree Producer Private Limited	ஸ்ரீ புரொட்யூசர் பிரைவேட் லிமிடெட்	No 2 19Th Street, 5Th Avenue, Ashok Nagar, Chennai, Tamil Nadu	19Th Street, Chennai, TN	latin	other	latin	latin	9.52	9.52	55.0	92.68	sree	ஸ்ரீ	sr	ஸ்	2	19	no	19th	False	False	False	False
source3	S1-219732879	S3-501279927	India	OIS Services Ltd	Iriquo	Kamman Halli, 1St Floor 5Th Main, Kullappa Circle, No.8, Bangalore, Karnataka	8/1, 1St Floor 5Th Main, Kullappa Circle, Bengaluru Hq Region, Bangalore, KA	latin	latin	latin	latin	27.27	27.27	72.73	78.63	ois	iriquo	oi	ir	1	8	kamman	8	False	False	False	False
source3	S1-91646506	S3-186651762	India	Eastern Constructions Private Limited	ஈஸ்டர்ன் கன்ஸ்ட்ரக்ஷன்ஸ் பிரைவேட் லிமிடெட்	Madurai, 36A/12, Tamil Nadu, Khan Palayam, 4Th Street, Madurai North	Khan Palayam, 4Th Street, Madurai North, #36A/12, TN, Madurai	latin	other	latin	latin	7.59	7.59	62.71	96.7	eastern	ஈஸ்டர்ன்	ea	ஈஸ	36	4	madurai	khan	False	False	False	False
source3	S1-660980751	S3-131667507	India	Best International LLP	बेस्ट इंटरनेशनल एलएलपी	Guptabhavan, Plotno.7, Sectorn-7-J, Nearfusecallcentre, Cidco, Aurangabad, Maharashtra	#377 Guptabhavan, Regional Office Aurangabad, Aurangabad, महाराष्ट्र	latin	devanagari	latin	mixed_latin_devanagari	9.09	9.09	50.0	58.67	best	बेस्ट	be	बे	7	377	guptabhavan	377	False	False	False	False
source3	S1-361859792	S3-135249363	India	Sampati & Co	Smgi & Co	Delhi, House No 922, North West, Delhi, Khasra No 177 Ground Floor Near Shiv Mandir Village Jaunti	#97 House No 922, Delhi, North West, DL	latin	latin	latin	latin	70.59	70.59	44.96	90.62	sampati	smgi	sa	sm	922	97	delhi	97	False	False	False	False
source3	S1-195080397	S3-221786955	India	Anand Engineering Private Limited	आनंद इंजीनियरिंग प्राइवेट लिमिटेड	26, Silarpur, Near Secretariat, Mandi Ateli, Rewari, Haryana	Door No 568 26, Silarpur, Near Secretariat, Mandi Ateli, Rewari, हरियाणा	latin	devanagari	latin	mixed_latin_devanagari	9.09	9.09	78.69	92.16	anand	आनंद	an	आन	26	568	26	door	False	False	False	False
source3	S1-408063271	S3-380895037	India	Panacea Inds Limited	Onyxpyrax D.B.A. Panacea Inds Limited	Ichapur Road, Kadamtala, Lp-217/14/4, Howrah, 62/11/1, West Bengal	62/11/1, Ichapur Road, Kadamtala, Lp-217/14/4, Howrah, West Bengal	latin	latin	latin	latin	71.43	100.0	86.89	100.0	panacea	onyxpyrax	pa	on	217	62	ichapur	62	False	False	False	False
source3	S1-252968531	S3-748038715	India	Rk Products Limited	Sri productsrk.com	Pl.No.9, Sy.No.17, 2 Floor, Himagirinagar, Gandhamguda, Rajendra Nagar, Hyderabad, Telangana	Ranga Reddy, Sy.no.17, 2 Floor, Himagirinagar, Gandhamguda, Pl.no.10, Hyderabad, TG	latin	latin	latin	latin	64.86	64.86	75.78	86.45	rk	sri	rk	sr	9	17	pl	ranga	False	False	False	False
source3	S1-691616670	S3-806305714	India	Bharat Management	ভারত ম্যানেজমেন্ট	Santosh Roy Road Lp-41/4/6, South 24 Parganas, Kolkata, 230/4, West Bengal, Parganas South	##230/4, Santosh Roy Road Lp-41/4/6, South 24 Parganas, Kolkata, Parganas South, WB	latin	other	latin	latin	5.88	5.88	83.23	97.39	bharat	ভারত	bh	ভা	41	230	santosh	230	False	False	False	False
source3	S1-693364394	S3-589476892	US	Valdez and Murphy Energia Inc	Center Valdez & Murphy Inc	3911 Circle Drive, Wichita Falls, TX	4297 Circle Drive, Wichita Falls, Texas	latin	latin	latin	latin	64.15	83.02	87.32	87.32	valdez	center	va	ce	3911	4297	3911	4297	False	False	False	False
source3	S1-51279149	S3-633472822	US	Cozy Auto Body Inc	Ectotavo	2446 Main Street, Barnstable, MA	Barnstable, Massachusetts, 2447 Main St	latin	latin	latin	latin	30.77	23.08	38.81	74.63	cozy	ectotavo	co	ec	2446	2447	2446	barnstable	False	False	False	False
source3	S1-630257849	S3-130399752	India	Consulting Cristal Agro Private Limited	Pyrafluxwex	Medicine Tower 1St Floor Near Sajjad Nursing Home Hamidia Road, Bhopal, Madhya Pradesh	Block C-676 Medicine Tower 1St Floor Near Sajjad Nursing Home Hamidia Road, Bhopal, MP	latin	latin	latin	latin	20.0	16.0	85.71	90.2	consulting	pyrafluxwex	co	py	1	676	medicine	block	False	False	False	False
source3	S1-93843316	S3-446557194	US	Ernesta Pearce, O.D., PC	Ectoarc	7430 Wasatch Boulevard, Unit J1, Cottonwood Heights, UT	430 Wasatch Boulevard, Utah, # J1, Cottonwood Heights	latin	latin	latin	latin	35.71	42.86	92.0	92.0	ernesta	ectoarc	er	ec	7430	430	7430	430	False	False	False	False
source3	S1-829050368	S3-817864615	US	Pierce Charles Inc	Inc Pierce Charles	1957 Old Conover Startown Road, Newton, NC	Old Conover Startown Road, Newton Township, North Carolina	latin	latin	latin	latin	77.78	100.0	72.92	88.89	pierce	inc	pi	in	1957		1957	old	False	False	False	False
source3	S1-321818285	S3-890269573	India	Planet Traders Limited	Dr Planet Limited Services	Ankamvetti Kavala, Puthupariyaram P.O, Manakkadu, Thodupuzha, Thodupuzha, Idukki, Kerala		latin	latin	latin	empty	58.33	79.17	0.0	0.0	planet	dr	pl	dr			ankamvetti		False	False	False	False
source3	S1-845355596	S3-450519696	India	Hitech Care Pvt Ltd	ഹൈടെക് കെയർ പ്രൈവറ്റ് ലിമിറ്റഡ്	2/224 R, Kuzhikkattu Plaza, Opp. Bsnl Exchange, Ernad, Malappuram, Malapuram, Kerala	02/224 R, Kuzhikkattu Plaza, Opp. Bsnl Exchange, Ernad, Malapuram, Mongam, കേരളം	latin	other	latin	latin	12.0	12.0	85.33	87.69	hitech	ഹൈടെക്	hi	ഹൈ	2	02	2	02	False	False	False	False
source3	S1-825385187	S3-674583547	US	Education Program LLC	peducation.com	2939 Country Place Circle, Carrollton, TX	3226 Country Place Cir, Carrollton, Texas	latin	latin	latin	latin	68.57	51.43	84.62	84.62	education	peducation	ed	pe	2939	3226	2939	3226	False	False	False	False
source3	S1-653766547	S3-331717660	India	East Energy Private Limited	Private East Energy [Limited]	1St Flr, 891, Savalanga Rd, Lal Bahadur Shastri Ngr, Shimoga, Karnataka	Flr, 891, Savalanga Rd, Lal Bahadur Shastri Ngr, Shimoga, KA	latin	latin	latin	latin	70.37	100.0	90.91	97.2	east	private	ea	pr	1	891	1st	flr	False	False	False	False
source3	S1-296015030	S3-469916613	US	330 Park Avenue Management LLC	avenuepark330.com	21502 San Luis Pass Road, Galveston, TX	2150 San Luis Pass Road, Galveston, Texas	latin	latin	latin	latin	38.3	42.55	94.74	94.74	330	avenuepark330	33	av	21502	2150	21502	2150	False	False	False	False
source3	S1-884348868	S3-98205257	India	Tajpuria Foundation	Mr Tajpuria Foundation LLP	Bakul Aparment Plot No. 3, Maharashtra, 103, Nagpur, Shivaji Nagar	103, Shivaji Nagar, Nagpur, महाराष्ट्र	latin	latin	latin	mixed_latin_devanagari	84.44	100.0	35.42	81.36	tajpuria	mr	ta	mr	3	103	bakul	103	False	False	False	False
source3	S1-387211283	S3-624697545	India	Royal Engineering LLP	रॉयल इंजीनियरिंग एलएलपी	Level - 2, Elegance Tower District Center, Jasola, New Delhi, South Delhi, Delhi	H.no 451 Level - 2, New Delhi, DL	latin	devanagari	latin	latin	9.09	9.09	41.18	73.91	royal	रॉयल	ro	रॉ	2	451	level	h	False	False	False	False
source3	S1-950459000	S3-47277660	India	Creative North Systems Private Limited	Viodovavantage doing business as Creative North Systems Private Limited	Howrah, Kolkata, C/O Tamasree Ghosh Nabajiban Colony Bisharpara, West Bengal, Kolkata	C/O Tamasree Ghosh Nabajiban Colony Bisharpara, Kolkata, Howrah, West Bengal	latin	latin	latin	latin	69.72	100.0	75.32	100.0	creative	viodovavantage	cr	vi			howrah	c	False	False	False	False
source3	S1-91646506	S3-881324999	India	Eastern Constructions Private Limited	ஈஸ்டர்ன் கன்ஸ்ட்ரக்ஷன்ஸ் பிரைவேட் லிமிடெட்	Madurai, 36A/12, Tamil Nadu, Khan Palayam, 4Th Street, Madurai North	Khan Palayam, 4Th Street, TN, Madurai, Madurai North, #36A/12	latin	other	latin	latin	7.59	7.59	62.71	96.7	eastern	ஈஸ்டர்ன்	ea	ஈஸ	36	4	madurai	khan	False	False	False	False
source3	S1-348424826	S3-188114856	US	Lyons Strategic Iron Works LLC	Irinexevo	3712 Miranda Avenue, Gillette, WY	Miranda Ave, Wyoming, Gillette	latin	latin	latin	latin	20.51	25.64	71.19	77.97	lyons	irinexevo	ly	ir	3712		3712	miranda	False	False	False	False
source3	S1-320209096	S3-632642881	India	Om Foods Private Limited	Beloumbrakor	59, Type 2 Sec 1, Naya Nangal, Anandpur Sahib, Rupnagar, Punjab	#0515 59, Type 2 Sec 1, Naya Nangal, Anandpur Sahib, Rupnagar, ਪੰਜਾਬ	latin	latin	latin	latin	22.22	27.78	86.67	93.58	om	beloumbrakor	om	be	59	0515	59	0515	False	False	False	False
source3	S1-938848060	S3-341995220	India	Silver Finance Private Limited	সিলভার ফাইন্যান্স প্রাইভেট লিমিটেড	Howrah, Kolkata, West Bengal, Garden Reach Jetty-2 20 Garden Reach Road	Block E-940 Garden Reach Jetty-2 20 Garden Reach Road, Kolkata, Howrah, পশ্চিমবঙ্গ	latin	other	latin	latin	9.38	9.38	63.95	87.76	silver	সিলভার	si	সি	2	940	howrah	block	False	False	False	False
source3	S1-589298046	S3-9144763	US	Nodyne	N0dyne	45 Ashington Lane, Nashville, TN	Tennessee, Nashville, Ashington Ln	latin	latin	latin	latin	83.33	83.33	54.84	80.65	nodyne	n0dyne	no	n0	45		45	tennessee	False	False	False	False
source3	S1-123375455	S3-700902829	US	Cedar	Ctadr	7477 Covered Bridge Drive, Fl GROUND FLOOR, Waterloo, IL	Illinois, Waterloo, 07477 Covered Bridge Drive, Fl Ground Floor	latin	latin	latin	latin	60.0	60.0	72.57	93.81	cedar	ctadr	ce	ct	7477	07477	7477	illinois	False	False	False	False
source3	S1-845355596	S3-965409243	India	Hitech Care Pvt Ltd	Sri Hitech Ce Pvt Ltd	2/224 R, Kuzhikkattu Plaza, Opp. Bsnl Exchange, Ernad, Malappuram, Malapuram, Kerala	H.no 02/224 R, Kuzhikkattu Plaza, Opp. Bsnl Exchange, Ernad, Malappuram, Mongam, KL	latin	latin	latin	latin	85.0	85.0	87.58	87.58	hitech	sri	hi	sr	2	02	2	h	False	False	False	False
source3	S1-876109868	S3-585391791	US	Vick, Duffy and Vanderwerff Royce Inc	vdvanderwerff.com	Marion, 13289 Casey Road, IL	013655 Casey Road, Marion, Illinois	latin	latin	latin	latin	56.6	52.83	54.24	79.07	vick	vdvanderwerff	vi	vd	13289	013655	marion	013655	False	False	False	False
source3	S1-934366401	S3-798152863	India	Jaina Telecom Limited	Smt jainatelecom.com	Ahmednagar, Shivnarayan Park, S.No 223/14, Nalegaon, Maharashtra, Flat No 104, Ahmed Nagar	Flat No 404, Ahmednagar, Ahmed Nagar, MH	latin	latin	latin	latin	68.29	58.54	41.32	89.55	jaina	smt	ja	sm	223	404	ahmednagar	flat	False	False	False	False
source3	S1-402860122	S3-672251436	India	Virat Allied LLP	Smt Virat Allied L.L.P.	Sixth Floor - 610, Lilamani Corporate Heights, Near Brts Bus Stop, Vadaj, Ahmedabad, Gujarat	Ahmedabad, #468 Sixth Floor - 610, GJ	latin	latin	latin	latin	84.21	85.71	30.77	87.72	virat	smt	vi	sm	610	468	sixth	ahmedabad	False	False	False	False
source3	S1-960355473	S3-558846856	India	Visionary & Sons Private Limited	M/s Visionary & Sons Private Ltd	Ground Floor, Incor Opulence Gunjur Palya Road, Gunjur Village, Varthur, Bangalore, Flat No.G05, Karnataka, Bangalore	Flat No.gb3/05, Ground Floor, Incor Opulence Gunjur Palya Road, Gunjur Village, Varthur, Bangalore, <NULL>, ಕರ್ನಾಟಕ	latin	latin	latin	latin	86.67	86.67	75.0	91.86	visionary	m	vi	ms	05	3	ground	flat	False	False	False	False
source3	S1-635481769	S3-194384041	US	North Stardust	Quobrix	4606 Commodore Drive, Stow, OH	4608 Commodore Dr, Stoow, Ohio	latin	latin	latin	latin	19.05	19.05	85.71	85.71	north	quobrix	no	qu	4606	4608	4606	4608	False	False	False	False
source3	S1-680416224	S3-861958082	India	Tech Infotech Private Limited	టెక్ ఇన్ఫోటెక్ ప్రైవేట్ లిమిటెడ్	Sri Siddi Vinayaka Apartm, Telangana, Karimnagar, Karim Nagar, 8-6-375/3/8	4-6-375/3/8, Sri Siddi Vinayaka Apartm, Karim Nagar, Karimnagar, TG	latin	other	latin	latin	9.84	9.84	72.18	95.87	tech	టెక్	te	టె	8	4	sri	4	False	False	False	False
source3	S1-408063271	S3-725289504	India	Panacea Inds Limited	Dr panaceaindscom	Ichapur Road, Kadamtala, Lp-217/14/4, Howrah, 62/11/1, West Bengal	2/11/1, Ichapur Road, Kadamtala, Lp-217/14/4, Howrah, Howrah Maidan, WB	latin	latin	latin	latin	64.86	48.65	73.02	88.46	panacea	dr	pa	dr	217	2	ichapur	2	False	False	False	False
source3	S1-152672519	S3-881927691	India	Mohit Construction Pvt Ltd	Sri mohit construction pvt ltd	First Floor, Chennai, Khivraj Complex Iii, 480, Anna Salai, Chennai, Chennai, Tamil Nadu	No 656 First Floor, Khivraj Complex Iii, 480, Anna Salai, Chennai, Chennai, தமிழ்நாடு	latin	latin	latin	latin	92.86	100.0	78.75	90.76	mohit	sri	mo	sr	480	656	first	no	False	False	False	False
source3	S1-397106589	S3-541150088	India	Vijay Trading Private Limited	विजय ट्रेडिंग प्राइवेट लिमिटेड	Village Pavesara, Gudera, Mathura, Uttar Pradesh	Gudera, Mathura, UP, No 749 Village Pavesara	latin	devanagari	latin	latin	10.17	10.17	51.16	86.11	vijay	विजय	vi	वि		749	village	gudera	False	False	False	False
source3	S1-133479118	S3-493415409	India	Blue Construction LLP	ब्लू कंस्ट्रक्शन एलएलपी	Delhi, C Block Yamuna Vihar, C-6/298, North East	Hn 204 C-6/298, C Block Yamuna Vihar, Delhi, North East, दिल्ली	latin	devanagari	latin	mixed_latin_devanagari	9.09	9.09	65.38	100.0	blue	ब्लू	bl	ब्	6	204	delhi	hn	False	False	False	False
source3	S1-75923599	S3-139270367	India	North Builders Limited	ନର୍ଥ ବିଲଡର୍ସ୍ ଲିମିଟେଡ୍	Market Building, Nayan Vihar At - Kasoti, Po - Pandiri, Kendrapara, Orissa	No. 191 Market Building, Nayan Vihar At - Kasoti, Po - Pandiri, Kendrapara, OD	latin	other	latin	latin	9.09	9.09	90.37	94.4	north	ନର୍ଥ	no	ନର		191	market	no	False	False	False	False
source3	S1-660980751	S3-25378956	India	Best International LLP	बेस्ट इंटरनेशनल एलएलपी	Guptabhavan, Plotno.7, Sectorn-7-J, Nearfusecallcentre, Cidco, Aurangabad, Maharashtra	##377 Guptabhavan, Regional Office Aurangabad, Aurangabad, MH	latin	devanagari	latin	latin	9.09	9.09	52.94	65.67	best	बेस्ट	be	बे	7	377	guptabhavan	377	False	False	False	False
source3	S1-356968386	S3-612363361	India	HGX Market Private Limited	Private HGX Market [Ltd]	Uttar Pradesh, Dharmshala Nawabganj, Bareilly, C/O Surendra Kumar Mo Kaharan Near Babu Ram, Nawabganj	Bareilly, UP, C/o Surendra Kumar Mo Kaharan Near Babu Ram	latin	latin	latin	latin	58.33	91.67	68.42	97.2	hgx	private	hg	pr			uttar	bareilly	False	False	False	False
source3	S1-199702910	S3-49154213	India	Norma Law Chambers	Dr Norma Law Chamenbrs Chamenbrs	J-8/109, Ug Floor Rajouri Garden, New Delhi, Delhi	No. 11 J-8/109, New Delhi, DL	latin	latin	latin	latin	72.0	85.0	54.79	79.07	norma	dr	no	dr	8	11	j	no	False	False	False	False
source3	S1-414371382	S3-675926786	India	Mnm Trading Ltd	LTD MNM Trading	Bldg 5/3D, Flat No. 13, New Ajanta Avenue Society Kothrud, Pune, Maharashtra	H.no 846 Bldg 5/3D, Poona, Pune, MH	latin	latin	latin	latin	73.33	100.0	40.78	69.39	mnm	ltd	mn	lt	5	846	bldg	h	False	False	False	False
source3	S1-431442616	S3-598348652	India	Om Consultants Private Limited	ॐ कंसल्टेंट्स प्राइवेट लिमिटेड	Thane, Office No. A1 & B1, Maharashtra, 9Th Floor, Ashar It Park, 16Z, Wagle Industrial Estate, Thane	MH, Thane, 9Th Floor, Ashar It Park, 16Z, Wagle Industrial Estate, Office No. A1 & B1, Thane	latin	devanagari	latin	latin	10.0	10.0	72.83	97.99	om	ॐ	om	ॐक	1	9	thane	mh	False	False	False	False
source3	S1-368767037	S3-407260704	US	Short Advanced Mitsui	5hort Advanced (Mitsui)	11926 Lois Lane Drive, Pinehurst, TX	Lois Lane Dr, PMB 1056, Pinehurst, Texas	latin	latin	latin	latin	95.24	95.24	70.42	78.87	short	5hort	sh	5h	11926	1056	11926	lois	False	False	False	False
source3	S1-924302858	S3-611193392	India	Swastik Good Producer Private Limited	സ്വസ്തിക് ഗുഡ് പ്രൊഡ്യൂസർ പ്രൈവറ്റ് ലിമിറ്റഡ്	Kmc Xvii/130 Balavilas Bldgsreenivasa Iyer Road, Kottayam, Kollam, Kerala	No 222 Kmc Xvii/130 Balavilas Bldgsreenivasa Iyer Road, Kottayam, Kollam, കേരളം	latin	other	latin	latin	9.76	9.76	87.67	94.74	swastik	സ്വസ്തിക്	sw	സ്	130	222	kmc	no	False	False	False	False
source3	S1-8527176	S3-945014001	US	Crowder Holding Company LLC	Company Crowder Crowder Holding	3605 O Street, Washington, DC	O Street, Washington, District of Columbia	latin	latin	latin	latin	51.72	100.0	65.67	82.61	crowder	company	cr	co	3605		3605	o	False	False	False	False
source3	S1-126022071	S3-41744905	India	Jay Food Private Limited	ଜୟ ଫୁଡ୍ ପ୍ରାଇଭେଟ୍ ଲିମିଟେଡ୍	Orissa, Jagatsinghpur, Khata No 181 Nimidhi Gate Bazaar Paradeep Garh, C/O Ramesh Ch Nayak P.No 40, Jagatsinghapur	No. D/125 C/o Rameh Ch Nayak P.no 40, Khata No 181 Nimidhi Gate Bazaar Paradeep Garh, Jagatsinghapur, Jagatsinghpur, Orissa	latin	other	latin	latin	12.0	12.0	64.91	96.8	jay	ଜୟ	ja	ଜୟ	181	125	orissa	no	False	False	False	False
source3	S1-970563629	S3-898975774	India	Seven Marketing Private Limited	सेवन मार्केटिंग प्राइवेट लिमिटेड	New Delhi, Delhi, New Delhi, B.D. Chambers, 10/54, Desh Bandhu Road, Karol Bagh, No. 209	No 209, B.d. Chambers, 10/54, Desh Bandhu Road, Karol Bagh, New Delhi, दिल्ली	latin	devanagari	latin	mixed_latin_devanagari	9.52	9.52	69.8	100.0	seven	सेवन	se	से	10	209	new	no	False	False	False	False
source3	S1-970563629	S3-45379951	India	Seven Marketing Private Limited	Dr seven marketing private limited	New Delhi, Delhi, New Delhi, B.D. Chambers, 10/54, Desh Bandhu Road, Karol Bagh, No. 209	H.no 209, B.d. Chambers, 10/54, Desh Bandhu Road, Karol Bagh, New Delhi, DL	latin	latin	latin	latin	95.38	100.0	73.47	100.0	seven	dr	se	dr	10	209	new	h	False	False	False	False
source3	S1-623858923	S3-321682015	India	Surya Business Private Limited	सूर्य बिजनेस प्राइवेट लिमिटेड	Flat No 603 Bldg No 122 B Wing Bhakti Heights Tilak Nagar Opp Icici Bank Chembur Mumb, Ai, Mumbai, Mumbai City, Maharashtra	Bldg No 122 B Wing Bhakti Heights Tilak Nagar Opp Icici Bank Chembur Mumb, Mumbai City, MH	latin	devanagari	latin	latin	10.17	10.17	85.02	98.27	surya	सूर्य	su	सू	603	122	flat	bldg	False	False	False	False
source3	S1-938092819	S3-142479434	US	Peon Star Metals LP	Inc Peon Star Metals	2930 33rd Street, Indianapolis, IN	33rd St, Indianapolis, Indiana	latin	latin	latin	latin	82.05	91.43	76.67	76.67	peon	inc	pe	in	2930	33	2930	33rd	False	False	False	False
source3	S1-135251474	S3-924378606	India	Helot Medical Centre Pvt Ltd	Sri Helot Medical Centre	Bangalore South, 16Th Cross, 27Th Main, Sector-1, No 2729, Karnataka, Bangalore	729, 16Th Cross, 27Th Main, Sector-1, Bangalore, KA	latin	latin	latin	latin	76.92	90.91	67.23	91.76	helot	sri	he	sr	16	729	bangalore	729	False	False	False	False
source3	S1-229036658	S3-400410906	US	Allied Program Clinic	program allied clinic	3321 Ocean Drive, Manhattan, KS	Ocean Drive, Manhattan, Kansas	latin	latin	latin	latin	66.67	100.0	84.21	85.71	allied	program	al	pr	3321		3321	ocean	False	False	False	False
source3	S1-274659648	S3-218749853	US	Integrated Media Concepts Corp	Calokeloevo	Kingsport, 3907 Skyland Drive, TN	390 Skyland Drive, Kingsport, Tennessee	latin	latin	latin	latin	24.39	24.39	58.82	88.24	integrated	calokeloevo	in	ca	3907	390	kingsport	390	False	False	False	False
source3	S1-810962623	S3-581048467	India	Tech Foods Private Limited	M/s Tech Fodns Private Limited	15, F.P.396, Fariawala, Estate, Opp. Hotel Avtar, Ahmadabad City, Ahmedabad, Gujarat	786 15, F.p.396, Fariawala, Estate, Opp. Hotel Avtar, Ahmadabad City, GJ	latin	latin	latin	latin	89.29	89.29	86.52	94.31	tech	m	te	ms	15	786	15	786	False	False	False	False
source3	S1-462720339	S3-550729549	US	Opalina P. Singleton, DPM P.C.	The Opalina P. Singleton, DPM P.C.	587 Stacie Drive, Roanoke County, VA	Stacie Dr, Vinton, Virginia	latin	latin	latin	latin	93.1	100.0	54.24	50.85	opalina	the	op	th	587		587	stacie	False	False	False	False
source3	S1-195080397	S3-885176570	India	Anand Engineering Private Limited	आनंद इंजीनियरिंग प्राइवेट लिमिटेड	26, Silarpur, Near Secretariat, Mandi Ateli, Rewari, Haryana	Door No 568 26, Silarpur, Near Secretariat, Mandi Ateli, Rewari, HR	latin	devanagari	latin	latin	9.09	9.09	85.47	92.16	anand	आनंद	an	आन	26	568	26	door	False	False	False	False
source3	S1-269770838	S3-19801856	US	Wood, Dawn, D.C.	The Wood, Dawn, [D.C.]	811 4th Street, Unit 512, Washington, DC	Unit 512, Washington, 811 Fourth Staeet, District of Columbia	latin	latin	latin	latin	86.67	100.0	46.32	76.67	wood	the	wo	th	811	512	811	unit	False	False	False	False
source3	S1-839132496	S3-623393251	India	Apex Foundation Limited	एपेक्स फाउंडेशन लिमिटेड	C-5, Chemical Zone, M.I.D.C.Kalyan Badlapur Road, Amernath (West), Mumbai, Maharashtra	831 C-5, Chemical Zone, M.i.d.c.kalyan Badlapur Road, Mumbai, Amernath (West), महाराष्ट्र	latin	devanagari	latin	mixed_latin_devanagari	8.7	8.7	75.78	91.55	apex	एपेक्स	ap	एप	5	831	c	831	False	False	False	False
source3	S1-174575092	S3-54342666	US	Hetrick Classic Ford LP	[LP] Hetrick Claardsc Ford	35 Clinton Street, Seneca Falls, NY	0035 Clinton St, Seneca Falls, New York	latin	latin	latin	latin	76.6	89.36	82.86	82.86	hetrick	lp	he	lp	35	0035	35	0035	False	False	False	False
source3	S1-443154384	S3-62940186	India	Span Media Limited	Shri span media limited	D- 298, Basement Defence Colony, New Delhi, Delhi	Door No 277 D- 298, Basement Defence Colony, New Delhi, DL	latin	latin	latin	latin	87.8	100.0	84.85	100.0	span	shri	sp	sh	298	277	d	door	False	False	False	False
source3	S1-748801724	S3-706986404	US	Sanchez Lending Inc	[Inc] Sanchez Lending	10744 Millers Way, Orland Park, IL	0010744 Millers Way, Orland Park, Illinois	latin	latin	latin	latin	78.95	100.0	88.89	88.89	sanchez	inc	sa	in	10744	0010744	10744	0010744	False	False	False	False
source3	S1-859649679	S3-398927335	India	Marketing Sharda Marketing Private Limited	Rizaonyxevo	Flat No. 101, Plot No. 462, H No. 1-62/462, Sri Balaji Residency, Kakatiya Hills, Guttala Begumpet, Shaikpet, Hyderabad, Telangana	3-101, Plot No. 462, H No. 1-62/462, Sri Balaji Residency, Kakatiya Hills, Guttala Begumpet, Shaikpet, Hyderabad, TG	latin	latin	latin	latin	18.87	18.6	93.33	97.41	marketing	rizaonyxevo	ma	ri	101	3	flat	3	False	False	False	False
source3	S1-184137996	S3-673093972	India	Vijay Healthcare Limited	విజయ్ హెల్త్‌కేర్ లిమిటెడ్	D. No 11-10-268/6/A/1, Shop Zone, Yellandu, Khammam, Telangana	0011-10-268/6/A/1, Shop Zone, Yellandu, Khammam, Andhra Pradesh	latin	other	latin	latin	8.0	8.0	81.03	81.25	vijay	విజయ్	vi	వి	11	0011	d	0011	False	False	False	False
source3	S1-666365068	S3-791060436	India	Gajanan Films Corporation	6ajanan Corporation Films	Muktsar, Gidderbaha, T H G Marketing Private Limited Opposite Municipal Park Road, Punjab	T H G Marketing Private Limited Opposite Municipal Park Road, Muktsar, Gidderbaha, PB	latin	latin	latin	latin	72.0	96.0	76.19	98.14	gajanan	6ajanan	ga	6a			muktsar	t	False	False	False	False
source3	S1-274659648	S3-304749447	US	Integrated Media Concepts Corp	Corp Integrated Mcedaf Cóncepts	Kingsport, 3907 Skyland Drive, TN	390 Skyland Drive, Kingsport, Tennessee	latin	latin	latin	latin	75.41	91.8	58.82	88.24	integrated	corp	in	co	3907	390	kingsport	390	False	False	False	False
source3	S1-397106589	S3-3631543	India	Vijay Trading Private Limited	विजय ट्रेडिंग प्राइवेट लिमिटेड	Village Pavesara, Gudera, Mathura, Uttar Pradesh	H.no 749 Village Pamesara, Gudera, Mathura, UP	latin	devanagari	latin	latin	10.17	10.17	75.0	72.73	vijay	विजय	vi	वि		749	village	h	False	False	False	False
source3	S1-12240557	S3-454073329	India	Lakshmi Developers	లక్ష్మీ డెవలపర్స్	12Thfloor, Manjeeratrinity, Jntu-Hitechcityroad, Kphb, Tirumalagiri, Hyderabad, Telangana	1-2Thfloor, Manjeeratrinity, Jntu-hitechcityroad, Kphb, Tirumalagiri, Hyderabad, TG	latin	other	latin	latin	5.71	5.71	95.0	95.0	lakshmi	లక్ష్మీ	la	లక	12	1	12thfloor	1	False	False	False	False
source3	S1-623993543	S3-155968076	India	Swastik Technology LLP	സ്വസ്തിക് ടെക്നോളജി എൽഎൽപി	11/293, Nadackal, Erattupetta, Kottayam, Kerala	171. 11/293, Nadackal, Kottayam, KL	latin	other	latin	latin	8.33	8.33	72.97	87.27	swastik	സ്വസ്തിക്	sw	സ്	11	171	11	171	False	False	False	False
source3	S1-524840144	S3-146689487	India	Rangareddy Exports Limited	Exports	Flat No.69, 231, Part 316, Diamond Road, Nallagandla, Gopannapalli, Sherrlingampa, Lli, Rangareddy, Hyderabad, Telangana	Rangareddy, 231, Part 316, Diamond Road, Nallagandla, Gopannapalli, Sherrlingampa, Lli, Hyderabad, Flat No.69, Telangana	latin	latin	latin	latin	42.42	100.0	82.73	100.0	rangareddy	exports	ra	ex	69	231	flat	rangareddy	False	False	False	False
source3	S1-68170645	S3-601699640	US	Peyton's Mountain Hospitality	Hospitality Mountain Peyton'S	5401 Groveside Lane, Rolling Meadows, IL	005401 Groveside Ln, Rolling Meadows, Illinois	latin	latin	latin	latin	48.28	100.0	87.8	87.8	peyton	hospitality	pe	ho	5401	005401	5401	005401	False	False	False	False
source3	S1-141784862	S3-483398348	US	Peralta Pioneer Keen, LLC	LLC Peralta Pioneer Ka,	29523 Water Willow Trace Drive, Spring, TX	Water Willow Trace Dr, Spring, Texas	latin	latin	latin	latin	73.91	92.68	83.78	84.75	peralta	llc	pe	ll	29523		29523	water	False	False	False	False
source3	S1-534799627	S3-22575463	US	Person and Tran	pérsontran.com	12516 Capitol Saddlery Trail, Austin, TX	1251 Capitol Saddlery Trl, Austin, Texas	latin	latin	latin	latin	62.07	68.97	92.11	86.84	person	pérsontran	pe	pé	12516	1251	12516	1251	False	False	False	False
source3	S1-375621255	S3-855593814	India	Brit Law Chambers	Law Brit Services	G-2, 1/28, Tilak Nagar, New Delhi, West Delhi, Delhi	Plot 146 G-2, 1/28, Tilak Nagar, New Delhi, Tilak Nagar, DL	latin	latin	latin	latin	47.06	70.59	71.29	92.31	brit	law	br	la	2	146	g	plot	False	False	False	False
source3	S1-182472925	S3-725129384	India	Charu Brew Private Limited	Smt cbprivate.com	P.No.917A, Sf.No.247/2, 6Th West Cross Road, Gandhi Nagar, Katpadi Urban Extn, Vellore, Tamil Nadu	Block G-526/1 P.no.917a, Sf.no.247/2, 6Th West Cross Road, Gandhi Nagar, Katpadi Urban Extn, Vellore, TN	latin	latin	latin	latin	51.16	37.21	88.42	93.41	charu	smt	ch	sm	917	526	p	block	False	False	False	False
source3	S1-486380508	S3-845795910	US	Chesney Meridian LP	The Chesney Meridian LP	505 Harvest Hills Drive, Woodbine, IA	05 Harvest Hills Dr, Woodbine, Iowa	latin	latin	latin	latin	90.48	100.0	91.18	91.18	chesney	the	ch	th	505	05	505	05	False	False	False	False
source3	S1-958016851	S3-222487454	India	Creative Infra Private Limited	क्रिएटिव इंफ्रा प्राइवेट लिमिटेड	D-301, Plot No.1, Om Satyam Apartment Sector-Iv, Dwarka, New Delhi, West Delhi, Delhi	Block A-818 D-301, Plot No.1, Om Satyam Apartment Sector-iv, Dwarka, New Delhi, West Delhi, दिल्ली	latin	devanagari	latin	mixed_latin_devanagari	9.68	9.68	86.55	100.0	creative	क्रिएटिव	cr	क्	301	818	d	block	False	False	False	False
source3	S1-976918844	S3-688417919	India	Ignited Health LLP	Sri Ignited Héalth LLP	B-602 C-Dot Gh-2 Sec, Gurugram, Gurgaon, Haryana	#731 B-602 C-dot Gh-2 Sec, Gurugram, Gurgaon, HR	latin	latin	latin	latin	85.0	85.0	89.89	91.36	ignited	sri	ig	sr	602	731	b	731	False	False	False	False
source3	S1-749067273	S3-569341847	India	Industries Vardan Fresh Ltd	lndustries Varetan Fresh Ltd	705, Ansal Vikas Deep Building Laxmi Nagar District Centre, Vikas Marg, Delhi, East Delhi, Delhi	H.no 305 705, Ansal Vikas Deep Building Laxmi Nagar District Centre, Vikas Marg, Delhi, <NULL>, DL	latin	latin	latin	latin	90.91	90.91	86.81	96.45	industries	lndustries	in	ln	705	305	705	h	False	False	False	False
source3	S1-32551850	S3-615355244	India	Shiva Engineering Private Limited	शिवा इंजीनियरिंग प्राइवेट लिमिटेड	Plot No-Cp-53 & Cp-44, Sitapur Road Yojna, Sector-E, Jankipuram, Lucknow, Uttar Pradesh	Block E-501- Plot No-cp-53 & Cp-44, Lucknow, UP	latin	devanagari	latin	latin	9.09	9.09	49.18	80.0	shiva	शिवा	sh	शि	53	501	plot	block	False	False	False	False
source3	S1-863997012	S3-625988849	US	Ear Nose & Throat Superior Care Associates	Jaxxylo	1865 Moran Court, Cimarron Hills, CO	1645 Moran Court, Colorado Springs, Colorado	latin	latin	latin	latin	8.51	8.51	65.79	65.67	ear	jaxxylo	ea	ja	1865	1645	1865	1645	False	False	False	False
source3	S1-976485117	S3-300802275	India	Allied Healthcare	Quoveo	City Sr No 170 Word No 1, Plot 255-256/B, Bhavnagar, Gujarat	Plot 255-256/B, Bhavnagar, City Sr No 170 Word No 1, Gujarat, Bhavnagar	latin	latin	latin	latin	8.7	8.7	58.06	100.0	allied	quoveo	al	qu	170	255	city	plot	False	False	False	False
source3	S1-374766299	S3-442564934	India	Green Products Pvt Ltd	ग्रीन Products Pvt Ltd	H- 34- B F/F Gewa Sampada, Cghs, Arjun Apt, New Delhi, West Delhi, Delhi	Plot #278 H- 34- B F/f Gewa Sampada, Cghs, Arjun Apt, New Delhi, West Delhi, DL	latin	mixed_latin_devanagari	latin	latin	77.27	84.21	91.18	100.0	green	ग्रीन	gr	ग्	34	278	h	plot	False	False	False	False
source3	S1-505753870	S3-230234288	India	Digital Agro Pvt Ltd	Pvt Digital Ag Ltd	Cts No. 41, Plot No. 14, Shop No. S 11, Swaroop Complex, Karve Road, Pune City, Pune, Maharashtra	Block D-840 Cts No. 41, Pune City, MH	latin	latin	latin	latin	73.68	94.74	41.32	71.7	digital	pvt	di	pv	41	840	cts	block	False	False	False	False
source3	S1-589897012	S3-722585203	US	Dugan Rocky Mid	Mirazeta d/b/a Dugan Rocky Mid	941 Hesters Crossing Road, Unit 3306, Round Rock, TX	Unit 3306, TX, Round Rock, 941 Hesters Crossing Road	latin	latin	latin	latin	66.67	100.0	51.02	100.0	dugan	mirazeta	du	mi	941	3306	941	unit	False	False	False	False
source3	S1-207329319	S3-886772558	US	Dido Johnson Affiliated LLC	Nexflux D.B.A. Dido Johnson Affiliated LLC	12 Meeting House Lane, Unit 204, Scituate, MA	MA, Scituate, Unit 204, 12 Meeting House Lane	latin	latin	latin	latin	79.41	100.0	50.0	100.0	dido	nexflux	di	ne	12	204	12	ma	False	False	False	False
source3	S1-472872032	S3-98377200	India	Zeus & Sons Private Limited	Private Zeus & S0ns Limited	116-A, Silicon City, Opp.Emerald Ht. School Po At Rajendra Nagar, Ab Road, Indore, Madhya Pradesh	16-A, Ab Road, Indore, MP	latin	latin	latin	latin	64.0	96.0	38.94	84.21	zeus	private	ze	pr	116	16	116	16	False	False	False	False
source3	S1-666365068	S3-64300662	India	Gajanan Films Corporation	Lumhalo	Muktsar, Gidderbaha, T H G Marketing Private Limited Opposite Municipal Park Road, Punjab	T H G Marketing Private Limited Opposite Municipal Park Road, Gidderbaha, Punjab, Muktsar	latin	latin	latin	latin	25.0	18.75	77.91	100.0	gajanan	lumhalo	ga	lu			muktsar	t	False	False	False	False
source3	S1-726365524	S3-913119857	India	Classic Trading Private Limited	क्लासिक ट्रेडिंग प्राइवेट लिमिटेड	Office No. 7 & 8, Sector - 2, Plot No. - 2, Phase - Ii, Nerul (West), Navi Mumbai, Thane, Maharashtra	महाराष्ट्र, Sector - 2, Plot No. - 2, Phase - Ii, Nerul (West), Navi Mumbai, Thane, Office No. 7 & 8	latin	devanagari	latin	mixed_latin_devanagari	9.38	9.38	71.17	92.2	classic	क्लासिक	cl	क्	7	2	office	महाराष्ट्र	False	False	False	False
source3	S1-536475371	S3-442311026	India	OQ Services Private Limited	0Q Services Private [Limited]	5/8Ajmal Khan Road Karol Bagh, New Delhi, Central Delhi, Delhi	Door No 005/8Ajmal Khan Rad Karol Bagh, NULL, New Delhi, Central Delhi, दिल्ली	latin	latin	latin	mixed_latin_devanagari	96.3	96.3	79.7	91.95	oq	0q	oq	0q	5	005	5	door	False	False	False	False
source3	S1-184112563	S3-996874380	India	Royal Constructions Private Limited	రాయల్ కన్‌స్ట్రక్షన్స్ ప్రైవేట్ లిమిటెడ్	H. No. 7-9/5, 8Th Street, Jsn Colony Habsiguda, Hyderabad, Telangana	8Th Street, Jsn Colony Habsiguda, Hyderabad, Door No 7-9/5, Hyderabad, తెలంగాణ	latin	other	latin	latin	8.0	8.0	66.67	89.29	royal	రాయల్	ro	రా	7	8	h	8th	False	False	False	False
source3	S1-98323209	S3-763434414	US	Leonore Reyes Rapid Pampa	Reyes, Le0nore Rapid Pampa	8926 Livenshire Drive, Dallas, TX	Dallas, Texas, 926 Livenshire Drive	latin	latin	latin	latin	72.0	96.0	62.5	93.75	leonore	reyes	le	re	8926	926	8926	dallas	False	False	False	False
source3	S1-842019434	S3-979700446	India	Sky All Technology Private Limited	स्काई ऑल टेक्नोलॉजी प्राइवेट लिमिटेड	32-B, Ff Ashoka Avenue, Sainik Farm, New Delhi, South Delhi, Delhi	Plot D/626 32-B, New Delhi, South Delhi, DL	latin	devanagari	latin	latin	11.43	11.43	57.43	74.07	sky	स्काई	sk	स्	32	626	32	plot	False	False	False	False
source3	S1-237957646	S3-762987888	India	Delonix Traders Private Limited	Limited Delonix Traders Services	4Th Floor, 256, Prantick Pally, Kasba, Kolkata, Kolkata, Howrah, West Bengal	256, Prantick Pally, Kasba, Kolkata, Kolkata, Kolkata Region, পশ্চিমবঙ্গ, 4Th/7 Floor	latin	latin	latin	latin	63.49	85.71	65.31	81.55	delonix	limited	de	li	4	256	4th	256	False	False	False	False
source3	S1-925715075	S3-64804084	US	Peters Custom Alphabet	Alphabet Clhdshtom Peters	15225 Shalimar Drive, Wilmer, AL	Shalimar Drive, Wilmer, Alabama	latin	latin	latin	latin	55.32	89.36	81.36	84.0	peters	alphabet	pe	al	15225		15225	shalimar	False	False	False	False
source3	S1-976150307	S3-137263496	India	Baba Shree Developers Limited	பாபா ஸ்ரீ டெவலப்பர்ஸ் லிமிடெட்	New No.278/102, 4Th Floor Peters Road Royapettah, Chennai, Tamil Nadu	4Th Floor Peters Road Royapettah, Chennai, H.no G-278/102, TN	latin	other	latin	latin	10.17	10.17	69.35	93.58	baba	பாபா	ba	பா	278	4	new	4th	False	False	False	False
source3	S1-624714972	S3-206141879	US	Hein Modern Xrp	Xrp Modern Hein	6870 Foley-beach Express, Unit Unit 106, Orange Beach, AL	Foley-Beach Express, Unit Unit 106, Orange Beach, Alabama	latin	latin	latin	latin	53.33	100.0	90.74	89.74	hein	xrp	he	xr	6870	106	6870	foley	False	False	False	False
source3	S1-695606943	S3-552051944	India	All Builders LLP	ऑल बिल्डर्स LLP	205, Flr-2Nd, Plot 66-F, Steel Center, Sant Tukdoji Maharaj Road, Tata Power Carnac Bunder, Ch, Inchbunder, Mumbai, Mumbai City, Maharashtra	Mumbai City, Flr-2nd, Plot 66-F, Steel Center, Sant Tukdoji Maharaj Road, Tata Power Carnac Bunder, Ch, Inchbunder, Mumbai, महाराष्ट्र, 205	latin	mixed_latin_devanagari	latin	mixed_latin_devanagari	32.26	33.33	81.08	95.28	all	ऑल	al	ऑल	205	2	205	mumbai	False	False	False	False
source3	S1-802535179	S3-415785756	US	Goar Stone LLC	[Stone] Goar LLC	2105 Wood Ridge Cove, Cedar Park, TX	Wood Ridge Cv, Cedar Park, Texas	latin	latin	latin	latin	64.29	100.0	84.38	84.38	goar	stone	go	st	2105		2105	wood	False	False	False	False
source3	S1-193618187	S3-942460482	US	YWH Convertible LLC	Llc YWH Convertible	6220 Harvest Street, Springfield, OH	06220 Harvest Street, Springfield, Ohio	latin	latin	latin	latin	78.95	100.0	95.77	95.77	ywh	llc	yw	ll	6220	06220	6220	06220	False	False	False	False
source3	S1-251910741	S3-830309493	India	Red Aditya It Pvt Ltd	রেড আদিত্য আইটি প্রাইভেট লিমিটেড	College Para, Aurangabad, Murshidabad, West Bengal	No. G-610 College Para, Aurangabad, Murshidabad, WB	latin	other	latin	latin	15.09	15.09	80.85	85.37	red	রেড	re	রে		610	college	no	False	False	False	False
source3	S1-653766547	S3-149268343	India	East Energy Private Limited	ಈಸ್ಟ್ ಎನರ್ಜಿ ಪ್ರೈವೇಟ್ ಲಿಮಿಟೆಡ್	1St Flr, 891, Savalanga Rd, Lal Bahadur Shastri Ngr, Shimoga, Karnataka	Shimoga, KA, Flr, 891, Savalanga Rd, Lal Bahadur Shastri Ngr	latin	other	latin	latin	10.53	10.53	76.03	97.2	east	ಈಸ್ಟ್	ea	ಈಸ	1	891	1st	shimoga	False	False	False	False
source3	S1-748801724	S3-452100535	US	Sanchez Lending Inc	Inc Sanchez Lenbmg	10744 Millers Way, Orland Park, IL	0010744 Millers Way, Orland Park, Illinois	latin	latin	latin	latin	64.86	86.49	88.89	88.89	sanchez	inc	sa	in	10744	0010744	10744	0010744	False	False	False	False
source3	S1-402478112	S3-634437981	US	Beltran Innovative Muniyield LLP	Quotavoorbi	451 Ardmore Avenue, Unit J, Villa Park, IL	0451 Ardmore Avenue, # J, Villa Park, Illinois	latin	latin	latin	latin	18.6	18.6	85.0	90.0	beltran	quotavoorbi	be	qu	451	0451	451	0451	False	False	False	False
source3	S1-979621542	S3-315989076	US	Romisoft	R0sift	Unit APARTMENT 28, 3904 Lori Drive, KY, Erlanger	3904 Lori Dr, Unit Apartment 28, Erlanger Ky, Kentucky	latin	latin	latin	latin	57.14	57.14	54.17	92.86	romisoft	r0sift	ro	r0	28	3904	unit	3904	False	False	False	False
source3	S1-214642590	S3-360463644	India	Jalsagar Enterprises Private Limited	Mr Jalsagar Enterprises Private Ltd	Survey No. 122, Kalavad Road, Village Sapda, Taluka Jamnagar, Jamnagar, Gujarat	H.no 12, GJ, Jamnagar	latin	latin	latin	latin	90.14	90.14	39.13	73.33	jalsagar	mr	ja	mr	122	12	survey	h	False	False	False	False
source3	S1-785596927	S3-110844528	India	Ganpati & Co	Smt Gsanaptit and Co #56067	Level 5, Dnyanvatsal Complex, Opp. Vandevi Mandir, Karve Nagar, Pune, Maharashtra	H.no 546 Lecel 5, Pune, महाराष्ट्र	latin	latin	latin	mixed_latin_devanagari	50.0	50.0	26.17	31.78	ganpati	smt	ga	sm	5	546	level	h	False	False	False	False
source3	S1-521336346	S3-996774084	India	Kaira Education Private Limited	M/s Kaira Education Private (Limited)	Old No.37/C, Chennai, New No.14, Ground Floor, Nathamuni Street, T.Nagar, Tamil Nadu, Chennai		latin	latin	latin	empty	93.94	100.0	0.0	0.0	kaira	m	ka	ms	37		old		False	False	False	False
source3	S1-810150027	S3-696931712	India	Classic Consultants Pvt Ltd	The Classic  Consultants Pvt Ltd	No.36, K.P.N.Colony, 1St Street, Tirupur, Coimbatore, Tamil Nadu		latin	latin	latin	empty	93.1	100.0	0.0	0.0	classic	the	cl	th	36		no		False	False	False	False
source3	S1-929565562	S3-16923308	US	Redwood LLC	LLC Redwood	7384 Stout Road, Germantown, TN	Stout Road, PMB 3132, Germantown, Tennessee	latin	latin	latin	latin	63.64	100.0	69.57	84.0	redwood	llc	re	ll	7384	3132	7384	stout	False	False	False	False
source3	S1-865781907	S3-220782585	India	Pasupati Consultants Private Limited	PRIVATE PASUPATI CONSULTANTS LIMITED	B-240 Meera Path Vaishali Nagar, Jaipur, Rajasthan	Jaipur, B-00240 Meera Path Vaishali Nagar, Jaipur, RJ	latin	latin	latin	latin	77.78	100.0	83.67	90.11	pasupati	private	pa	pr	240	00240	b	jaipur	False	False	False	False
source3	S1-33429719	S3-821395373	India	East Tech Private Limited	ఈస్ట్ టెక్ Private Limited	Indis One City Hitech, Beside Malaysia Township, Tirumalagiri, Hyderabad, Telangana	Plot 468 Indis One City Hitech, Beside Malaysia Township, Hyderabad, Tirumalagiri, TG	latin	latin	latin	latin	66.67	75.0	77.5	93.24	east	ఈస్ట్	ea	ఈస		468	indis	plot	False	False	False	False
source3	S1-373896077	S3-105954325	India	Great Surya Consulting Private Limited	ગ્રેટ સૂર્ય કન્સલ્ટિંગ પ્રાઇવેટ લિમિટેડ	Kanchan, Streetno.2, Madhavpark-2, Nr. Goverdhan Chowk, Rajkot, Gujarat	Door No 350 Kanchan, Rajkot, ગુજરાત	latin	other	latin	latin	10.39	10.39	36.73	59.57	great	ગ્રેટ	gr	ગ્	2	350	kanchan	door	False	False	False	False
source3	S1-880597982	S3-125420906	India	Jsr Bizcon Private Limited	Dr Jsr Bizcon Private	D/214 Shyam Ashish Sunder Nagar, Maharashtra, Agashi Road Bolinj Virar West, Thane, Palghar		latin	latin	latin	empty	76.6	92.31	0.0	0.0	jsr	dr	js	dr	214		d		False	False	False	False
source3	S1-486380508	S3-786352077	US	Chesney Meridian LP	LP Chesney Meridian	505 Harvest Hills Drive, Woodbine, IA	05 Harvest Hills Dr, Woodbine, Iowa	latin	latin	latin	latin	84.21	100.0	91.18	91.18	chesney	lp	ch	lp	505	05	505	05	False	False	False	False
source3	S1-126022071	S3-285643585	India	Jay Food Private Limited	ଜୟ ଫୁଡ୍ ପ୍ରାଇଭେଟ୍ ଲିମିଟେଡ୍	Orissa, Jagatsinghpur, Khata No 181 Nimidhi Gate Bazaar Paradeep Garh, C/O Ramesh Ch Nayak P.No 40, Jagatsinghapur	No D/125 C/o Rameh Ch Nayak P.no 40, Jagatsinghapur, Jagatsinghpur, Orissa	latin	other	latin	latin	12.0	12.0	51.93	90.32	jay	ଜୟ	ja	ଜୟ	181	125	orissa	no	False	False	False	False
source3	S1-979621542	S3-681736651	US	Romisoft	Irideltawexio fka Romisoft	Unit APARTMENT 28, 3904 Lori Drive, KY, Erlanger	3904 Lori Drive, Unit APARTMENT 28, Erlanger, KY	latin	latin	latin	latin	47.06	100.0	57.78	100.0	romisoft	irideltawexio	ro	ir	28	3904	unit	3904	False	False	False	False
source3	S1-621207870	S3-574449603	India	Eastern Investment Private Limited	ഈസ്റ്റേൺ ഇൻവെസ്റ്റ്മെന്റ് പ്രൈവറ്റ് ലിമിറ്റഡ്	Room No. 380, 1St Floor, Bismillah Shopping Complex Market Road, Ottupara, Wadakancherry, Kumaranellur P O, Thrissur, Kerala	1St Floor, Bismillah Shopping Complex Market Road, Ottupara, Wadakancherry, KL, Kumaranellur P O, Room No. 380, Thrissur	latin	other	latin	latin	7.59	7.59	85.09	98.64	eastern	ഈസ്റ്റേൺ	ea	ഈസ	380	1	room	1st	False	False	False	False
