entity_id	business_name	business_address	country
S1-680736393	Cure Auto Body	8117 Cardin Drive, Austin, TX	US
S1-822923979	Vintage Academy Group	C/O Shri Dr. Sudam Eknathrao Munde, Viren Capital, Infront Of S.T Stand, Tal Parli, Beed, Bid, Maharashtra	India
S1-884821746	QS Entertainment Private Limited	Ward Number 16, 3 Str, Gharsana, Ganganagar, Rajasthan	India
S1-702932398	Senet	593 Stratmore Street, New Carlisle, OH	US
S1-173066628	Beacon Research Works	6805 Indianapolis Boulevard, Hammond, IN	US
S1-923807348	Bresnahan & Pina	2999 Fm 71, Dike, TX	US
S1-274965245	Future Investment Private Limited	St.Joseph'S Buildings, Cotton Hill, Trivandrum, Tc No. 15/1038, Trivandrum, Thiruvananthapuram, Kerala	India
S1-137466882	Golden Total Agriculture	1575 B Sumneytown Pike, Unit Unit B, Towamencin Township, PA	US
S1-153581305	Hitech Infra Private Limited	Unit No.2, 4Th Floor, A-Wing, Time Square Building, Andheri Kurla Road, Mumbai, Maharashtra	India
S1-42689099	Bay League	NY, 129 Bank Street, New York	US
S1-188676594	Diaz's Solutions	13803 Hatfield Road, Pearland, TX	US
S1-342167536	Thomas Copper LLC	95 Gibson Court, Tiffin, OH	US
S1-903447681	Central Capital Private Limited	Gat No 1325/2, Wagholi, Haveli, Pune, Haveli, Pune, Maharashtra	India
S1-506366017	Karimnagar Ventures	H.No 10-2-143 Vidyanagar, Sri Hari Nagar, Karimnagar, Karim Nagar, Telangana	India
S1-741796361	Alpha Technologies Private Limited	702, Savijay Apartments, Plot No. 52, 29Th Road, Mumbai, Maharashtra	India
S1-996456807	Poulsen Fifth P.C.	442 Whirl Lane, La Plata, MD	US
S1-70576519	Keystone James	1426 Pebble Trail, City Of River Falls, WI	US
S1-720393176	Shakti Energy Private Limited	Annt Vaibhav Khutehi, Rewa, Huzur, Madhya Pradesh, Top Floor	India
S1-668908027	Caldora Templeton Inc	201 Bibb Street, Campbellsville, KY	US
S1-467050934	Irby Prime Dpc Corp	IL, Berwyn, 1312 Gunderson Avenue	US
S1-21014473	Corner Barbershop	7633 78th Loop, WA, Fl 1, Olympia	US
S1-893496971	Precision Art LLC	7678 2728, Terrell, TX	US
S1-432816297	Galaxy Marketing Private Limited	Plot No. 477, Sector-1, Imt Manesar, Gurgaon, Haryana	India
S1-752965778	Barnes Cornerstone Ampercap Inc	10514 John Glenn Street, Lanham, MD	US
S1-378343849	Family Physicians	970 Cd Olena Drive, Hailey, ID	US
S1-297561531	Healthcare Shivpawan Real LLP	A.No.716, Plot No.416, Daheli, Sujanpur, Kanpur, Uttar Pradesh	India
S1-799958132	Shiva Food Private Limited	109, Riddhi Siddhi Premises Co-Op. Society Ltd., Opp. Sahakar Plaza, Tilak Nagar, Chembur, (W), Mumbai, Mumbai City, Maharashtra	India
S1-441056690	Oncology Apex Medicine Corp	106 1st Street, Lake View, IA	US
S1-383358857	Hitech Infrastructure Pvt Ltd	8-A Jeevan Asha 60A, Pedder Road, Mumbai, Maharashtra	India
S1-753522572	New Delhi Services Private Limited	New Delhi, South Delhi, Delhi, L-4/G74Sujan Singh Park	India
S1-805031809	Prime Technical Union	34387 Owls Nest Road, DE, Lewes	US
S1-445839799	Culver Ashford LLC	8664 Blue Jay Way, Citrus Heights, CA	US
S1-783989756	Brown Harbor Jab LLC	430 San Badger Drive, Hailey, ID	US
S1-745139398	Urban Services Pvt Ltd	Shop 45-32 Manas Enclave, Manas Shopping Center, Lucknow, Uttar Pradesh	India
S1-997335376	Golden Pizza	7045 Omaha Boulevard, Cimarron Hills, CO	US
S1-884933804	Vayuputra (India) Tradelinks Private Limited	Maharashtra, Geetanjali Apts., Manchhu Bhai Road, Near Manali Hotel, Near Subway, Malad (E, ), Mumbai, 2	India
S1-952668949	Supreme Foundation Pvt Ltd	2, Kapidhwaj, Behind Vedant Kadam, Nr Bhadaj Circle, S P Ring, Ognaj, Ahmedabad, Gujarat	India
S1-842225051	Monroe Atlantic	731 Deer Valley Drive, WA, Ellensburg	US
S1-128880353	Kashish & Brothers Care	S. 8/110 A-G, Khajuri, Maqbool Alam Road, Varanasi, Uttar Pradesh	India
S1-88381748	Pediatric Care	665 156th Place, South Holland, IL	US
S1-737865930	Urban It	8-2-293/K/108, Kamalapuri Colony, Khairatabad, Hyderabad, Telangana	India
S1-2077247	Prairie Project	629 Truman Drive, Brownsville, TX	US
S1-679198638	St. Presbyterian Church	4459 Pennsylvania Avenue, Kansas City, MO	US
S1-276308842	Uptown Tavern	2307 Lacy Street, Burlington, NC	US
S1-971577255	Ivett R. Upshaw, O.D., M.D., P.C.	MD, 13501 Winding Trail Court, Silver Spring	US
S1-595241954	Rbs Horizon Private Limited	C/701 Gaurav Residency Chs Ltd Phase 1 Nr Mayor Bungalow Kanakia Road, Bhd Beverly Park Mira Road East Thane, Thane, Maharashtra	India
S1-434258089	Rium Inc	AL, Montgomery, 3204 Capwood Curve	US
S1-783541971	Metropolitan Veterinary Clinic	24 Glendale Road, Fl 0, Saint Louis, MO	US
S1-489410147	Jyoti Finance Private Limited	Flat C-2, Kolkata, West Bengal, 2Nd Floor, Howrah, Kolkata	India
S1-137074254	Samit Traders LLP	1895, Hemadri Elite, Flat No 301, 3Rd Floor, 2Nd Block, Jp Nagar 8Th Phase, Bangalore South, Bangalore Rural, Karnataka	India
S1-828598904	Urgent Care Pinnacle Clinic	1225 Willowbrook Lane, Towanda, KS	US
S1-865602330	Life Software Private Limited	No.70/5A4, Salem Main Road, Malayanoorchakkadi, Chengam, Tiruvannamalai, Tamil Nadu	India
S1-766642189	Praniya Chemicals Private Limited	H.No 40-808-H-2 Srinivasa Nagar, Kurnool, Andhra Pradesh, Kurnool	India
S1-705425306	Physical Therapy Pinnacle Clinic LLC	525 Diffley Road, Unit Unit 1010, Eagan, MN	US
S1-920949005	Pinnacle Agricultural Services P.C.	54 Lawton Street, Springfield, MA, Unit 3	US
S1-604050693	Cisneros Complete Money	108 White Cedar Road, Greene County, VA	US
S1-4166509	MYL Drivers Private Limited	Tp Scheme No 1 Plot No 11, Shivaji Nagar Road, Hatkanangle, Kolhapur, Maharashtra	India
S1-470967471	India Siddhi Hotels Limited	#96, Chinnapanahalli, R.J Garden, Marathahalli, Bangalore, Karnataka	India
S1-77437891	Elite Gifting Pvt Ltd	Malappuram, Kerala, Padapparamba, Perinthalmanna, Malapuram, No.15/441/B	India
S1-827385343	Aurangabad Components Private Limited	Sai Corner Ne Nupur Appt., Garkheda, Maharashtra, Aurangabad, Fl No. 5, Aurangabad	India
S1-356099338	Briscoe Brand LLC	2388 Braxton Bragg Drive, Murfreesboro, TN	US
S1-532931598	Prime Solutions Private Limited	C-104, Shubham Apartment Plot No.13 Sector-22, Dwarka, New Delhi, West Delhi, Delhi	India
S1-308631929	Nerty's Graphics LP	MN, Woodbury, 6987 Wyndham Alcove	US
S1-403792067	Slaughter Strategic Inc.	127 Laurel Dale Cemetery Road, Robbins, TN	US
S1-566667354	Micro International LLP	Pune, Maharashtra, Pune, 48 2 1, Kate Puram Ii Build K 1, Flat 603, Pimple Gurav, Pune 27, 48 1 1	India
S1-848674533	Dermatology Center	760 Evergreen Drive, Unit Unit 312, Burnsville, MN	US
S1-925448946	Shyam Constructions Pvt Ltd	C/O-Mamata Rani Sahoo At-Bhagabanpur P.S - Kendrapara Town Police Station, Kendrapara, Orissa	India
S1-346032034	Hughes Ace Obic Inc	WA, Grandview, 481 Woodall Road	US
S1-985952923	Cypress, Inc	7631 Winnetka Street, Tacoma, WA	US
S1-851933645	Boone and Guerrero LLC	1009 Ridgeview Drive, Inverness, IL	US
S1-495916054	3313 Jefferson Avenue Apartments LLC	341 Croy Creek Road, Hailey, ID	US
S1-854902382	Avenue Computers Private Limited	16A Brabourne Road 7Th Floor, Kolkata, Calcutta, West Bengal	India
S1-815519617	Harbor Medical Center LLC	100 Northern Sky Drive, Shelton, WA	US
S1-714273957	Bhagvati Consultancy	No. 109, Ferns Meadows, Avalahalli Main Road, Bileshivale, Bangalore North, Bangalore, Karnataka	India
S1-475257543	Technology Madhavi Diagnostic Limited	1-1-4, Shah Saheb Street Karimnagar, Karimnagar, Telangana	India
S1-198748362	Vanguard Mobility Advisors	10101 Highland Meadow Circle, Unit 106, Meridian, CO	US
S1-135659649	Crest Corp	274 Hunters Way, Hainesville, IL	US
S1-602720218	Warrior Term LLC	241-72 A Oak Park Drive, Little Neck, NY	US
S1-611088205	Safe Rising Co	1231 Reading Drive, Unit 2104, IL, Montgomery	US
S1-199681292	Ghr Exports Limited	Sr No 37/2 Vidi Kamgar Vasahat Behind Chandannagar Police Station, Chan, Dannagar, Pune, Maharashtra	India
S1-918817127	Maa Technologies	Plot No G-47/1, Indrayani, Nagar, Pune City, Pune, Maharashtra	India
S1-59017591	Sona India Private Limited	Room No 7/8 1St Floor Middlebunglow Madhav Wadi Nigaum X Road, Mumbai, Maharashtra	India
S1-814746153	Elmira Simmons, D.D.S.	18 Cranford Drive, Clarkstown, NY	US
S1-651421541	Arts Holdings	A-2/7, Siddha Co Op Hsg Soc Ltd, S V Road Goregaon (West), Mumbai, Mumbai City, Maharashtra	India
S1-881576154	KPA Partnership Private Limited	C/O Ganpat Kolhe, Hs.No.3694/5, Ganesh Nagar, Renapur, Tq.Renapur, Dist. Latur, Renapur, Latur, Maharashtra	India
S1-545041847	Jacquenette's Pioneer Painting LLC	54 Medford Street, Unit 507, Arlington, MA	US
S1-451751916	Creative Gmbh (India) LLP	306 Divya Sadbhav Arcade, Opp Kids World Naranpura, Ahmadabad City, Ahmedabad, Gujarat	India
S1-905852984	Blue Universal Limited	Ground Floor, Block E, Plot No 44, Prem Nagar, Najafgarh New Delhi, New Delhi, South West Delhi, Delhi	India
S1-916194355	Tri-State Top LP	280 Laurel Creek Drive, Cedar Mountain, NC	US
S1-259924038	Summit	6637 Walnut Grove Court, Downers Grove, IL	US
S1-471219723	Delta Cleaning Service LLC	1459 102, IL, Bourbonnais	US
S1-417022160	Laxmi Enterprises Pvt Ltd	1/483 A, Paliyapadam, Kathampotta, Alathur, Palakkad, Kerala	India
S1-677086023	Ayn Nehme Eaton Inc	141 Kingfisher Road, Hempstead, NY	US
S1-282867099	Cinder	1674 Sandy Creek Road, Rock Island, TX	US
S1-53207721	Pasaon Inc	1002 Cloudview Cove, Cedar Park, TX	US
S1-860326700	Sibylla Noell Creative Royalties LLC	17860 Ferndell Lane, Victorville, CA	US
S1-145266647	A Cornerstone Ventures Inc.	409 W Virginia Avenue, Nutter Fort, WV	US
S1-134245445	Goodrich Sugar Private Limited	Srishti Apt Ph-2 Bl-1 (Cons), Teghoria, Chinarpark, Kolkata, Parganas North, West Bengal	India
S1-32777268	Heart Coalition	TN, Whitesburg, 124 Grassy Valley Road	US
S1-85083933	Cruz, Livingston & Diaz	564 Keith Lane, Islip, NY	US
S1-61972131	Software Shree Works Company	P-17, Kalakar Street, 4Th Floor, Kolkata, Kolkata, Howrah, West Bengal	India
S1-329321302	Park, Kinman and Mendoza LP	204 Magnolia Street, TX, Lake Jackson	US
S1-737671813	Amara Andentertainment (India) Pvt. Ltd.	D64/15, Prathamesh Chs, Sector -12, Kharghar, Navi Mumbai, Raigarh, Maharashtra	India
S1-524285434	Modern Commercial Enterprises Inc.	City Of De Pere, WI, 2275 Lawrence Drive	US
S1-712533204	Malegaon Educational Co	Shriji Prasad, Near Swaminarayan Temple, Sapati Bazar, Malegaon, Tal. Malegaon Dis, T. Nashik, Malegaon, Akola, Maharashtra	India
S1-204545508	Mercado & Harding Thunder	340 French Farms Boulevard, Unit Apt 15103, Athens, AL	US
S1-51690643	Eon Clinic Company	D-1, Nizamuddin East, New Delhi, South Delhi, Delhi	India
S1-195639551	Complete Triton PC	7628 Thoroughbred Way, Taylor, AZ	US
S1-176467585	Massillon Interstate Eaton	122 Rolling Park Drive, Massillon, OH	US
S1-659628962	Cammi Lupi Dividend Partners	Unit 11, Athens, 400 Keith Lane, TN	US
S1-940967026	Law Procap LLC	103 Carroll Street, Cherryville, NC	US
S1-377565111	Fact (India) Agro Ltd	01-B, Darya Mahal 80 Nepeansea Road Malbar Hill, Mumbai, Mumbai City, Maharashtra	India
S1-966490185	Peterson, Mendiola and Hedrick Automotive, LLC	124 Meadowbrook Drive, PA, Abington Township	US
S1-456108938	Geetha Group of Companies Partners	Kailashee Devi W/O Mangal Ram Meena Ramu Patel Ki Dhani, Vp Dantli, Sanganer, Jaipur, Rajasthan	India
S1-263376622	Gulf Restaurants LLC	6040 Hunters Ford Road, Pacific, MO	US
S1-22699026	Kochi Chemicals Private Limited	Ernakulam, Cheruparambath Road Kadavanthra P.O., Kochi, Kerala, 28/3030	India
S1-220339020	Interfaith Ridge Initiative	602 3702, Quinlan, TX	US
S1-937176254	Foot & Ankle Care of Springfield	2640 Prospect Avenue, Springfield, MO	US
S1-665011397	Varshora West Private Limited	24, Wanrai Marg, Prashant Nagar, Rukhmini Nagar, Amravati, Maharashtra	India
S1-844749518	Raven Co	4385 Pleasant Ridge Road, Marietta, OH	US
S1-399324741	Robinson Blue Trailblazer LP	38 Rangeley Drive, Asheville, NC	US
S1-651928391	Aarpee Consultant Private Limited	Plot No. 81 & 82 K.S.H Pearls, Flat No. 201 Near Rishi Womens College, Samatha Nagar, Kukatpally, Hyderabad, Telangana	India
S1-707411151	Blue Properties Limited	2001, 1St Lane, Chintamaniswar Bbsr, Laxmisagar, Bhubaneswar, Khordha, Orissa	India
S1-435560173	Curry, Johnson and Nava Inc	2344 Shellfish Court, Henrico County, VA	US
S1-435981147	Tanuj (india) Pvt Ltd	79/1B/7 Vivekanand Nagar, Pachora, Jalgaon, Maharashtra	India
S1-70986620	Aldrich & Martinez Westin LLC	19 Armstrong Lane, Rowlett, TX	US
S1-906202714	Singularity Garments Private Limited	23A, N.S.Road, Fortuna Tower, 8Th Floor, Room No.34, Kolkata, Kolkata, Howrah, West Bengal	India
S1-886258562	BM Line	Scheme No.- 54, 168/169 Pu-4, Indore, Madhya Pradesh, Indore	India
S1-244641806	Sk Foundation Private Limited	R 235 Hig Duplex, Ghaziabad, Uttar Pradesh	India
S1-697063565	Lazaro Trust LLC	2844 May Street, Fort Worth, TX	US
S1-529635433	Karan Mill Pvt Ltd	509, Tolstoy House 15-17, Tolstoy Marg, Connaught Place, New Delhi, Delhi	India
S1-989097892	Elevators Nursing Home	51/1, S.No.216/2 Pillaithanneer Panthal, Thirumayam Road, Pudukottai, Tamil Nadu	India
S1-562709002	United Giant Associates	7371 Dreamview Trail, Flagstaff, AZ	US
S1-672361728	Cardiology Health LLC	3015 Weldon Avenue, Phoenix, AZ	US
S1-187296983	Unique Energy Private Limited	No.27, Mullai Nagar, Mannivakkam Post, Manimangalam Road, Chennai, Tamil Nadu	India
S1-411410627	Anand Jain Enterprises Limited	G-12, Deep Cinema Commercialcomplex Ashok Vihar Phase-I, Delhi	India
S1-834523727	Downtown Tavern!	115 Marion Blvd, Marion, IA	US
S1-512289184	YNA Thunder	146 Meadow Lark Lane, Elk Ridge, UT	US
S1-308525827	Blue Society Inc	Phoenix, 3101 32nd Street, Unit 133, AZ	US
S1-10525090	Gt Nursing Home	Gala No. 2 Plot No.215 Kolsa Bunder Darukhana, Mumbai, Maharashtra	India
S1-700229478	Quantis Blackstone LLC	512 Redondo Drive, Unit 104, Downers Grove, IL	US
S1-31470773	Ventura Continental Inflection LLC	292 Jay Street, Unit APT 101, Gate City Town, VA	US
S1-199798490	Sr Basket Private Limited	Uttar Pradesh, Aligarh, H-15, Aligarh, Sumit Sarovar, Near Three Dots School, Ramghat Road	India
S1-288113746	Shayla's Empire Nails	2445 Abbey Drive, Darien, IL	US
S1-69739740	Commission on Health	701 Pennsylvania Avenue, Unit PH16, Washington, DC	US
S1-783480667	Alvarado Charter School	NC, Eden, 530 Gresham Street	US
S1-741228627	Behavioral Health Care	TX, Anson, 6011 351	US
S1-741607279	Solyn National Associates	11793 Herodian Drive, Rancho Cordova, CA	US
S1-696625655	Green Learning Ventures Associates	6201 84th Place, Marysville, WA	US
S1-347727822	Adaptive (India) Training Private Limited	H.No 8-2-596/7, Flat No 1 Road No 10, Banjara Hills, Hyderabad, Telangana	India
S1-999939146	Romy's Global Enterprises LLC	155 Robert Cox Road, Bath, NC	US
S1-297458311	Swagat & Partners	South Delhi, Ground Floor, East Of Kailash, Delhi, New Delhi, 142	India
S1-800501471	Technologies Shankar Maintenance	Karnataka, No.507 15Th Cross, Bangalore, 7Th Main, Indiranagar, 2Nd Stage, Bangalore	India
S1-773610115	Rohan Food LLP	#15 A 4Th Floor, City Vista, Tower A Suite No. 755, Fountain Road Kharadi, Pune, Maharashtra	India
S1-280103121	Milton & Co	Kh No-50/9, Raj Nagar Ii, Palam Colony, New Delhi, Delhi	India
S1-561910850	Golden Properties Private Limited	Flt No- B-C/501, Bldg No 2, Ashok Nagar Lt Road, Vazira Naka, Near Talwalkar Gym, Mumbai, Mumbai City, Maharashtra	India
S1-362618009	Russell's Complete Construction	7115 Belgold Street, Houston, TX	US
S1-147549637	Petra Cunningham Hospitality Inc	6125 Indian School Road, Unit UNIT 251, Scottsdale, AZ	US
S1-137360406	Physical Therapy Specialists	115 Front Street, Village Of Muscoda, WI	US
S1-476965020	Enrich Energy Public Limited	19/A, Jignasa Sbi Staff Society, Ahmadabad City, Ahmedabad, Gujarat	India
S1-659138452	Supreme Consumer Laboratories Inc	25 Kirkby Trail, Perinton, NY	US
S1-42123921	Vj Group of Companies Co	3/374, Kallummoottil Veedu, Karavaram.P.O., Kallambalam, Thiruvananthapuram, Trivandrum, Kerala	India
S1-849898809	Midwest Animal Hospital	519 Oak Street, Bluffton, IN	US
S1-400276324	Premier Research Consultants	14 Road 591502, Cleveland, TX	US
S1-755329805	Sai North Technologies Private Limited	A1/20, Gf, Opp B Block, Safdarjung Enclave, New Delhi, Delhi	India
S1-917648622	Rain, Camala K., Ph.D.	Austin, 4200 Churchill Downs Drive, TX	US
S1-486283538	Matrix Institute	Plot No.03, Sector 4 Greater Noida, Noida, Gautam Buddha Nagar, Uttar Pradesh	India
S1-103988961	United Investments Private Limited	A/5/4 Meera Nagar Koregaonpark, Pune, Maharashtra	India
S1-985097280	Sanders Fitness LLC	5 Gianna Court, St Charles, MO	US
S1-599083180	Solance Media Inc	NC, Garner, 471 Pierce Landing Drive	US
S1-151700438	Tatiana Bonner Silver Irenic	5402 Lincoln Drive, Unit 346, Paradise Valley, AZ	US
S1-645772480	Diksha Nursing Home	Fl 20 Sn -64/14 Ambience Empyrean Bl-C Kawade Mala Nr Garden Dhorpadi, Pune, Maharashtra	India
S1-448068252	Neptune Hat Limited	14, Surendra Niwas, B Dadabhai Road, Near Cnm, Vile Parle (West), Mumbai, Mumbai City, Maharashtra	India
S1-105934567	Belliveau Keystone Krakacquisition L.L.C.	5100 Highbridge Street, Unit Unit 53C, Manlius, NY	US
S1-397509258	Jain Buildcon Private Limited	Kolhapur, Pl No 33 Ashirwad Taraju Co-Op Housing Society Mahavir Nagar, Maharashtra, Kolhapur	India
S1-849345902	Mabry and Sparr Best LLC	557 Woodbury Avenue, Columbus, OH	US
S1-235061460	Nady Smith Bay Fuels	Greensboro, Unit G, NC, 5245 Fox Hunt Drive	US
S1-419391370	Sasha Line Private Limited	788 A 3Rd Floor, Dilshan Appts., Zakir Nagar Okhla, Delhi, South Delhi, Delhi	India
S1-979640106	Fera Clear Suisse	NC, 2590 Leighswood Drive, Winston-salem	US
S1-307655519	Gunnoe Premier Dbdr LLC	2475 Chamber Center Drive, Fort Mitchell, KY	US
S1-832028776	Pediatric Dentistry Sterling Group	86-38 57 Avenue, Elmhurst, NY	US
S1-414089898	Oncology Interstate Care Associates Inc	2038 Van Buren Street, Brownsville, TX	US
S1-788566142	Rayna Bergeron Greenland Inc.	16445 Mountain View Road, Mount Vernon, WA	US
S1-551940563	Profit International School	Office No.14141/14- Floor, Gaur City Mall, Noida, Gautam Buddha Nagar, Uttar Pradesh	India
S1-579376667	Red Building Private Limited	H No 7-100/19, Hyderabad, Rangareddy, Plot No-19, Near Water Tank Balaji Colony, Nizampet, Telangana	India
S1-134858	Smith Trusted Credit LLC	1299 K Street, San Bernardino, CA	US
S1-886462086	Urgent Care Colonial Associates	233 Mccrae Drive, Liberty Hill, TX	US
S1-148055542	Developers Cindrella Seva Private Limited	538Ka/460 Tulsipuram, Triveni Nagar, Lucknow, Uttar Pradesh	India
S1-881934302	Orthopedic Allied Physicians Inc	504 Dylan Way, Midlothian, TX	US
S1-613938928	Evania Peterson Ocean Inc	1439 Argyle Avenue, Baltimore, MD	US
S1-771390313	QB Bank Private Limited	3Rd Floor, 75 Mint Road, Fort, Mumbai, Shreeji House, Mumbai City, Maharashtra	India
S1-939870834	Superior Equity Industries LLC	25633 Shoremain Drive, Bloxom Town, VA	US
S1-394784167	Golden Genomic Brands, Inc	549 Front Ridge Drive, Cary, NC	US
S1-237924010	Silver Marketing Private Limited	Tc No.15/858, Anjaneyam, Palottukonam Vazhuthacadu, Thiruvananthapuram, Thiruvananthapuram, Trivandrum, Kerala	India
S1-306591374	Fee Blackrock LLC	113 Foothill Road, Fl 1, Medford, OR	US
S1-896910768	Mcnutt, Olivia, P.A.	207 Walnut Street, Nappanee, IN	US
S1-204221814	Environmental Council LLC	16135 Spring Street, NE, Omaha	US
S1-499202999	Narasimha Sports Pvt Ltd	220, Wadhwa Complex, Gali No.10 Laxmi Nagar, Delhi	India
S1-385911732	Windsor Medical Centre Pvt Ltd	D No:14-109/1, Flat No:B2, First Floor, Maruthi Residency, P& T Colony, Dilsukhn, Agar, Hyderabad, Telangana	India
S1-613853107	BZD Educational Pvt. Ltd.	Building Np/2/445, Near Komalathu, Thiruvathira, Vendar P O, Puthoor, Kottarakkara, Kollam, Kerala	India
S1-714086559	Lesli Womble Mozayyx LLC	1403 Mistletoe Ridge Place, Concord, NC	US
S1-858728553	Health Charities II	W6124 County Road H, Phillips, WI	US
S1-686710351	Jason Metro Park LLC	1721 Wallick Lane, Unit APT 108, Rock Hill, SC	US
S1-662621659	Ashish Vidyalaya	Ugf 147, Sushant Lok Vyapar Kendra Sushant Lok I, Block C, Gurugram, Gurgaon, Haryana	India
S1-213752270	Ivenance Rexford LLC	29 N3132, Concho, AZ	US
S1-235560216	Winter Royalty, LLC	129 Starcrest Drive, Orem, UT	US
S1-491854786	South Consultants Private Limited	43/1341 B3, Cm Complex, Kalavathu Road, Ernakulam, Kerala	India
S1-500860120	Carl Travels Private Limited	Plot No-21, 22, C.M Palayam, 1St Street Kaladipet, Chennai, Thiruvallur, Tamil Nadu	India
S1-133337282	Solutions Akruti Lifesciences Private Limited	Hyderabad, 88/E Nanakramguda, Ranga Reddy District, One West Building 25Th Floor Sy No. 88Aa, Telangana, Golconda	India
S1-569893939	Interfaith Association of Bedford	4321 421, Bedford, KY	US
S1-371834400	Catherin Serrano Pioneer L.L.C.	258 Sandstone Hollow Road, Buckhannon, WV	US
S1-407526329	Keflovue	3291 Fox Run Drive, Hamilton, OH	US
S1-292462774	007 Tactical LLC	6461 Turner Court, Mooresville, IN	US
S1-163011832	Lorine's Frontier Wireless	426 Quincy Street, City Of Green Bay, WI	US
S1-572935099	Tri-State Cms LLC	39865 15, Alexandria, NY	US
S1-363997643	Rocky Micro LLC	1987 Chatfield Road, Columbus, OH	US
S1-491051523	Bunet Douglas LLC	5628 Sugar Camp Road, Milford, OH	US
S1-295844971	WUW Ventures Corporation	Shop No. 5394-A-18 T/F Janta Market Sadar Bazar, Delhi, North Delhi, Delhi	India
S1-527867666	Pier Mccorkle, O.D.	MD, 2713 Merlot Lane, Fl 0, Annapolis	US
S1-858690931	Odell Chesapeake LLC	4107 Palmetto Bluff Drive, Charlotte, NC	US
S1-562190870	Pena Translational Inc	5415 Canyon Hollow Drive, Houston, TX	US
S1-554291764	Metropolitan Project	744 G Street, Colton, CA	US
S1-273151009	Lakshmi Projects Private Limited	Na Jayapur Rajpur, Near Jayapur Water Tank, Mirzapur Sadar, Uttar Pradesh, 1 1, Mirzapur	India
S1-514177274	Royal Algonquin	361 Washington Avenue, Oneida, NY	US
S1-996488760	Gold Estate Private Limited	Shivji Mahto S/O Mitthoo Mahto A-1/375-Jj Ph-1 Colony Madanpur Khadar, New Delhi, South Delhi, Delhi	India
S1-869757199	Guru Investment Private Limited	201, 2Nd Floor, Plot No E/14 Sector 3, Kharghar, Khargar, Raigarh, Maharashtra	India
S1-99378492	Mignon Cefalu Vanguard Digitalbridge, Inc	Unit APARTMENT  1906, 4109 130th Place E, Tulsa, OK	US
S1-104121469	Ariel's Specialists, L.L.C.	610 Preston Trails Drive, Pickerington, OH	US
S1-159797870	Ram Infra	Faridabad, C/O Sanjeev Sachdeva E102 Ground Floor Bptp Park Elite Floors Sector 85 Faridabad, Faridabad, Haryana	India
S1-589714748	East Great British LLC	6900 Oak Hill Drive, Fort Worth, TX	US
S1-154190046	Reliable Equity Works	1500 River Run Road, Selma, NC	US
S1-856663808	Patel and Livingston Ithax	15 Washington Avenue, Unit Apartment 113, Suffern, NY	US
S1-401270032	Jay & Sons Private Limited	Door No.68B/13, Ncc Road, Mangalagiri, Guntur, Andhra Pradesh	India
S1-781087416	Arihant Impex Private Limited	A-1804, La Solara, Gh-04, Sec-16B, Greater Noida West, Gautam Buddha Nagar, Gautam Buddha Nagar, Uttar Pradesh	India
S1-328126636	Modern International	A-404, Gold Line Residency Chinhat, Lucknow, Kanpur Dehat, Uttar Pradesh	India
S1-457345369	Indrika Studio Private Limited	P No 280 Kh No 3/19 Gf Shiv Vihar West Vikas Nagar Uttam Nag, Ar, Delhi, West Delhi, Delhi	India
S1-275499585	Capital Royal Gen Inc	3102 Harrison Street, Wilmington, DE	US
S1-131343811	Children's Federation	2000 Wilson Road, Unit 115, Knoxville, TN	US
S1-446775221	Eddie's Property Solutions	14811 5th Street, Vancouver, WA	US
S1-384504187	Ashu (India) Construction Private Limited	Village Post Rohini Block, Shankril House No 202, Rohini, West Midnapore, West Bengal	India
S1-879322960	Star Industries Limited	15-113, Subbareddy Colony, Jangareddigudem, West Godavari, Andhra Pradesh	India
S1-190588887	Sree Business LLP	C-11, Kadamb Flats, Near, Sarkari Tubewell, Daskroi, Ahmedabad, Gujarat	India
S1-658337413	Velez Creative Ncr Inc	300 Christian Drive, Unit APARTMENT 148, Florence, KY	US
S1-200927003	Krebs, Sonja, L.C.S.W. Corp	980 De Couagne Drive, IL, East Saint Louis	US
S1-5805623	Symbol Tech	Gala No 203 Vardhaman Industrial Pre Co Op Soc Ltd, S V Road, Behind Petrol Pump, Dahisar East, Mumbai, Maharashtra	India
S1-535295829	Back Alley Cleaning Service	259 Heritage Ct, Hiawatha, IA	US
S1-123906288	Falah Ventures	65/3246, Vaishnavi Ashokapuram, Kozhikode, Kerala	India
S1-738118317	Asset Building Ministries	325 Crosstimber Drive, Hurst, TX	US
S1-603168942	Cp Vidyalaya	Haryana, Plot No-98 Sector-24, Faridabad	India
S1-259085761	Raja Turnkey Private Limited	Flat No 6 Kuldeep Aptvikas Nagar Wanowrie, Pune, Maharashtra	India
S1-235818495	Murdock and Hawkins Imaging LLC	2370 Hamiltowne Circle, Rosedale, MD	US
S1-591968199	Tantia Marketing Private Limited	185, Bangur Avenue, Block-B, Ground Floor, Jessore Road, North 24 Parganas, West Bengal	India
S1-56631384	Growing Seva Samiti	B-402, Kemp Plaza Mind Space, Malad(W), Mumbai, Maharashtra	India
S1-555406210	Beresford Resources Corp	Unit Apt 206, WI, City Of La Crosse, 922 Charles Street	US
S1-717682447	Integrated Cafe, LLC	1008 Walnut Street, Baird, TX	US
S1-290870223	Baba Developers Private Limited	Shop No F 106, R/W Station Complex Nerul, Thane, Maharashtra	India
S1-901373418	Bharat Golden Technologies Private Limited	Ahmedabad, H/601, Gujarat, Aarohi Elyusium, Nr.Safal Parishar 1, Opp.Gala Gardenia, Gala Gaymkhna Road, Bopal, Ahmedabad	India
S1-799122367	Pinnacle Newhold LLC	506 64th Street, Mesa Falcon Field, AZ	US
S1-990855855	International Electric Private Limited	Balaji Classic-Ii, Celebrity Classic Layout, Dodda Thogur (V), E.City, (P), Bangalore, Karnataka	India
S1-319981184	Mukundapuram Taluk Educational Private Limited	20/244, Venugopal Building, Chalakudy, Thrissur, Mukundapuram Taluk, Thrissur, Kerala	India
S1-361888257	Lewis Lithium, LLC	352286 760 Road, Cushing, OK	US
S1-291259451	Jerrilyn Larsen Alchemy, Inc	Niagara Falls, NY, 1861 Michigan Avenue	US
S1-918703073	Internal Medicine Physicians LLC	288 June Chapel Road, Cookeville, TN	US
S1-878446836	Trs Group	Gat No-471 Makadijamb Dindori, Dindori, Nashik, Maharashtra	India
S1-478088814	Green Solutions Private Limited	F-338 3Rd Floor, Gaur City, Ga Laxy North Avenue, Bishrakh, Gautam Buddha Nagar, Uttar Pradesh	India
S1-535352371	Caldola Hyperliquid LLC	85 Taft Avenue, Asheville, NC	US
S1-433364015	East Ampercap LLC	1244 Clyde Drive, Naperville, IL	US
S1-188850257	Raj Supreme Foundation Pvt Ltd	No. 94/5, 2Nd Main Road Attiguppe, Vijayanagar, Bangalore, Karnataka	India
S1-229241055	Wilona Westfall Crystal Shreya LLC	937 148th Street, Dolton, IL	US
S1-269049960	One Foundation Private Limited	Karnataka, Mainablocksubramanyanagar, Newno11 (Pid.9-30-11)20Th, Bangalore North, Bangalore	India
S1-726494031	Zabel First	831 Willardshire Road, Elma, NY	US
S1-548119185	Seven Global	Srijan Tech Park, Dn 52, Dn Block, Salt Lake, Sector 5, Kolkata, Saltlake, North 24 Parganas, West Bengal	India
S1-576595011	Goel Trade Center	42/47, C.P.Ramasamy Road, Alwarpet, Chennai, Tamil Nadu	India
S1-585404569	Shiv Exports LLP	S. No. 257-3-A-5, Plot No. 2 And 3, Jijai Sankul Satav Estate, Tandulwadi Road, Baramati, Pune, Maharashtra	India
S1-98699649	Ctc Capital Corp	C/O Rameshwar, Kharkhoda, Sonipat, Haryana	India
S1-887929358	Clear Analytics Networks	5226 Cambria Road, Unit Apartment B, Cambria, NY	US
S1-508207956	VN Safety Care	H No: 15-12/8, Near St. Peters High School Sai Nagar Colony, Pothireddypally Villag, E, Sangareddy Mandal, Medak, Telangana	India
S1-540948499	Fetech Investments LLC	237 Maple Street, North Canton, OH	US
S1-468573897	Digital Engineering Limited	7, Mulay Building, R K Vaidya Road Veer Kotwal Udyan, Dadar (W), Mumbai, Mumbai City, Maharashtra	India
S1-514804359	Shree Software	Green Park, Delhi, 38 B 2Nd Floor Yusuf Sarai Village, New Delhi	India
S1-198331138	Nvg Solutions Private Limited	Flat No. 4, Profile Heritage Apartment Prabhat Road, Lane 7, Erandawana, Pune, Maharashtra	India
S1-722076542	Isabelita Rojas Creative Cion	Norfolk City, 518 Timothy Avenue, VA	US
S1-479323912	Creative Foundation Private Limited	A 11 Parth Aprtgujrat Soc Paldi, Ahmedabad, Gujarat	India
S1-66317456	Behavioral Health Royal Physicians LLC	531 Horizon Drive, Saint Charles, IL	US
S1-691279908	Foot & Ankle Diamond Physicians	712 Asylum Avenue, Hartford, CT	US
S1-599120904	Martinez, George and Lawson LLC	27 Deerwood Road, Tolland, CT	US
S1-336790187	Raleigh Literacy Metropolitan Trust	1241 Trillium Circle, Unit H, Raleigh, NC	US
S1-350333926	My Power Private Limited	38-40-19/1 104 Area, Visakapatnam, Vishakhapatnam, Andhra Pradesh	India
S1-769214360	Womens Health Center Inc	16205 Boyle Avenue, Fontana, CA	US
S1-903996400	Michel Robinson Renewables, LLC	2530 Tolley Street, Baltimore, MD	US
S1-896994726	Grand Printing Partners Inc	21 Northfield Road, Irondequoit, NY	US
S1-687820699	Kadian Vidyalaya	House No 14/223, Indira Nagar, Lucknow, Uttar Pradesh	India
S1-386201882	Tubbs Trusted Series	713 Main Street, Harrisville, WV	US
S1-569412321	Premier Jay Management Private Limited	No 3 Sanjai Gandhi Nagar Kelamangalam Road, Hosur, Krishnagiri, Dharmapuri, Tamil Nadu	India
S1-280408376	Card and Matthews Plum	1047 Whitehall Drive, Northbrook, IL	US
S1-231171085	Nandan Fabric (India) Private Limited	Plot No-12, Gat No-40/P Tarak Housing Society, Satara, Aurangabad, Maharashtra	India
S1-547880575	Gordon Supreme Air P.C.	46 Shore Avenue, Oyster Bay, NY	US
S1-71921057	Anokha Retail Private Limited	C-44 Sec-H, Aliganj, Lucknow, Uttar Pradesh	India
S1-870131023	Martin Stone Inc	4016 Peaks Landing Way, Knoxville, TN	US
S1-272542958	Chatham Sanayi	NY, 128 17, Chatham	US
S1-562656057	RO Rent LLC	2201 New York Street, TX, Baytown	US
S1-529878095	Billings Pinnacle Impact PC	205 Main Street, Bentleyville Borough, PA	US
S1-322944964	Koontz Colonial Fortunex Inc.	DC, 4343 Martin Luther King Jr Avenue, Washington, Unit A3	US
S1-667860262	Al Construction Pvt Ltd	Noida, Gautam Buddha Nagar, 906, Uttar Pradesh, Vikram Tower, Griha, Pravesh Society, Sector77	India
S1-790292101	Ss Hospitality	406, Mansarovar Plaza Madhyam Marg, Mansarovar, Jaipur, Rajasthan	India
S1-341164153	Falcon	6020 Galway Avenue, Sioux Falls, SD	US
S1-467539958	Aditan Ayurveda Private Limited	D-318, 3Rd Floor Sector-10, Noida, Gautam Buddha Nagar, Uttar Pradesh	India
S1-324925183	Coastal Midwest Fitness PC	29 Lakefront Links Drive, Swanton, MD	US
S1-432787860	Saify Inc.	4024 Hackmore Loop, Irving, TX	US
S1-257872784	Raj Fund Limited	At/Po-Mandua Keonjhar, Keonjhar, Kendujhar, Orissa	India
S1-717268452	Mark Resources Ltd	F1, Golmohar Vilaj Gourakshan Sanstha, Akola, Maharashtra	India
S1-100479061	Vernon Indonesia Inc	4716 Feltleaf Avenue, Crowley, TX	US
S1-140260918	Pandit Distributors Private Limited	Bihar, C/O Yogendra Yadav, Patna, Sampatchak, Nandgola Patna City	India
S1-513740429	All Oaktree Inc	9820 63rd Street, Fl 0, Clearwater, KS	US
S1-467385551	Ferris Pioneer Soren	NY, Briarcliff Manor, Unit Apartment D1K, 345 State Road	US
S1-655986653	Maid Coffee	17047 Dobson Avenue, South Holland, IL	US
S1-696502961	Precision Octave	1096 Ole Berry Drive, VA, Abingdon Town, Unit STE 112	US
S1-144954814	Housing Federation, Inc	108 Sullivan Road, Unit Apartment 109, Muscle Shoals, AL	US
S1-921578762	Best Apex Churchill LLC	27001 Darrell Road, Wauconda, IL	US
S1-287010900	New Life Baptist Church	51 Hog Hill Road, East Hampton, CT	US
S1-80512864	Guru Exports	A-5, Ground Floor, Gaur Cascades, Ghaziabad, Uttar Pradesh	India
S1-952977390	Cornerstone Learning Digital	506 4th Street, Unit 506, Earth, TX	US
S1-122141623	Grace Advisors	1201 Amanda B, Hiranandani Meadows, Gladys Alwares Road, Thane West, Thane, Maharashtra	India
S1-190301455	Grand Capital Municipals	15 Narrows Court, Columbus, NC	US
S1-594706293	Omm Professional Private Limited	202, Narbada Niwas Chs Ltd, Off Chandawarkar Lane, R C Patel Road, Behind Icici Bank, Borivali West, Mumbai, Maharashtra	India
S1-206394192	My Projects	Saran, C/O Pramod Kumar, Bihar, Saran, S/O Bharat Prasad Arya Nagar, Chapra, Sonarpatti	India
S1-333496155	Kitts Creative Assets	Lakewood, 9325 114th Street, WA	US
S1-981054993	Urgent Care Value Specialists LLC	1306 Smith Marek Road, Schulenburg, TX	US
S1-479726162	Keystone Nutrition Technologies LLC	4050 126, Henagar, AL	US
S1-907379806	Smith Canary LLC	25 Beech Hills, Tuscaloosa, AL	US
S1-546363427	Wandie Harrison, DPM	131 Kendal Street, Vacaville, CA	US
S1-34705617	North Pono	21 Adams Place, Unit Apartment A, Bethlehem, NY	US
S1-439689154	Ota & Brothers Limited	Plot No 64, Nandinagar, Anandsheel Estate Road No 14, Banjara Hills, Hyderabad, Andhra Pradesh, Hyderabad, Telangana	India
S1-953316827	Maxgrow Traders Pvt Ltd	Plot No. 19, Kotwal Nagar, Atrey Layout, Nagpur, Nagpur, Maharashtra	India
S1-300114711	Foot & Ankle Classic Center Inc.	419 Nicholas Lane, Driftwood, TX	US
S1-502865690	Om Marketing Limited	Maharashtra, Shop No. 2, Mumbai, Shreepati Jewels Ruby Building, A Wing, Ground Floor, Tatya Gharpure Marg, Pimpalwadi, Girgaon	India
S1-366162595	Bhondsi Builder Pvt. Ltd.	0, Hari Enclave, Sneh Vihar Road, Bhondsi, Gurgaon, Haryana	India
S1-927066513	IZ Solutions Private Limited	55, Third Floor Western, Marg Lane-2, Saidulajab, New Delhi, South West Delhi, Delhi	India
S1-578395184	Peridara Biotech LLC	1942 111, Tarboro, NC	US
S1-884558376	Surgical Center Inc.	2216 Parkdale Avenue, Abington Township, PA	US
S1-174880734	Empire Cable LLC	19839 River Road, Unit #D, Gladstone, OR	US
S1-825556077	Cozy Auto Body	3255 Birchdale Square, Prince William County, VA	US
S1-275424446	Russell Ethereum PLLC	3702 Shutterlee Mill Road, Augusta County, VA	US
S1-509659749	Associated Semiconductor Enterprises Associates	821 Sherwood Village Drive, Tucson, AZ	US
S1-93194047	U+ Eaton Inc	5 Cypress Lane, East Hills, NY	US
S1-861501976	Collard All Salon LLC	925 Livonia Avenue, Brooklyn, NY	US
S1-526560096	Ramos Capital Apollo	340 Upper River Caney Road, Lost Creek, KY	US
S1-145718293	Shree Management Center	R-58 B Block-C, Maharani Enclave, New Delhi, West Delhi, Delhi	India
S1-707831094	Nova Company	301 2nd Avenue, Choteau, MT	US
S1-756773561	Rm Traders Private Limited	S-63, 7Th Floor, Npx, Plot No. C-1, Sector-153, Gautam Budh Nagar, Gautam Buddha Nagar, Uttar Pradesh	India
S1-255251945	Woodman Freight LLC	88 Lincoln Avenue, Unit Apartment 4A, Pelham, NY	US
S1-813995223	Sai Construction Ltd	Gautam Buddha Nagar, Ground Floor, Tower H, Logix Blossom County, Uttar Pradesh, Noida, H-007	India
S1-883098404	Secure Direct Hall Inc	2659 Lilly Drive, VA, Roanoke County	US
S1-323909940	Wing's Patriot Interiors	28 Chester Street, Brookfield, CT	US
S1-86616920	Surgical Signature Care Inc	12704 Hillmeade Station Drive, Bowie, MD	US
S1-452369968	Phyllys Coffee, DO, M.D., P.C.	7811 George W Watkins Road, New Kent County, VA	US
S1-675230500	Solyx Surgical LLC	121 Main Street, Unit 1/2 UP, Bowling Green, OH	US
S1-789082494	Rhea Renewables (India) Pvt Ltd	Plot No. 1, Opp. Vidhya Ashram School, J.L.N. Link Road, Near Jaipur Dairy, Jaipur, Rajasthan	India
S1-194414711	Shambhavi Welfare Society	Ferohin Sirpochkhan Wala Rd Worli, Mumbai, Maharashtra	India
S1-923839393	Highland Fund	245 Elmwood Avenue, Unit Suite 311, Buffalo, NY	US
S1-777664227	Dugan, Rodgers and Porter Corp	961 Union Road, Trotwood, OH	US
S1-992215690	Jarvis Vision Center	67 Tower Loop, Paris, AR	US
S1-650377517	Balaji It Private Limited	S-208, Basement, Greater Kailash Part Ii, New Delhi, South Delhi, Delhi	India
S1-439630737	Harbor Rapid Gen of Fairfax County	11917 Latigo Lane, Fairfax County, VA	US
S1-892318568	Services Grg Automotive Pvt Ltd	Hyderabad, Telangana, Unit A-2, 8-2-269/A, Space & More Building Road No.2, Banjara Hills	India
S1-352677989	Farm Consultants	Flat No 1001 Rk Gracia Sn, 261/1 Bandal Estate Nr, Haveli, Pune, Maharashtra	India
S1-899213754	Burton, Henriquez and Howard Inc	2811 Oak Cove, West Memphis, AR	US
S1-699929184	Raven Spa Inc	12 Highland Boulevard, Bldg BLDG, New Castle, DE	US
S1-493179559	Martinez Dynamic Graf	1239 Madison Avenue, Covington, KY	US
S1-814272909	Prairie Delta Bdc	14013 Cambridge Circle, Plainfield, IL	US
S1-630715726	Empire Coalition	IL, Montgomery, 2326 Majestic Prince Lane	US
S1-27493531	Corley Learning Center	119 Vignette Drive, Wilson's Mills, NC	US
S1-186260084	New Delhi Foundations Center	304, Dlf Courtyard, Saket, South Delhi, New Delhi, South Delhi, Delhi	India
S1-443961761	United Block, Inc	63 Bristol Gate Place, Spring, TX	US
S1-682316260	Christ & Sons Corporation	Factory 241, Sr. No 41/3/1 /2, Tempo Chowk, Wadgaon Sheri., Pune, Maharashtra	India
S1-450505045	Premier Marble Clinic	H.N. 627 Vill.Mamura, Gali No.5 Sector 66, Noida, Gautam Buddha Nagar, Uttar Pradesh	India
S1-582881088	Johnson Golden Harbor LLC	3008 Miori Lane, Unit 26, Victoria, TX	US
S1-489321896	Brown Synchrony LLC	405 Old 220 Road, Boggs Twp, PA	US
S1-591425936	Supreme Engineering Limited	Der Deutsche Parkz, Maharashtra, 3Rd Floor, Subhash Nagar Road, Bhandup (West), Nahur, Mumbai, Mumbai City	India
S1-462725807	Summit Patriot Quartzsea	3633 Market Place, Unit #520, University Place, WA	US
S1-548952250	Garg (India) Finance LLP	F-88 Okjhla Industrial Areaphase I, Delhi, South Delhi, Delhi	India
S1-776590070	Dynamic Supreme Machines Care	22 Eagle Ridge Way, Clarkstown, NY	US
S1-729484958	Shivam Black Investment Private Limited	Helping Hand Trading Private Limited #1079/23, Kaushik Nagar, Near Rani Talab, Jind, Haryana	India
S1-884521367	Sexton Medicine Inc.	1054 Weldon Road, Tallassee, AL	US
S1-65827441	Shiv Healthcare Private Limited	H.No. 2075, Mukim Pura, Clock Tower, Subzi Mandi, Malka Ganj, Delhi, North Delhi, Delhi	India
S1-757645318	Vergara Harbors LLC	40 Early Drive, Portsmouth City, VA	US
S1-547071872	Walker Muniyield LLC	1646 Southwood Drive, Asheboro, NC	US
S1-988698097	Seamarine Trust	C-218, Sector-63, Noida, Ghaziabad, Uttar Pradesh	India
S1-89637703	Ace Star Royalty LLC	292 Nm Highway 83, Lovington, NM	US
S1-828857329	Fab Solutions Company	C-380 Trans Yamuna Colony, Face First Mauza Narayach, Agra, Uttar Pradesh	India
S1-933841892	Helms, Kolb and Romero of Linthicum Heights	6517 Sweet Birch Lane, Fl 0, Linthicum Heights, MD	US
S1-242272136	Nexsoft Inc	29608 120th Avenue, Peotone, IL	US
S1-893458830	India Electricals Consultancy Private Limited	Siddhartha Appartment Pitampura, Delhi, New Delhi, X- 204	India
S1-880945162	Calcagni Orion LLC	Windham, CT, 9 Gem Drive	US
S1-855720209	Martin Agnc Care	68 Center Street, Groveland, MA	US
S1-386033873	Arnold Premier Charlton	884 249th Street, Town Of Osceola, WI	US
S1-367758406	Classic Software Private Limited	115, Shree Laxmi Plaza Co-, Op Soc.Ltd, New Link Road, Mumbai, Maharashtra	India
S1-805391199	Physical Therapy Direct Care LLC	24 Matilda Drive, Bristol, CT	US
S1-633802274	Tirupati Tech Private Limited	Office No 201-A, 2Nd Floor, 3, Queens Road, Bangalore, Karnataka	India
S1-504088707	Click Shoe Private Limited	Flat No A 603 Galaxy Heights Wing B Plot No 4Agh 02 Vrindawan Yojna R B Road, Lucknow, Uttar Pradesh	India
S1-990062863	Trescha Villanueva Creative Empire, LLC	180 Green Valley Drive, Green Mountain, NC	US
S1-368658588	Laina's Deli	8190 Curving Creek Court, Fairfax County, VA	US
S1-854356411	Pammy Cochran, DDS, DDS PC	201 Lincoln Street, Jefferson City, MO	US
S1-989059090	Anand Wave Private Limited	Plazma, Nandipark, Streetno1, Jyotinagarmainroad, Universityroad., Rajkot, Gujarat	India
S1-802962471	Vijay Solutions Private Limited	23 Shankar Market Cmi Circus, New Delhi, Central Delhi, Delhi	India
S1-506205848	Reedy Utility Inc	OH, 4968 Sherman Church Avenue, Canton	US
S1-229958801	Pacific Apex Rocket	3110 Ewing Court, Manvel, TX	US
S1-893171283	Hott's Audio Installation	N43W32857 Rasmus Road, Unit Unit E, Village Of Nashotah, WI	US
S1-6553380	Novium Digital LLC	28 Manchester Road, Unit Apartment 2, Eastchester, NY	US
S1-512346265	Corey's Fashion LLC	510 10th Avenue, TX, Texas City	US
S1-28249278	Bright Services Private Limited	Mumbai, Maharashtra, Dattatray Chawl No. 1, Indira Nagar, Sainath Nagar Road, Ghatkopar West, Mumbai City, 19	India
S1-656379740	Britt & Frazier Inc	12596 Montana Avenue, Yuma, AZ	US
S1-871627086	Q & J Management LLC	300 Kaufman Road, Hot Springs National Park, AR	US
S1-43341699	Lowe Mobility Corp	30 Walters Place, Crossville, TN	US
S1-632522463	Malappuram It Limited	Thattayil Residence 4 Vengara, Gandhikunnu, Kannattipadi Po, Malappuram, Malappuram, Malapuram, Kerala	India
S1-994026845	Baba Products Private Limited	Office Number 303, 3Rd Floor, Kakade Bizz Icon Ganesh Khind, Beside E Square Road Shiva, Ji Nagar, Pune, Maharashtra	India
S1-916191371	Summit Trust	1709 39th Street, Fl 0, Wichita, KS	US
S1-150433887	Nexex Source Inc	595 Cache Street, Unit #A-6, Jackson, WY	US
S1-337125143	Schmitz, Cervantes and Nguyen LP	Cadiz, 49540 Georgetown Road, OH	US
S1-311550482	Deepanshu Medical Pvt Ltd	E-104, Gulmohar Complex, Phase-3, Near Divakar Hos Near Divakar Hospital, Viva College Road, Virar(W), Thane, Maharashtra	India
S1-911480595	Coastal Charter School	24 Taylor Street, Unit 08, Springfield, MA	US
S1-298735484	Capital Project	16402 Saybrook Drive, Woodinville, WA	US
S1-986761891	Pediatric Better Care Associates LLC	6620 Olive Street, Pine Bluff, AR	US
S1-964506700	Clear Unified Melar LLC	80 Mosley Drive, Highland Home, AL	US
S1-415051738	Quality Culture LLC	421 Reservoir Road, Shaftsbury, VT	US
S1-869692930	A & S Asa Inc	601 Farabee Drive, Lafayette, IN	US
S1-911454697	Cuevas, Moore and Holmes Ngl Inc	3715 Barnabus Drive, Dallas, TX	US
S1-43793832	Regional Keystone Chile Care	2175 1000, Union Mills, IN	US
S1-176177589	Jeffers, Robinson and Duarte Inc.	5578 Bethany Church Road, Louisa County, VA	US
S1-943858276	YML Impex Private Limited	Poddar Court, G-1, 7Th Fl, R-718, 18 Rabindra Sarani, Kolkata, Kolkata, Howrah, West Bengal	India
S1-433452708	Womens Health Center	3104 Morgan Lane, El Dorado, AR	US
S1-945031493	OC Education Private Limited	Sundarvilas Palace (Rajmahal), Dhragadhra, Surendranagar, Gujarat	India
S1-368241170	Digital Enterprises Private Limited	Unit-501 Windsor House, Off Cst Road, Santacruz E, Mumbai, Maharashtra	India
S1-254929806	Padilla Oncology	1387 3 1/4 Street, Unit Unit 16, Town Of Almena, WI	US
S1-336575652	Dynamic Consultancy Private Limited	Mumbai City, Mumbia, A Wing 403, Ahimsa Marg, Off Chicolu Bandra Road Malad West, Om Elegance No.3, Maharashtra	India
S1-793491439	Animal Welfare Network	100 Dyckman Street, New York, NY	US
S1-18499161	Coastal Zhejiang, Inc	901 Oak Crest Lane, Saint Charles, IL	US
S1-903583096	Lambert Cloud	TN, 1222 Hickory Cove Road, Rogersville	US
S1-328556060	Solutions Karnataka Farms Private Limited	Door No.41, 2Nd Floor, Gajapathy Street, Shenoy Nagar, Chennai, Tamil Nadu	India
S1-507473492	Pinney's Family Practice	5798 Woodhaven Drive, Cincinnati, OH	US
S1-148376628	Pacific Wen LLC	163 Vrooman Road, Caroga, NY	US
S1-197763346	Bataia Equity Partners LLC	6910 Olmsford Drive, Huntersville, NC	US
S1-921159080	Radhey Info of Panipat	Plot No. 19, Sector-29, Huda, Panipat, Haryana, Panipat, Haryana	India
S1-162109893	Schaeffer Dental Associates	3911 Thistle Street, Seattle, WA	US
S1-623028195	YVA Total Private Limited	Khata No.505/466, Angul, Plot No3278/4388, Rantalei, Orissa, Angul	India
S1-774104492	Rocky Custom Clearthink LLC	1631 Forrest Drive, Plainfield, IN	US
S1-957104188	Harbor All Mid	10 Seabring Street, Spring Valley, NY	US
S1-510982442	Strategic Bay Alchemy LLC	7534 Arbory Lane, Laurel, MD	US
S1-857914452	Urban Business Private Limited	Bf-33, Aditya City Centre, Plot No. Gh-3 Vaibhav Khand, Indirapuram, Ghaziabad, Uttar Pradesh	India
S1-960003393	Scholarship Guild II	9916 133rd Street, Unit #12-209, Puyallup, WA	US
S1-8734038	Halley Nelson Realty Inc	201 Broadway Street, OR, Mill City	US
S1-408078082	Gold Infrastructure Private Limited	Sr. No. - 48/1/3/3, Water Park Rd Sai Datta Nagar, Lohagaon, Pune, Maharashtra	India
S1-398345245	Nais LLC	34 Pine Ridge Drive, Nobleboro, ME	US
S1-373723907	Vd & Co	1 Jambulingam Street, Chennai, Tamil Nadu	India
S1-695883522	Pacific Fund Inc.	225 Old Pipers Gap Road, Carroll County, VA	US
S1-201522472	West Learning Center	1660 Goodson Road, Salisbury, NC	US
S1-361249307	Sach & Partners	F-6 Office No. 303, Third Floor Vijay Block, Lotush Tower, Laxmi Nagar, Near Nathu Sw, Eets, Delhi, East Delhi, Delhi	India
S1-588622129	Trusted Cargo LLC	416 Shoveller Drive, Suisun City, CA	US
S1-369614633	Patriot Vision Center	28 Lynn Way, White, PA	US
S1-416074360	Novari Security Services Inc	Houston, 15510 Torry Pines Road, TX	US
S1-475117445	Parent Platinum Southwest PC	13924 Chelmsford Drive, Prince William County, VA	US
S1-850080896	Midwest Nevada	223 134 Street, New York, NY	US
S1-718960728	Smart Institute of Technology Pvt. Ltd.	38/450 Cochin Corporationist Floor Albees Antony Estate Near South Railway Station, M G Road P O Ernakulam, Idukki, Kerala	India
S1-733862802	Tor College	73, Angrahe Green?Ville, Stb Industrial?Area, Anekal, Bangalore, Karnataka	India
S1-225559925	Lopez & Garvey Healthy Inc	245 Hoover Drive, North Woodbury Township, PA	US
S1-105498619	Orthopedic Center	6504 177th Street, Omaha, NE	US
S1-756075516	Urgent Care Coastal Health LLC	TX, 3305 Newcastle Drive, Dallas	US
S1-136985265	South Projects Private Limited	V Tf 02, Blue Iris, Opp. Raf Camp, Ring Road, Daskroi, Ahmedabad, Gujarat	India
S1-930256670	Getz Engineering Pvt Ltd	2029-Ff Dolatkhana Opp, Chachar Chowk Oppmodhwada, Ahmadabad City, Ahmedabad, Gujarat	India
S1-214856623	Star Oxford	4805 Ash Avenue, Broken Arrow, OK	US
S1-332898031	Beacon Aerospace Associates, LLC	1980 30th Street, Unit D103, Yuma, AZ	US
S1-337551862	Lauretta L. Arnold, P.A.	3901 Autumn Woods Lane, Lohman, MO	US
S1-157188648	Dynamic Krishna Exports Limited	124-B Shop No. C1A C1B 1St Floor Legacy Complex, Bendoorwell, Mangalore, Dakshina Kannada, Karnataka	India
S1-266286334	Mccoy Petroleum LLC	4701 Lakeside Way, Fair Oaks, CA	US
S1-407514016	Bruff Guaranty PLLC	803 74th Street, Unit #D, Tacoma, WA	US
S1-812958865	Brahmapur Sadar India Private Limited	C/O Ranjita Pattanayak, Biswanath Nagar 7Th Lane, Brahmapur Sadar, Ganjam, Orissa	India
S1-480568560	Metropolitan Highland Enbridge, L.L.C.	268 Cherry Farm Lane, Unit 814, Bowling Green, KY	US
S1-17230818	Infinity Clinic	House No. 10, Ph -2, Community Center 2, Delhi, North West Delhi, Delhi	India
S1-989958436	Office of Health	KS, Hutchinson, 9206 4th Avenue	US
S1-399038243	Ashoka (India) Pradesh Partners	101, Ijs Palace, X/320, Delhi Gate Bazar, Asaf Ali Road, New Delhi, Delhi	India
S1-130667267	Contact Traders Private Limited	No.B3, Kssidc Industrial Estate, Phase-1 Factory Circle, Veerapura Village, Dodda, Ballapur, Bangalore, Bangalore Rural, Karnataka	India
S1-417237614	BA Metals Private Limited	10-3-71/A, Plot No 13, Teachers Colony, East Marredpally, Hyderabad, Telangana	India
S1-367269479	3931 Center Avenue Properties	125 Yellowstone Drive, Cedar Creek, TX	US
S1-542473708	Cedar Parts Inc.	75 Hyperion Way, Soda Springs, ID	US
S1-728767640	Lower Frontier Marshall Group	902 Oakwood Drive, Willis, TX	US
S1-507165279	Raj Estate Private Limited	Pl No 107, Venkateshwara Enclave, Rangareddy, Telangana, Rangareddy, No 6-8/2	India
S1-622101931	Laxmi Technology	216, Arunodaya Apartment Vikas Puri, New Delhi, West Delhi, Delhi	India
S1-367059158	Rasoft Inc	315 Constitution Avenue, Portsmouth City, VA	US
S1-817272181	Smart Agro Private Limited	Uttar Pradesh, Lucknow, 6-Fawn Break Avenue Saroj Marg, Lucknow, Ds-1	India
S1-575988877	Bright Business LLC	607 Cromwell Drive, Henry, IL	US
S1-4042403	Urology Group of Fort Wayne Inc	3318 Figel Avenue, Fort Wayne, IN	US
S1-531403603	Primary Care Coastal Clinic, Corp	19626 Summerlin Drive, Katy, TX	US
S1-741150568	Dynamic Lodging	2411 Roby Martin Road, Lenoir, NC	US
S1-534530283	Sai Advisors Pvt Ltd	G402, Monsoon Breeze Sector 78, Gurugram, Gurgaon, Haryana	India
S1-724754004	Norman Community Choice Chiropractic LLC	OK, 4740 Main Street, Norman	US
S1-611863955	Ss Trading Private Limited	Ganesh Complex, Nh-6, Bombay Road, Raghudevpur, P.O. Panchla, Howrah, Uluberia, Howrah, West Bengal	India
S1-681196503	Zius LLC	1275 Stoneypointe Drive, Unit APT 202, Rock Hill, SC	US
S1-940227795	Dory's Pacific Architecture Group	2609 Phyllis Lane, Unit Unit 71, Billings, MT	US
S1-463681150	Cardiology Grand Health, Inc	72 Landing Road, Unit Apartment B, Glen Cove, NY	US
S1-676049390	Guru Infrastructure Private Limited	No.17/4, Veerashaiva Lingayath Bhavan, Ramana Maharshi Road Sadhashivnagar, Bangalore North, Bangalore, Karnataka	India
S1-408787740	WUI Renaissancere L.L.C.	411 Main Street, Incorporated, ID	US
S1-144872540	Dyuthi Facility Private Limited	F-269, Ground Floor Opp.Gurudwara, Mansarowar Garden, New Delhi, Delhi	India
S1-973543658	Shivam Agro Private Limited	Pune, Haveli, Maharashtra, Fl No. B-304, Shivgoraksh Vihars	India
S1-439350251	Urban Universal Producer Private Limited	P No: 7, H.No 1-36/37 Villa Number 7 Brundhavan Residency, Kamala Nagar, Narapally, Medipalli, Hyderabad, Telangana	India
S1-374633549	Community Fund	WI, City Of Oconto Falls, 501 Willow Creek Road	US
S1-411704238	Trivandrum Medical Private Limited	Kaumudi Lbuildingspettah, Trivandrum, Kerala	India
S1-32793628	Ivenos Comstock	219 Fourth Street, Clarksville Town, VA	US
S1-38778284	Dental Reliable Physicians, LLC	102 10 High Street, Unit 10, Baxter, IA	US
S1-974993416	Sky Power Private Limited	180, Aurangabad, Maharashtra, Aurangabad, Bhawan, Kachol Nala, Tal. Sillod	India
S1-943801158	Keystone Special	120340 County Road D, Mitchell, NE	US
S1-271986070	Bustos, Germano & Whiting Brokerage	440 15th Avenue, Columbus, OH	US
S1-845943734	Ace Cascade Sprott LLC	11 E Wharf Road, Waterford, CT	US
S1-545846578	Chennai Industries Private Limited	Door No. 27/4, 4Th Street Kamaraj Nagar, Choolaimedu, Chennai, Tamil Nadu	India
S1-44806504	HK Beauty	14 Road 4065, Navajo Dam, NM	US
S1-230910498	Digital New Consulting Pvt Ltd	C/O Neeta Agarwal, Butler Plaza, Bareilly, Uttar Pradesh	India
S1-671447766	Db Enterprises	A/2, Balaji Park, Nehrupark, Vastrapur, Ahmedabad, Gujarat	India
S1-449070000	Garrett Park Orthopedic Partners	11312 Kenilworth Avenue, MD, Garrett Park	US
S1-615526451	Yash Trades Ltd	Plot No.3A, Flat 103, Spnmansion2, Jayabheri Rd, Quthbullapur Mandal, Hyderabad, Telangana	India
S1-254708915	All Sunrise Enterprises Private Limited	Shed No-57, Vrundavan Industrial Park Nr. Ramol Toll Tax, Ramol, Ahmedabad, Gujarat	India
S1-131452603	Jala Group	I-Hub Ground Floor, Room No. B13 & B14, Amtz Capmus, Pragati Maid, Vm Sttel Project So, Visakapatnam, Pedagantyada, Visakhapatnam, Vishakhapatnam, Andhra Pradesh	India
S1-733201290	Sunstar Solutions LLP	Office 430, 4Th Floor, Ijmima -Imitation Jewellery Market Co-Housing Society Ltd. Malad(Wes, T), Mumbai, Mumbai City, Maharashtra	India
S1-867839175	DYU Ventures Private Limited	12A, Buddheshwar Ring Road, Near Ply Factry, Lucknow, Uttar Pradesh	India
S1-328825434	Desert Interstate Mobile, LLC	35 Hill Street, Fl Floor 1, Tonawanda, NY	US
S1-205484367	Lotus Tech Private Limited	B-504&505 The First, B/S, Keshavbaug Party Plot, Ahmadabad City, Ahmedabad, Gujarat	India
S1-931998979	LO Next Inc	1856 Page Avenue, Belleville, IL	US
S1-212551639	Leex Patriot Inc	106 Allen Street, East Gadsden, AL	US
S1-429724233	Urgent Care Specialists P.C.	815 Broad Street, Horseheads, NY, Unit Apartment L5	US
S1-132717612	South Lotus Hospitality Private Limited	202, Shanti Niketan Apartment Behind Vishnu Palace, East Boring Canal, Road, Patna, Bihar	India
S1-199709372	Natwest Diamond Private Limited	K.V.V.Shanga Buildingyelmudi, Puttur, Dak. Kannada, Karnataka	India
S1-635605027	Secure Mobility Products LLC	112 Langston Place, Hoover, AL	US
S1-124624539	Urology All Center	12930 Pacific Street, Omaha, NE	US
S1-80095419	Parrish Hotel	38945 58th Street, Cave Creek, AZ	US
S1-289764037	Alison Fairbanks Electricity LLC	207 Cole Street, Sanford, NC	US
S1-668858530	Mutual Electronics Products	3118 Bay View Drive, Church Creek, MD	US
S1-897939986	Jai Constructions LLP	B/8/12, Jeevan Nagar, Mithagar Road Mulund (East), Mumbai, Mumbai City, Maharashtra	India
S1-763905567	Dody Lambie Redwood LLC	AZ, Eloy, 3745 Emerald Street	US
S1-463481726	Smith Detailing Co	6 Universal Street, Unit 6, Framingham, MA	US
S1-38893245	Southern Integrated International	4237 Washington Court, Gilbert, AZ	US
S1-799849698	Bright Coffee!	9329 Westbury Woods Drive, Unit F, Charlotte, NC	US
S1-515078235	Sudesh (India) Chits Private Limited	H. No. 2773/1, Kadappa Mala, Kabnoor, Hatkanangle, Kolhapur, Maharashtra	India
S1-376954242	Patriot Imperii PC	2 Andrew Court, Dardenne Prairie, MO	US
S1-544862235	Herrera Eagle Center	709 Perkins Avenue, Unit B, Sandusky, OH	US
S1-386804856	American Great Antimony Inc	79 John Street, Sandy Hook, KY	US
S1-873730281	Real Builders Private Limited	451/2 Agra Road, Mohammdabad, Tundla, Firozabad, Uttar Pradesh	India
S1-568021331	Womens Health Heritage Medicine Inc	100 Hilltop Drive, Earleville, MD	US
S1-339965807	Travel Brothers LLP	Ballabgarh, Haryana, Shahpur Khurd Seekri, Plot No 33/18/3, Faridabad	India
S1-344520200	Dibiase and Klinedinst Connection	29616 Noble Road, Hermiston, OR	US
S1-569905540	Magdalena's Maintenance	195 Private Road 1600G, Chifton, TX	US
S1-488791896	Life Global Private Limited	W/O Shripal Begmabad Jatwara Pol No. 59 Modinagar, Modinagar, Ghaziabad, Uttar Pradesh	India
S1-750733576	Hotel Tech Private Limited	26, Ostwal Plazz-1, Sunderwas, Udaipur, Girwa, Udaipur, Rajasthan	India
S1-53629307	Williams Suisse	18 Mayhew Farm Drive, Mansfield, MA	US
S1-249808616	Sage India Private Limited	P-119 National Placebaksara, Howrah, West Bengal	India
S1-72509653	Chavez, Diaz & Hill LLC	832 Main Street, Lancaster, OH	US
S1-762349154	Smart All Hydro	1502 Maple Avenue, Sand Springs, OK	US
S1-251423323	Jagriti Vidyalaya	Plot No 5 S No 114/3Vashrantwadi, Pune, Maharashtra	India
S1-117568770	Pacific Trust	39 Rollingwood Drive, Greece, NY	US
S1-317863437	One Power Private Limited	House No. 12-A, Sanchar Nagar Extension, Kanadiya Road, Indore, Madhya Pradesh	India
S1-492362883	Rogers Services	2061 Erwin Street, Franklin, TN	US
S1-233533653	UV India Limited	Row House No 5A, Plot No - 97A, Satsang Sainath, Upper Govind Nagar, Malad (East), Mumbai, Mumbai City, Maharashtra	India
S1-109057893	Everest LLC	53 Joel Drive, Mogadore, OH	US
S1-204007165	Clear Broadcast Union L.L.C.	1110 Martin Luther King Jr Drive, Decatur, IL	US
S1-682490786	Dental Care of Dallas Inc	10807 Gable Drive, Dallas, TX	US
S1-147143885	Cdr Commercial Private Limited	101, 1St Floor, Abhinash Mansion, Plot No. 82 Joshi Road, Karol Bagh, New Delhi, Central Delhi, Delhi	India
S1-141430127	Pgs & Associates Limited	2095, Nalnbandkhunt Karshetji Road, Ahmednagar, Maharashtra	India
S1-744875532	Ujjwal (India) Eduventures	Bhan 1038-D Gali-10, K/Colony, Gurugram, New Colony, Gurgaon, Haryana	India
S1-51952345	Lynx Superior	Chicago, IL, 6949 Ottawa Avenue	US
S1-766636015	ME Spark, LLC	15100 43rd Drive, Marysville, WA	US
S1-579734672	Cantu and Hackett Center	20 East Street, Unit 9, Mt Holly Springs Borough, PA	US
S1-889543721	Gangendra Products Limited	483/7 Back Side Bus Stand, Ludhiana, Punjab	India
S1-495522065	Zamudio Biomedical Inc	870 Windsor Place, Varna, IL	US
S1-105124345	Silver Insurance Alliance LP	OR, 2054 Sun Place, Albany	US
S1-793975240	Eye Federal Clinic P.C.	2780 N Star Drive, Poulsbo, WA	US
S1-24766443	Mohan Industrial Private Limited	Bharadwaj No 2837 2Nd Crosschamundipuram Opp Sns Temple Mysore, Mysore, Karnataka	India
S1-18284525	Muvattupuzha Trade Private Limited	Viii/435, Palekkudy, Vazhakkulam P O Kavana, Avoli, Muvattupuzha, Ernakulam, Kerala	India
S1-54735913	India Sar Technologies Pvt. Ltd.	Flat No 510B, 5Th Floor, Jaina Tower One Plot No -3 Janakpuri District Center, New Delhi, West Delhi, Delhi	India
S1-354050429	Goa Shipping Private Limited	S.No-123/1; Shriram Resi, Rajyog Colony Fl-402, Pune City, Pune, Maharashtra	India
S1-837345720	Odissi Clothing Private Limited	H.No-B/593 Janakpuri, New Delhi, South West Delhi, Delhi	India
S1-360085985	Certified Integrated Regency, Inc	2311 Oak Street, Parkersburg, WV	US
S1-991607558	Shivaya Industries Private Limited	186C/7, Hans Enclave, Near Jaipur Highway, Basai Road, Gurgaon, Haryana	India
S1-145832628	Aw Education Private Limited	Bl-13, 5Th Floor, Flat No, 12 Mm Feeder Road, Barrackpore, North 24 Parganas, West Bengal	India
S1-30819368	Jharkhand College Ltd	Flat No- 201, Aditya Exc 8-1-299/A/39 Shaikpet, Hyderabad, Telangana	India
S1-466896539	Meris Griffin Commodities, LLC	122 Liberty Drive, Unit Apartment 1, Stony Point, NY	US
S1-672292792	Higgins Legato Inc.	Town Of Lanark, WI, 6451 K	US
S1-695123017	Mosher Companies LLC	Mineola, 294 Nassau Boulevard, NY	US
S1-352088789	Hundley, Rogers & Heier P.C.	3301 Clover Hill Lane, Texas City, TX	US
S1-728316645	Housing Project	3603 Northgate Drive, Irving, TX	US
S1-209699248	Third Cosmetics Private Limited	401A, 4Th Floor, Good Earth City Centre, Sector-50, Gurgaon, Haryana	India
S1-30253451	Goldy's Excavation LLC	1827 Cleveland Avenue, Everett, WA	US
S1-379787238	Bushey Enterprises, Inc	389 Rochelle Road, Grafton, WV	US
S1-370114215	Heartland Horizon Square Inc.	2611 University Drive, City Of Waukesha, WI	US
S1-409151453	Rogel, Newcomb and Saunders PLLC	4149 Lister Avenue, Kansas City, MO	US
S1-475890901	Redstone Education Corporation	Gujarat, Vadodara, 501, Fatehgunj, 5Th Floor, R.K.Centre, Opp. Saffron Building	India
S1-572757929	Ceis of Springville LLC	10 Buffalo Street, Springville, NY	US
S1-945815732	Rapid Mobility LLC	1124 Spofford Place, El Paso County, TX	US
S1-332906521	East Travel Private Limited	012Sf, Uttar Pradesh, Gautam Buddha Nagar, Alpha-1, Nq1, Golf Course Plaza, Dadri	India
S1-998016698	Colonial Institute	2257 Yosemite Avenue, Simi Valley, CA	US
S1-652922465	Ace Amplify LLC	Unit F, 5526 Red Cliff Drive, Taylorsville City, UT	US
S1-170646345	2524 Jefferson Road Properties LLC	409 Union Street, Aurora, IA	US
S1-902325062	Nidhi Trading Private Limited	At-Khata No-101/33, Plot No-111/352, Jalahari, Baigunia, Khandapada, Khandaparagarh, Nayagarh, Orissa	India
S1-672437076	Beacon, LLC	Mobile, AL, 27 Ashley Drive	US
S1-320877412	Jay Business Private Limited	2238 Sector-16, Faridabad, Haryana	India
S1-666089468	I 5 Rapid Sound	811 Fm 1959, Webster, TX	US
S1-15809433	Ram Hospitality Private Limited	1302, 4-B, Whispering Palm, Akruli Road, Kandivali (East), Mumbai, Mumbai City, Maharashtra	India
S1-133735889	Lurlene Suazo Beacon Winvest	1009 Chester Street, City Of Sparta, WI	US
S1-136408821	Bowling Green Heart Bright Ministries P.C.	421 Knollwood Drive, Bowling Green, OH	US
S1-167171001	Cascade & Associates Ltd	Kolkata, Calcutta, 4 Synagogue Street 2Nd Floor, West Bengal	India
S1-585509036	Vartika Trading Private Limited	Zilapanchyat Market, Lakhimpur, Kheri, Uttar Pradesh	India
S1-795275135	Diandra Smathers Best Hancock LP	88 Miller Street, Rochester, NY	US
S1-183984007	Fine Solutions Private Limited	Plot No-35A Second Floor, Front Side Kh No. 17/21, New Delhi, West Delhi, Delhi	India
S1-956406230	Globe Enclave Private Limited	S No 124/2 Nr Kalubai, Temple Tal Mulshi Soos, Pune City, Pune, Maharashtra	India
S1-22672386	Pioneer Spac LLC	5223 Grace Point Lane, Houston, TX	US
S1-367086744	Aarvam Capital Corp	No 706/707, Mittal Tower, M.G. Tower, Bangalore, Karnataka	India
S1-326941137	Trading Mdp Teleservices Corp	Plot No 48 & 49 Survey No 9 Green Hills Colony, Saroornagar, Hyderabad, Telangana	India
S1-27454241	Anand Food Private Limited	Ld-185 Pitampura, Delhi, North West, Delhi	India
S1-863418544	Thousand Lights Consultants Limited	No.621, 4Th Floor, Sire Mansion, Anna Salai, Thousand Lights, Chennai, Tamil Nadu	India
S1-117046474	Miranda Range PLLC	1608 Big Chief Avenue, Pawhuska, OK	US
S1-550247548	Mejia National Smart Inc.	134 Hughes Street, Johnson City, TN	US
S1-384589908	Family Group	3621 Mimosa Road, Gilmer, TX	US
S1-579114463	Peridova Cambridge Inc	2510 Bloxom Street, Grove City, OH	US
S1-139829709	Kelley Live, Inc	2562 Dodge Street, Dubuque, IA	US
S1-661599972	Krishna It Pvt Ltd	Shop No.1 At H. No. H-1/140 Vikas Puri, Opp J-Blk, Dda Market, New Delhi, Delhi	India
S1-630429344	German Trust	2, Swastik Complex, Near Sattadhar Cross Road, Ghatlodia, Ahmedabad, Gujarat	India
S1-506192630	Clark, Flores and Lopez LLC	4022 Porter Avenue, Unit 3, City Of El Paso, TX	US
S1-246622842	Orbium Twin Inc	1805 Greentree Boulevard, Unit 134, Clarksville, IN	US
S1-472087785	Bombay Technology Private Limited	Rajkot, 5, 8, 9, P-31, Bhola Estate, Street No.6 Dhwani Indl Area, Nr. Kothariya Solvent, Raily Cros, Gujarat, Rajkot, Shed No. 4	India
S1-592722050	Roman Capital End LLC	6912 Howdershell Road, Hazelwood, MO	US
S1-435962814	Alidia Torres, DDS	8902 Glenmore Road, Henrico County, VA	US
S1-797644487	Nanded Producer	Shop No.2, Survey No.61 Poornima Nagar, Anand Nagar Road, Nanded, Maharashtra	India
S1-404739076	Brunswick Heart Project	61 Wenner Drive, Brunswick, MD	US
S1-241029325	Intensive Law Chambers LLP	B-11 Kalpesh Rangupvan Co. Housing Society Ltd. Opposite Vastrapur Railway Station, Veja, Lpur, Ahmedabad, Gujarat	India
S1-283084668	Pediatric Dental Integrated Group	5959 Old Pebble Path, Middletown, OH	US
S1-369359790	Henrico County Education Delta Coalition	2 Wharfside Road, Henrico County, VA	US
S1-707648571	Jay Weddings Private Limited	H.No:8-3-833/180/1, Plot No 180, Ph-1 Kamalapuri Colony, Hyderabad, Telangana	India
S1-154400455	Foot & Ankle Associates LLC	723 Knight Road, Duanesburg, NY	US
S1-722002776	Graham Cardiology Colonial Specialists	208 Melville Street, Graham, NC	US
S1-296135088	Mohit Agritech Care	H.No 52, Duo Marvel Layout Yelahanka, Bangalore, Bangalore, Karnataka	India
S1-908014885	Sterling Payment Holdings	39995 Carter Lane, Queen Creek, AZ	US
S1-274933170	Hotel Properties Private Limited	B-2204, Pai Layout All Roa, Orion B Block, Ttk Presti, Bangalore North, Bangalore, Karnataka	India
S1-203581134	N/N Home LLC	2420 14th Street, Unit 729, Washington, DC	US
S1-978702575	Scholarship League	1826 Dominic Lane, Houston, TX	US
S1-34604282	GA India Private Limited	1-C/002, Laxmi Narayan Nagar, Eksar Road, Borivali West, Mumbai, Maharashtra	India
S1-419571518	Asphalt India Private Limited	36, Ground Floor, Kirti Building, Dr. V.B. Gandhi Marg, Fort, Mumbai, Mumbai City, Maharashtra	India
S1-159080073	National National Atlantic Inc.	125 200, Columbia City, IN	US
S1-602656337	Snook Capital Inc	210 Jerden Lane, Dallas, TX	US
S1-191041151	Balaji Buildings Private Limited	E28, Dairy Road, Daily Road, Adarsh Nagar, Delhi, North West Delhi, Delhi	India
S1-36603898	Downtown Pub Clinic	1729 Stuart Avenue, Petersburg City, VA	US
S1-567008246	Engineering Mridul Industries Private Limited	1/801Aa1, Pallachi Building, Palachuvad, Vazhakkala, Kakkanad, Ernakulam, Kerala	India
S1-490031076	Metropolitan Pacific Alternative LLC	3595 Andy Devine Avenue, Kingman, AZ	US
S1-694441111	Advanced Financial Ltd	No. 185/100, Poonamallee High Road Kilpauk, Chennai, Tamil Nadu	India
S1-298518496	Oliveira, Minta C., L.C.S.W.	5625 Oakford Road, Capitol Heights, MD	US
S1-416907664	South Business LLP	P No 77/79, Balaji Enclav, Srinivasa Nagar Colony, Hakimpet, Tirumalagiri, Hyderabad, Telangana	India
S1-699792322	Savage, Reed & King Capstone LLC	57 Glade Drive, Colonie, NY	US
S1-319293109	Church Hcm Center	833 Dunlap Farm Road, Sunderland, VT	US
S1-854794527	Georgie Kelly Brc PLLC	237 Lochlan Drive, Wake Forest, NC	US
S1-568797405	Prashant Urban Private Limited	Bl-3 Indira Nagar Sodepur Lp-23/47/2, Kolkata, West Bengal, Howrah, Kolkata	India
S1-295915386	Patriot Healthy PLLC	332 27th Court, Wichita, KS	US
S1-311075440	Secure Cargo Dynamics Inc	4568 Royale Drive, Tuscaloosa, AL	US
S1-648724381	Friend Fuel	NC, 611 Mountain Terrace Road, Franklin	US
S1-207202546	Bureau of Housing	9526 400, Mccordsville, IN	US
S1-955710341	Vision Choice Care, LLC	9768 Westbury Circle, Highlands Ranch, CO	US
S1-981310449	Motech LLC	469 Wild Rice Drive, Supply, NC	US
S1-297461980	Sam Brothers Pvt Ltd	2Nd - Fr, Fl-S-2 38, Bipin Ganguly Road Lp- 30/2/4, Kolkata, Kolkata, Howrah, West Bengal	India
S1-881234858	Carrie A. Johnston, DMD	3710 Goldfield Road, Apache Junction, Unit 585, AZ	US
S1-837142954	UR Optimal Analytics LLC	65 Spring Rock Village, Unit 103, Brewster, MA	US
S1-38240553	Vision Clinic Care	329 Fifth Avenue, Princeton, IN	US
S1-800593000	Smart International Private Limited	Building No. 238/242/11/3A/11/3, Elv Amoris, Main Road, Bangalore South, Bangalore, Karnataka	India
S1-168785626	Atlantic Pizza Inc.	450 Douglas Parkway, Unit Unit 309, Waukee, IA	US
S1-533030291	Secunderabad Solution Private Limited	Office Nos.303A, Telangana, Secunderabad, Hyderabad, Mayfair Complex M.No.1-8-303/34, S.P. Road	India
S1-957559485	Everett Community Services, LLC	520 128th Street, Unit A7, Everett, WA	US
S1-959672082	Argosy Infracom Pvt Ltd	Ujjain, 340, Madhya Pradesh, Ujjain, Sainath Colony, Sethi Nagar	India
S1-262968801	Bright Royal It Limited	67/34, Anna Road Kalavai Street, Chintadripet, Chennai, Tamil Nadu	India
S1-257186006	MMS United Centers	3905 Guardian Avenue, Unit A5, Morehead City, NC	US
S1-603993385	Clear Wireless Enterprises	MO, 237 Governor Place, St Charles	US
S1-123577226	Chan Vehicle Inc	1219 Peacham Court, Fresno, TX	US
S1-503783101	Summit Network V Corp	139 Magnolia Ln, Boone, NC	US
S1-580387339	South Solutions	Room No.01 Mandirpara, Birati, Kolkata, 79 New Road, Howrah, Kolkata, West Bengal	India
S1-780127281	Clearpath Automation Private Limited	Sr.N0 109, Hissa No.2, Richard Compound, Vasai, Alghar, Vasai- Virar City, Vasai, Thane, Maharashtra	India
S1-392318683	Innovative Entertainment Inc	3101 Berry Avenue, TX, Groves	US
S1-494754305	ZY Devi Private Limited	C/O Muktinath Singh, Near, Kishan Vidyalaya, Kuraich, Sasaram, Rohtas, Bihar	India
S1-730241108	Prop & Sons Ltd	B-16-E Gali No. 9, Anand Parvat Opp B-16D, New Delhi, Central Delhi, Delhi	India
S1-291401316	Lambert Reliable Healthy Inc	156 Oakland Avenue, Eastchester, NY	US
S1-2777962	Bajaj Enviro Private Limited	Maharashtra, Fl Hno. 2 Abhishek Chs, Bldg-4 Sambhaji Nagar, Pune, Pune City	India
S1-561319874	H W & Z Advisors	424 Amity Ridge Road, Amwell Township, PA	US
S1-599705320	Blue Pub	66 Bellview Road, Unit 5, Fayetteville, TN	US
S1-748477204	Farmersville Veterans Anchor Fund	119 Main Street, Farmersville, TX	US
S1-774251621	Tech Trust	C/O Rama Rawat, Vill-Husainpur Bairad, Pohri, Shivpuri, Madhya Pradesh	India
S1-104949826	Cordell Equity Partners Corp	Beaumont, 2421 Neches Street, TX	US
S1-780979250	Subh Brothers Center	Mumbai, Maharashtra, Shp. 03/1 Dr, Mumbai City, Mascarnhas Wadi, Lm Rd Navagaon, Nr Gopal Vihar, Dahisar W	India
S1-293574559	Family Associates	26286 Fork Road, Accomack County, VA	US
S1-458539772	Pipefitters Local 150	112 Maple Street, Tullahoma, TN	US
S1-834224274	Alpha Impex Private Limited	Plot No 276 D No 2/893 Thirupathi Nagar Vinayagapuram Hosur, Krishnagiri, Dharmapuri, Tamil Nadu	India
S1-226351483	Varshin Farm Private Limited	Office No. 330, 3Rd Floor, Ganpati Plaza, Jaipur, Rajasthan	India
S1-986919872	Wolf Quality Allstate	Washington, 410 Cedar Street, Unit 4, DC	US
S1-457093119	City Investment Private Limited	C/Opatrick, D-20/0:2 Mass, Housing, Sector-29, Vashi, Thane, Maharashtra	India
S1-398753510	Woodward, Cunningham and Phan LLC	14840 Poplar Hill Road, Germantown, MD	US
S1-288769357	Getty Citigroup, PLLC	215 Hales Road, Jonesborough, TN	US
S1-981408829	Fletcher, Ricardo & Black LLC	Raleigh, 4753 Sharpstone Lane, NC	US
S1-51441135	Services International Marketing Private Limited	Office No S-3, Madhuban Tower, Plot No 283 Ward 12/B, Gandhidham, Kachchh, Gujarat	India
S1-769907082	Total Great Deep Inc	9151 Solvista Pass Lane, Houston, TX	US
S1-188148161	Ficlartech Global Chemical	320 Abbott Avenue, Chicago Heights, IL	US
S1-731752751	Solelle Martin Inc	AL, Birmingham, 828 38th Street	US
S1-363073955	Laor Platinum Technology LLC	Rochester, 6 Sauer Place, NY	US
S1-251773460	Shyam Constructions Private Limited	Kandivali (East), Mumbai, D-001, Bldg. No.2, N.G.Suncity Phase-I C.H.S. Ltd. Thakur Village, Maharashtra	India
S1-596471555	Shiva Enterprises Limited	Unit No. 08 And 09 (208 & 209 Second Floor), Signature Tower, Dc-2, Behind Apex Bank, Lalkothi, Tonk Road, Jaipur, Rajasthan	India
S1-40041351	Orthopedic Clinic of Des Moines PLLC	2401 50th Court, Unit Unit 104, Des Moines, IA	US
S1-269129624	Jay Engineering Private Limited	Delhi, D-170 Sector 8 Dwarka, West Delhi, New Delhi	India
S1-793968240	Bright Network Partners LLC	AR, 29 Ritchie Lane, Jacksonville	US
S1-134587227	Mendez, Dunn and Arango Emerging Inc	801 Quail Drive, Willcox, AZ	US
S1-362190558	Indian Solutions Limited	No.15/10, Visvanathan Street, Srinivasa Avenue, R.A.Puram, Chennai, Tamil Nadu	India
S1-915409348	Lyra LLC	TX, Texas City, 209 Orchid Drive	US
S1-823691877	Maid Pilates	Houma, 187 Vi Drive, LA	US
S1-792929367	Asset Building League	3118 Lawson Boulevard, Unit Unit 1, Hempstead, NY	US
S1-165492357	Baldwin and Trant LLC	3520 Salmon Avenue, Redmond, OR	US
S1-817118845	Regan's Landscaping	3023 Oakley Avenue, Chicago, IL	US
S1-70142491	IF Automotors Private Limited	Office No 307, Krishna Business Center Pu4 Scheme No 54, Bhamori, Vijay Nagar, Indore, Madhya Pradesh	India
S1-478721648	Hari Food	No.12, Kanniah Street T.Nagar, Chennai, Tamil Nadu	India
S1-470545496	Orbora Dragon PC	1311 Russell Road, Chandler, IN	US
S1-723811093	Bison, LLC	6177 Snowy River Place, City Of El Paso, TX	US
S1-355968089	Universal Business Private Limited	Survey- 230, 21 Mubin Park, Nr. Chinar Park Sarkhej Road, Ahmadabad City, Ahmedabad, Gujarat	India
S1-561486782	MB Solar	Mr-01, First Floor, Plot No. 101, Nh-19, Crri, Ishwar Nagar, Okhla, New Delhi, South Delhi, Delhi	India
S1-962903567	Martin Silver Cosmetics	N7197 F, Town Of Adams, WI	US
S1-839092667	Supreme & Sons LLP	Patiala, Punjab, Srishty Blessing Of God, 555, Harinder Grewal Enclave	India
S1-55353842	Prime Baba Agro Limited	117/477, P Block Kakadev, Uco Bank, Namak Factory Chauraha, Kakadeo, Kanpur Nagar, Uttar Pradesh	India
S1-914301608	Jbn Millsprivate Private Limited	16-2-741/D/2, Asmangadh, Hyderabad, Telangana	India
S1-882918606	Palma All Lifesciences Inc	315 Barricks Road, Unit LOT 25, Brooks, KY	US
S1-481787322	Sterling Kpet LP	2301 Double O Place, Tucson, AZ	US
S1-120433391	Ivenelle Boral	1050 Vine Street, Paris, KY	US
S1-586914392	Family Physicians	14333 Willow Bend Park, Unit APT 1, Chesterfield, MO	US
S1-439510893	Lynde Ortner Equipment	2306 Fi Anna Lane, Ozark, MO	US
S1-268144414	JZ Ambulance Limited	Lp. 201/4/7 A/52 Survey Park, Kolkata, Howrah, West Bengal	India
S1-444098537	Nivodyne Inc	111 Grouse Road, Dothan, AL	US
S1-561117599	Cartwright Bright Joint Corp	120 Skyview Terrace, Camillus, NY	US
S1-272501469	Billie Hologram LLC	13892 Old Oregon Trail, Redding, CA	US
S1-231766743	Shiv Management Limited	Office 409 Everest Hub 30 Mrt Gotri Road, Vadodara, Gujarat	India
S1-82841025	Complete Analytics Dynamics	8045 28th Avenue, Phoenix, AZ	US
S1-144082770	Wilcox Sony LLC	812 A Jackson Street, Lynchburg City, VA	US
S1-887093349	Modestine Barney Lion Inc	1915 South Boulevard, Charlotte, NC	US
S1-581631639	Anurag Holdings	C/O. Ashutosh Jaiswal, In Front Of Hanuman Templ, Damoh, Madhya Pradesh	India
S1-22478573	Catina's Barbershop Care	1730 Pleasant Run Road, Heltonville, IN	US
S1-889769623	Doane's Excavation	23201 Holycross Epps Road, Bldg 13259, Marysville, OH	US
S1-189895760	Harbor Committee PC	AL, 321 Culbertson Drive, Huntsville	US
S1-315157451	Cure Seafood	821 Meadowbrook Road, Unit Suite 11, City Of Waukesha, WI	US
S1-452733086	Piedmont First Private, Inc	119 Hughes Lane, Johnson City, TN	US
S1-236113222	Superior Sterling Gss LLC	508 Abbeywood Drive, Cary, IL	US
S1-67226401	Taylor's Mountain Pharmaceuticals PLLC	3701 Vaugine Street, Pine Bluff, AR	US
S1-968318141	Dynamic Coastal Solid Corp	31896 Sawmill Road, Millville, DE	US
S1-688824740	Williams Precision LLC	4834 Quail Run Drive, New Palestine, IN	US
S1-431075366	Hermia Fister Axiom PC	5590 Creekwood Lane, Unit 7F, Murray, UT	US
S1-830242773	White Developers Private Limited	010, Kasna Ecotech-1 Extension-1, Greater Noida, Gautam Buddha Nagar, Uttar Pradesh	India
S1-766795777	Bona Asset LLC	3328 Arrowhead Road, Spring Lake, NC	US
S1-76328525	Murthy School	C/O Mohan Mahadu Pawar Laxmi-Nagar, Pole-No-Un-Ii-13, Dhule, Dhule, Maharashtra	India
S1-568037802	Studio 14 Cafe Inc	508 Spruce Street, Valley, NE	US
S1-801686722	Shakuntala Institute of Technology Private Limited	Gujrat Pen Compoundarey Road Goregaon (East), Mumbai, Mumbai City, Maharashtra	India
S1-824932216	Toussaint, Moshier and Gray Polska Inc	NY, Canaan, 29 Conster Drive	US
S1-457507994	Ross, Barrera and Beringer Inc	603 8th Street, Fredonia, KS	US
S1-498739858	Yo Media Private Limited	5, Floor -2, Plot 18/4, Hem Kutir R A Kidwai Road, Azad Nagar, Wadala, Mumbai, Mumbai City, Maharashtra	India
S1-336157383	Big Global Private Limited	S S2, Krishna Enclave, 99, Vallalar Street Vgp Shanthinagar, Pallikaranai, Chennai, Tamil Nadu	India
S1-779490633	Newton Duration Inc	2202 78th Street, Fl 1, Scottsdale, AZ	US
S1-958460889	Harvey Prime Fact Group	Clackamas, 10701 212, OR, Unit #X6	US
S1-250549703	Kab (India) Services Private Limited	1St Floor, Yarandahalli Village Anekal Taluk Jigani Hobli, Bangalore, No 12, Bangalore, Karnataka	India
S1-999796313	Prime Boxing Limited	79-3/6, Sanath Nagar, Old Gajuwaka, Visakhapatnam, Visakhapatnam, Vishakhapatnam, Andhra Pradesh	India
S1-939796478	Colonial Dental Associates	10850 Warfield Circle, Marana, AZ	US
S1-314683402	M F & F Sab L.L.C.	6522 Spoonbill Way, Clinton, MD	US
S1-202696861	National Research	361 Mchenry Street, Virginia, IL	US
S1-837499454	Federal Midwest Pro	VA, 11841 Broad Street, Henrico County	US
S1-212159831	Modern Outdoor P.C.	1275 Vip Boulevard, Casa Grande, AZ	US
S1-64320224	ICO Support Company	Blo No-47, Pl N-/41, Parshvnath Co.Op.Hou Soc, Palanpur Road, Surat, Gujarat	India
S1-466365574	Bright Book Store PLLC	2900 Lonsdale Drive, Dothan, AL	US
S1-300432360	Anastasia's American Accounting	840 Babylonia Drive, City Of El Paso, TX	US
S1-941106266	Lotus Services	67/2, Lavelle Road, Bangalore, Karnataka	India
S1-374348135	Empire Stellar	405 Leeds Road, Hoyt Lakes, MN	US
S1-889981651	VC Brokers Ltd	C/O Siri Keshav Polyvin, Adj Jio Petrol Pump, Dhuri, Sangrur, Punjab	India
S1-347813852	Five Brothers LLP	Plot No 142/1A Byalikata, Taluka Gokak, Belgaum, Karnataka	India
S1-891156866	Patel Direct Noble Inc.	624 Central Avenue, Oak Hill, WV	US
S1-755010061	Asthavinayak Investments Co	H No-316, G/F, Kh No.851/554, Main Road, North Ghonda, Near-Gamri Road, Delhi, North Delhi, Delhi	India
S1-427454406	Mind (India) Management Limited	W/O Sh. Harbhajan Singh, Delhi, New Delhi, South Delhi, B-5 T/F Ndse Part-I	India
S1-210474784	Grace Zion	35000 13th Place, Federal Way, WA	US
S1-412044719	Hisar India	Shop No 6 Rishi Nagar, Shamshan Bhumi Shop, Hisar, Haryana	India
S1-47484156	Foundation Mmd Developers Private Limited	C/O Mc Sharma Near Sdm, Residence Officers Colony, Kasganj, Etah, Uttar Pradesh	India
S1-160865119	Jones, Carpenter and Creed	15 Elm Street, Unit Apt B, Fayetteville, AR	US
S1-898541868	Mchale Bright Indonesia Inc	Henderson, 330 Courtney Cove, TN	US
S1-439805893	Patna Informatics Private Limited	So Mundrika Raghunath Singh Friends Lakshmi Shree Apartment Ashiya Digha, Patna, Bihar	India
S1-263765628	Hitech Hospitality Private Limited	Vallabh Vigar, 64, Basappa Layout, Hanumanth Nagar, Bangalore., Nagar, Bangalore., Karnataka	India
S1-953330813	Kkm Consultants Company	90/D Hazra Road, Kolkata, Calcutta, West Bengal	India
S1-998043826	Dancy Heritage Hospitality Inc.	290 H Street, Linton, IN	US
S1-22370802	Frontier Charter School	Normandy Park, WA, 340 178th Street	US
S1-459892815	Moreno Providence	1482 Cardinal Way, Fl 1, Chandler, AZ	US
S1-883128985	Davis, Smith & Campbell	3822 Booth Calloway Road, Fort Worth, TX	US
S1-752396270	Dermatology Group	19729 76th Avenue, Unit 2, Lynnwood, WA	US
S1-810467443	Reese Allied Produce Inc	568 Turnberry Boulevard, Unit D, Newport News City, VA	US
S1-644512155	Wealth & Co Ltd	12, Pruthvi Appartment, Nr Sanjivani Hospital, New Sharda Mandir Road, Paldi, Ahmadabad City, Ahmedabad, Gujarat	India
S1-199623200	Oncology Physicians	1552 400, Orem, UT	US
S1-471660864	Secure Prime Agricultural Inc.	3105 Randall Joseph Street, City Of El Paso, TX	US
S1-171782189	Caldera Exchange, Inc.	3112 Eldorado Lane, Hays, KS	US
S1-673133903	Lakshmi Investments Private Limited	308, Vardhman Complex Bhupalpura, Udaipur, Rajasthan	India
S1-851161329	Stahl, Rein and James Robinhood Inc	56 Sawrie Road, Greenbrier, AR	US
S1-434671599	Universal Tech LLP	E-602, Bhoomi Park, Phase 1, Chs Ltd Near Jankalyan Nagar, Malad West, Mumbai, Mumbai City, Maharashtra	India
S1-2252194	Lopez, Gail A., MD, P.C.	Columbia, Fl 1, MO, 4512 Kirkdale Drive	US
S1-323462588	Soto's Better Fashion LLC	303 Cherry Circle, AR, Walnut Ridge	US
S1-256159536	Nais LLC	17600 Lakesedge Trail, Chagrin Falls, OH	US
S1-520181228	Twinkle Group of Companies LLP	M-22 Floor Jangpura Extension, Delhi, South Delhi, Delhi	India
S1-37523480	Sebriia Inc.	AZ, Tucson, 13651 La Cebadilla	US
S1-933441332	Prime Pinnacle Chs PLLC	8327 Fair Oaks Boulevard, Unit APT 25, Carmichael, CA	US
S1-146365275	Gestalt Association Private Limited	B 479, New Delhi, South Delhi, Delhi	India
S1-364986063	Digital Intelligence Products LLC	8744 Deep Creek Road, Apple Valley, CA	US
S1-732344020	Green Technologies Private Limited	Door No.5-72/32, Shed No.102A & 103, Sy.No.227/1, & 228, Bahadurpally Village, Qutbulapur Mandal, Medchal Malkajgiri, Tirumalagiri, Hyderabad, Telangana	India
S1-429076266	Solutions Aig Mining Private Limited	67/45B, Strand Road 1St Floor, Room No. 1, Kolkata, Kolkata, Howrah, West Bengal	India
S1-613615955	Thomas Pearl	877 St Rte 545, Ashland, OH	US
S1-652433153	Indo Global Private Limited	No. 112, West Village, Kodiapalaya, Bengaluru, Bangalore, Karnataka	India
S1-923679999	Laurice Faust, D.C., PC	1185 4th St, Marion, IA	US
S1-825323709	Hatty Williams Patriot Mckinley LLC	1122 Eastern Trail, Village Of Mukwonago, WI	US
S1-26413093	Bmh Boards Private Limited	C/O. Raj Kumar Ghosh Linepar, Railgate, Ward No.12, Katwa, Bardhaman, West Bengal	India
S1-13994532	Shree Marketing Public Limited	Rz-9A, Brahampuri Pankha Road, New Delhi, West Delhi, Delhi	India
S1-584292797	Womens Health Partners, Inc	609 Woodard Road, Windsor, NC	US
S1-989082158	Dental Group	801 Atalanta Avenue, Fl 0, Saint Louis, MO	US
S1-886660696	Family Chiropractic	2730 Meadow View Drive, Brownsville, TX	US
S1-4741790	Anand Marketing Private Limited	Ground Floor, Vekanand Arcade Station Road, Badlapur, Shop No.6, Badlapur, Maharashtra, Thane	India
S1-619354192	Animal Welfare Coalition LLC	103 Settlers Circle, Cary, NC	US
S1-664383648	Allie Holiday Premier Internet, L.L.C.	8 Old Church Road, Wilmington, DE	US
S1-67362525	Goldy Singer Colombier Inc	7 Wilbur Street, Unit 1, Everett, MA	US
S1-733687362	Lucky Bistro	20467 95, Greenback, TN	US
S1-971211181	Super Hospitality Private Limited	Belgaum, Karnataka, Shivbasav Nagar Chikkodi Road, Nipani, P.B.No.60	India
S1-520821936	Speciality (India) (india) Private Limited	175 Drsubbarayan Street Tatabad, Coimbatore, Tamil Nadu	India
S1-565508752	Star Construction Private Limited	13Th K M Delhi G T Roadbidhanagar Aligarh, Uttar Pradesh, Aligarh, Uttar Pradesh	India
S1-180983243	Roopika Industries LLP	T/13/A India Bulls Megha Mall Jetalpur Road, Vadodara, Gujarat	India
S1-420145212	Real Software LLP	59/1A, Patuatola Lane, Kolkata, Kolkata, Howrah, West Bengal	India
S1-311899741	Vision Products Pvt Ltd	Bhagalpur, Chhoti Khanjarpur, Bihar, Sinha Bari Jibu Jha Lane	India
S1-614638770	Professional Environmental Brands	2628 Shallowford Court, Graham, NC	US
S1-655894568	Ault Institute of Technology	67 Crestview Way, NC, Clarkton	US
S1-914872267	City Of	191 Greenhill Road, Bumpus Mills, TN	US
S1-970189295	Family Clinic	12818 Toledo Road, Pittsburg, IL	US
S1-12628868	MLQ Impex Limited	No.10/15, Viswanathan, Street, Srinivasa Avenue, Chennai City Corporation, Chennai, Tamil Nadu	India
S1-722787597	Paliwal Institute of Technology	45-B, Sawai Gator Road, Saraswati Nagar, Jagatpura, Jaipur, Rajasthan	India
S1-915860777	Montesdeoca Armada LLC	6215 106th Street, Unit Apt 107, Johnston, IA	US
S1-700426895	Cee Self Private Limited	1069, Gyan Nagar, Hiran Magri, Sector 4, Udaipur, Rajasthan	India
S1-955680991	Meenya Services Limited	210, U.S.Complex, 120, Mathura Road, New Delhi, South Delhi, Delhi	India
S1-93354700	Silver Seafood	2466 Sycamore Avenue, Hempstead, NY	US
S1-4519692	Fitzpatrick & Middleton Physical, Inc	1171 Kingsley Lane, Aurora, IL	US
S1-709850493	Raghunandan College	P/O Parikshit, Mugalani, Chak Prakash Nagar, Ghazipur, Uttar Pradesh	India
S1-811460556	Boston, Petty and Drake LP	6799 177th Street, Hugo, MN	US
S1-669466246	Petronella's Clean Detailing Corp	4045 86, Knoxville, AL	US
S1-522779685	Unified Security Ventures	WA, Vancouver, 3230 Edgewood Drive	US
S1-849829625	Chavez Academy	832 Shoshone Avenue, Akron, OH	US
S1-563475548	WSR Crystal Pacific Inc	Winchester City, 2432 Robyn Terrace, VA	US
S1-17431852	Leela Charitable Trust	34/241-N, 3Rd Floor, Ua Mall, Thurakkal, Ernad, Malappuram, Malapuram, Kerala	India
S1-904707145	Patriot Signature Alchemy Inc	WI, Village Of Scandinavia, 330 Main Street	US
S1-668474845	Conway Community Church LLC	600 Westhaven Drive, Unit Lot 51, Conway, AR	US
S1-547180382	Sonic Traders Limited	116, Gujar Mohalla, Barouli Dhau Tehsil: Kaman, District-Bharatpur, Bharatpur, Rajasthan	India
S1-460813112	Davis Lane LLC	603 Patriots Road, Templeton, MA	US
S1-832473847	Express Learning Works LLC	1115 Scaleybark Road, Unit C, Charlotte, NC	US
S1-36792800	E 2 L Dollar, Inc	29761 128th Avenue, Vashon, WA	US
S1-102868105	Sanchez Beacon Valley LLC	7119 Sugar Maple Lane, Brownsburg, IN	US
S1-719873478	Unified Futurecrest P.C.	723 B Bethpage Road, Oyster Bay, NY	US
S1-446448823	Cascade Payments, LLC	Jarrettsville, MD, 4221 Madonna Road	US
S1-138810175	Ganley Certified Dollar	14602 146th Avenue, Orting, WA	US
S1-197607044	Lakshmi Investment LLP	House No. 238, Maharana Pratap Gali Landmak Village Azadpur, Delhi, North West, Delhi	India
S1-222402175	Squires, Glazebrook and Dehart L.L.C.	515 Llewellyn Avenue, Columbus, OH	US
S1-225030402	Diva P.C.	9100 La Fauna View, Austin, TX	US
S1-135101471	Rimaex	111 Pacific Avenue, Audubon, IA	US
S1-723097129	White International Private Limited	Kh. No-120, Village Pali Pali Bhakri Road, Faridabad, Haryana	India
S1-71167071	Jannelle Brown Piedmont Investments Group	3782 Harner Road, Mantua, OH	US
S1-555213477	Nash and Reinhart Zeo P.C.	3287 Symsonia Highway, Benton, KY	US
S1-516721104	WYX Century Inc	3924 Clinton Boulevard, Albuquerque, NM	US
S1-767274727	Davis's Bike Shop	1820 Airport Boulevard, Unit 3H, Mobile, AL	US
S1-938768093	City Infra Pvt Ltd	114, Delhi, Veer Savarkar Blk, 2Nd Floor Vikas Marg, Shakarpur, New Delhi	India
S1-439341239	Modern Impex Private Limited	No. 97, Kalyana Mantapa, 6Th Block, Kormangala, Bangalore, Karnataka	India
S1-893432968	Adah Carr, O.D.	2189 6th Lane, Big Bear City, CA	US
S1-897550872	Innovative Sab	Middlesex County, VA, 525 River Run Dr	US
S1-204824820	Heflin Unified Solutions LLC	220 Ater Avenue, Rogers, TX	US
S1-496438070	Osprey States LLC	WV, Moorefield, 229 J O Bail Lane	US
S1-860834699	Radiance Clinic	E-48/A-111 Old Seemapuri, Shahdara, Delhi, East Delhi, Delhi	India
S1-665554721	Cedar Rapids Reliable News	Cedar Rapids, IA, 5510 River Pkwy NE	US
S1-79158936	Hitech Infotech LLP	Khempur House, Brahmpuri, Titardi, Udaipur, Rajasthan	India
S1-270180527	GA Fargo, LLC	Fort Wayne, 10110 Tumbleweed Boulevard, IN	US
S1-819320296	Federal Payment Labs, LLC	8853 Ahmed Avenue, Elk Grove, CA	US
S1-139074163	Mpg Services Private Limited	Faridabad, T3-6B The Ozone Park Apt., Haryana, Faridabad, Sector 86 Tigaon Road	India
S1-593352530	Orthopedic Care Inc	702 Cedar Lane, Unit 10, Knoxville, TN	US
S1-903110450	Bharat It Pvt Ltd	217, Defence Colony Kankarbagh, Patna, Bihar	India
S1-275064156	Lori's Laboratories	32 Winterberry Way, Bedford, MA	US
S1-514071661	Stephens Costamare LLC	1115 Crane Drive, Nixa, MO	US
S1-751756539	Sai Projects Private Limited	14/1B, Ezra Street World Trade Centre, 1St Floor, Kolkata, Kolkata, Howrah, West Bengal	India
S1-756006891	Flex Financial Private Limited	14, Devraj Industrial Park, Piplaj Pirana Road, Ahmadabad City, Ahmedabad, Gujarat	India
S1-344355166	Arts Federation II	2140 Bess Town Road, Bessemer City, NC	US
S1-357278304	Green Software Private Limited	1035 Sector-37, Faridabad, Haryana	India
S1-886920190	Cornerstone Loan	614 12th Street, Laramie, WY	US
S1-8808528	Laxmi Engineering Pvt Ltd	Ramanna Gowda H T, #208 1St Cross R R Temple Road Devasandra K R Puram, Bangalore, Karnataka	India
S1-218080906	LDX Logistics Limited	No. 653, 2Nd Cross Hmt Layout, R.T Nagar, Bangalore, Karnataka	India
S1-553963086	Construction Scan Health Pvt Ltd	H No. 33 Defence Colony, Hisar, Hissar, Haryana	India
S1-574682025	Storm Juarez Bitwise	2307 12th Street, Decatur, AL	US
S1-65462705	Ajay Lair Staking LLC	326 Turnpike Road, Summersville, WV	US
S1-51517844	Roopesh Hub Private Limited	12-13-99, Flat No. G-11 Tarnaka, Hyderabad, Telangana	India
S1-925927539	Schmidt, Wells and Ward Ltd	Oak Forest, IL, 15701 Lavergne Avenue	US
S1-504258996	Sap Farmer Private Limited	Reg Off Factori 30/5 D Blockmidc Chinchawad, Pune, Maharashtra	India
S1-942358451	XH Services Private Limited	Blong No 4, Gala No 15, Jay Vijay Ind Ested, Vasai Palghar, Vasai Virar City, Bhiwandi, Thane, Maharashtra	India
S1-665718800	Jai Global LLP	Telangana, Hyderabad, #6-3-348, Hyderabad, D-Block, Flat No.3, Maheswari Towers Road No.1, Banjara Hills	India
S1-290655919	Apex Om Food Private Limited	401, Ambika Pinnacle, Chorasi, Surat, Gujarat	India
S1-335670903	Jai Services Private Limited	Vill. /P.O. Budhanpur, Bijnor, Bijnore, Uttar Pradesh	India
S1-230783540	Watkins Direct Development Inc.	158 Meadow Street, East Haven, CT	US
S1-491718373	Tanish Chits Private Limited	Flat No 2401, Block A, The Classe By Dsr, Rajendra Nagar, K.V.Rangareddy, Telangana	India
S1-558711844	Davis Purecycle, LLC	Munfordville, 965 Ernest Wilson Road, KY	US
S1-473163329	Bert's Prairie Towing	302 Bluegrass Circle, Mt Juliet, TN	US
S1-10684824	Quality Wholesale Global Group	583 Evergreen Avenue, City And Borough Of Wrangell, AK	US
S1-54811658	Montiel and Barajas LLC	203 Leavie Drive, Pikeville, NC	US
S1-306635421	Powell Trust Inc	Cuyahoga Falls, 3303 Brookside Lane, OH	US
S1-337389647	Balaji Solutions Private Limited	F 173 Rp Colony Talkatora Road, Lucknow, Uttar Pradesh	India
S1-593346023	Great Initiative	NC, 325 Clamdigger Court, Swansboro	US
S1-897958236	Dk Trading Pvt Ltd	New Technology Incubator Building Module Ic6 & 7, Trec-Step, Tiruuchirappalli, Tiruchirappalli, Tamil Nadu	India
S1-574117836	UWC Coastal Air Inc.	300 Cedar Springs Road, New Paris, OH	US
S1-808993097	Kestrel P.C.	678 17th Street, Lakehills/pipe Creek, TX	US
S1-15731471	Jain Builders Private Limited	C/O Kaushal Prasad Dwivedi Dadari Nougava Dandi, Allahabad, Uttar Pradesh	India
S1-96099187	Good Trading Private Limited	Bareilly, C/O-Mukesh, Rakba Dhoriya, Nikat Megamensan Colony, Uttar Pradesh, Bareilly	India
S1-126405157	TX Rolling Private Limited	Jhunjhunun, Jhunjhunu, Ist Floor, Rajasthan, Tirupati Complexbehind Sangam Hotel	India
S1-356034012	Martinez, Johnson & Sherwood Pineapple Inc	7725 Mcdowell Road, Unit 1062, Phoenix, AZ	US
S1-455324399	Hotel Technology Private Limited	S.No. 637, Hi No. 2/B/2, Bibvewadi Bakulnagar, Pune City, Pune, Maharashtra	India
S1-254744042	Housing Project VI Care	19838 Marlin Drive, Beaverton, OR	US
S1-783110068	Western Dental Associates	7208 Linda Vista Drive, Citrus Heights, CA	US
S1-945131102	Creative Foundation Private Limited	F.P.116 Paiki, Tps 13, Fozdar Compound, Nr.National Factory, Opp.Suray Dev Society, Behrampu, Ra, Ahmedabad, Gujarat	India
S1-193779412	Express Capital Lakeshore	811 8th Street, Burlington, IA	US
S1-501688915	Boynton & Bergmann LLC	2153 Jones Road, Atlanta, GA	US
S1-623712180	Empire League	3820 El Dorado Street, Springfield, MO	US
S1-386463644	Perfect Krishna Consulting	A-101/3 First Floor Okhla Industrial, Area Phase -Ii, New Delhi, South Delhi, Delhi	India
S1-5374073	Lenz and Young	82 Inwood Road, Wallkill, NY	US
S1-237095247	Eye Specialists LLC	Amarillo, TX, 8300 Sandlewood Avenue	US
S1-422985101	Blanch Sims Desert China	3093 Shiptontown Road, Fl 1, Lexington, NC	US
S1-502950357	Peters Opportunities of Surf City	110 Oleander Court, Surf City, NC	US
S1-596545975	Shilp (India) Constructions Private Limited	A-292 Indira Nagar, Lucknow, Uttar Pradesh, Lucknow	India
S1-803064891	Lafayette LLC	107 Waxwing Drive, Durham, NC	US
S1-316901302	Orbyx Edp PLLC	28-48 Little Neck Boulevard, Bayside, NY	US
S1-331060206	Computer (India) Exports Limited	5/1/Plot No-6, Shivshakti, Hospital Pirsaheb Darg, Dindori, Nashik, Maharashtra	India
S1-674810152	Creative Consultants Private Limited	Piller No 25, 3Rd Floor, Dadri, Gautam Buddha Nagar, Uttar Pradesh	India
S1-210848910	Commercial Technical Products	39 Elora Cemetery Circle, Elora, TN	US
S1-429151420	4496 Lincoln Place Management LLC	IN, Munster, 8730 Baring Avenue	US
S1-542956434	Meex Valley Johnson	5111 Rose Street, Colleyville, TX	US
S1-267592184	Eudora Sotero Portfolio	405 Sturgeon Drive, Valparaiso, IN	US
S1-783473876	Fast Services	H. No.-E/65 B.D.A. Colony, Kohefiza, Huzur, Bhopal, Madhya Pradesh	India
S1-747837417	Amiable Producer Private Limited	A-43, 1St Floor, Office No 103, Sector - 63, Noida, Gautam Buddha Nagar, Uttar Pradesh	India
S1-12278460	Enix LLC	3310 Cheverly Avenue, Hyattsville, MD	US
S1-446268263	Route 99 Pub	TX, 104 Mount Vernon Way, Liberty Hill	US
S1-679545980	Nova Steels (India) Pvt. Ltd.	288, Model Town, Opp. Canal Rest House, Ambala, Haryana	India
S1-9281231	Seeds Academy Private Limited	23 New Fruit Market Naroda Road, Ahmedabad, Gujarat	India
S1-626909216	Shree It Private Limited	Kh No. 540, Main Road, Opp. Shalimar Palace, Delhi, North Delhi, Delhi	India
S1-519113562	Editha Crampton Solid	2423 Rowan Avenue, Spokane, WA	US
S1-449139421	Uptown Yoga LLC	9044 Southerland Place, Brentwood, TN	US
S1-981492915	Lopez Aberdeen	61-25 79 Street, Middle Village, NY	US
S1-149354034	Jaquelin's Transport	9242 Heather Lane, Crandall, TX	US
S1-452427892	GCA India Private Limited	H No .3-8-181 Chadrapuri Colony, Hyderabad, Telangana	India
S1-388467903	MGF Shelters Private Limited	241, Basement, Okhla Industrial Estate Phase Iii, New Delhi, Delhi	India
S1-448818866	Dynamic Energy Private Limited	C/O P L Tandon & Companywestcott Building M G Road The Mall Kanpur, Kanpur, Uttar Pradesh	India
S1-711839652	Tois Boston LP	500 Sunset Drive, High Point, NC	US
S1-160468860	Hayathnagar Telecom Private Limited	P.No.45, H.No.6-111, Bc, Colony Road, Abdullapurmet, Hayathnagar, K.V.Rangareddy, Telangana	India
S1-616920410	Kdh Developers LLP	Shop No. 4, Ashwin Chamber Opp. Raopura School, Raopura, Vadodara, Gujarat	India
S1-58223433	Revere Sprott Inc	140 Endicott Avenue, Unit 2, Revere, MA	US
S1-623064180	Jayant Foundation Limited	2-31-1, Ground Floor, 5Th Cross, Jntu, Anantapur, Ananthapur, Andhra Pradesh	India
S1-179016542	Open Group of Companies	Sr.No-12/8A/1, 2, 3 Flat No, B-203 Vertical Alcinia, Pune City, Pune, Maharashtra	India
S1-388000159	Quantum Services	H.No. 7/11, Sno. 47 Marutiniwas Viveknagar, Akurdi, Pune, Maharashtra	India
S1-310073754	Williams, King and Harrison Rmg LLC	425 Baker Street, Hamlin, WV	US
S1-757064973	Cordelia A. Garcia, M.D.	3106 33rd Terrace, Topeka, KS	US
S1-204465467	Precision Group	4-5/8A, 1St Floor, 1St Cross, Kamakya Badavane, Banashankari 3Rd Stage, Bangalore, Karnataka	India
S1-886030162	Zayn Tubes Private Limited	Sn 506, Milkat 1169, Behind Railway Station, Pune City, Pune, Maharashtra	India
S1-969684514	India Manjusha Services Center	Maharashtra, Plot No A-255, Kagal Hatkanangale, Midc, Kagal, Kolhapur, Kolhapur	India
S1-14149371	Blackwood & Rackley High Associates	2075 137, Hutto, TX	US
S1-132420309	Tirupati East Services Private Limited	S 423 Ii Nd Floor Greater Kailash, Delhi, New Delhi, Delhi	India
S1-545679526	Eastern Logistics Private Limited	Flat No. A-502, Mahaavir Jyoti, Plot No. 248 & 249, Khargar, Navi Mumbai, Navi Mumbai, Thane, Maharashtra	India
S1-230178150	Family Care Associates Inc	348 Winding Way Drive, Victoria, TX	US
S1-842476623	Optlaia Vista Ltd	AR, 1623 Hwy 65, Harrison	US
S1-828243580	Marketing Muni Builders Private Limited	1303, Mukherjee Nagar, New Delhi, North Delhi, Delhi	India
S1-923286840	Camella Longoria Security LLC	12113 Standing Cypress Drive, Austin, TX	US
S1-293887651	Shepard Globa, Inc	14800 St Rte 595, Logan, OH	US
S1-871414018	Leander Community Chiropractic Inc.	1616 Lilly Grace Bend, Leander, TX	US
S1-511287886	Arrowlink Hr Pvt Ltd	189/A, Canal South Rd, Bl-Sec A, Grd. Floor Metropolitan Co-Op Housing Socy.Ltd, Kolkata, Parganas South, West Bengal	India
S1-540154271	Loyal India Pvt Ltd	Room No.1, Annu Complex, Survey No. 166 Near Hitnal Toll Plaza, Hitnal, Koppal, Karnataka	India
S1-483697704	Digital Consumer Technologies	223 Fifth Street, Irving, Unit 207, TX	US
S1-213230135	Rashid & Daley L.L.C.	834 Heather Lane, Winnetka, IL	US
S1-233078702	BD Buildtech Pvt Ltd	G- 15, Engineers Colony Ward No. 29, Manyawas, Jaipur, Rajasthan	India
S1-470362967	Cochran Plumbing LLC	2408 Griffin Avenue, Unit H, New Bern, NC	US
S1-165306546	Anand Dream Builders	4, Flr-Grd, Plot-747, 30, Terrace Building, Lady Jamshedji Road, Mahim Church, Mumbai, Maharashtra	India
S1-69095281	Crj College	Global Point, Plot No 224/5C Behind Jk Towers, Khatodra, Surat, Gujarat	India
S1-520178625	Williams Bynordic LLC	1011 Oak Forest Circle, Lincoln, AL	US
S1-600039119	Foot & Ankle Valley Clinic	2304 Wabash Street, Kokomo, IN	US
S1-216300793	Bangalore North Farmer Private Limited	2Nd Floor, Old No. 23, New No. 57, Ebenezer Enclave, Norris Road, Nanjappa Circle, Bangalore North, Bangalore, Karnataka	India
S1-629118510	Little Coffee	472 York Street, York, ME	US
S1-352739168	NW King, LLC	800 Dry Creek Road, Nashville, TN	US
S1-583766588	Roth Prime Cayson	Heber City, 324 Abajo Peak Way, UT	US
S1-213900282	Roots Innovations Private Limited	Gut No. 274, 276, At Post Sambhave, Mulshi, Pune, Maharashtra	India
S1-798750323	Urban Coffee	Hillsboro, TX, 5698 State Highway 22	US
S1-994408685	Prime Street LLC	13646 Meath Drive, Homer Glen, IL	US
S1-562608003	Mount Lutheran Church	170 Main Street, Stanfield, OR	US
S1-693016971	Dillon Sterling Money	UT, City Of Holladay, 6125 2230	US
S1-604153840	Safe Learning Systems	170 Elm Street, Unit Apartment 4, Biddeford, ME	US
S1-765786327	Mumbai Holiday Ltd	1St Floor Room No.12, Gao, New Maulana Chawl No.2, Mumbai, Maharashtra	India
S1-621768610	Gandhi Northwest LLC	MO, Ofallon, 1024 Pearview Drive	US
S1-545381452	Premier Electrical	1166 Brian Court, Antioch, IL	US
S1-807412242	Apex Management Private Limited	103, Parkview Enclave, Road No.2 Banjara Hills, Hyderabad, Telangana	India
S1-983437346	Cao Rogers LLC	91 Clermont Street, Fl Floor 2, Albany, NY	US
S1-885430443	OFD Bay Tax Service Inc	92 Fort Shantok Road, Montville, CT	US
S1-217033672	Regional Value Realty LLC	330 Smith Road, Westminster, MD	US
S1-14822438	Future Services	Plot No.14, F-3, Mcn Nagar Extension Thoraipakkam, Chennai, Tamil Nadu	India
S1-454583937	Office of Health	4733 Spellman Road, Houston, TX	US
S1-243709704	Bollinger Rapid Obic LLC	161 Oakway Drive, Mobile, AL	US
S1-54214668	EAV Source PC	4015 Strendal Drive, Cary, NC	US
S1-197878872	Taurus Agri LLP	6/3 Rk Prasad Chawl Kaju, Wadi Lbs Marg Ghatkopar W, Mumbai, Maharashtra	India
S1-7165775	Harman Living Group	Flat No: B2Ii, Block B, 3Rd Phase, Janapriya Arcadia, Kowkoor, Near Alwal And Bolarum, Checkpost, Hyderabad, Telangana	India
S1-253216310	Maa Food Pvt Ltd	Dp-69, Sidco Industrial Estate Thirumudivakkam, Chennai, Tamil Nadu	India
S1-411437832	Swastik Services Private Limited	18, Casa Langford, Eagle Street Langford Town Shanti Nagar, Bengaluru, Bangalore, Karnataka	India
S1-189946543	Judd Phoenix P.C.	1000 Mcclure Street, Junction City, KS	US
S1-675297916	Hamaker Ventures LLC	Corrales, NM, 669 Ranchitos Road	US
S1-343643017	Allen Modern Vendome LLC	407 Tech Street, Paragould, AR	US
S1-14278220	Augusta Ellis Pizza	142 Bannermans Mill Road, Richlands, NC	US
S1-671786417	HCX Infrahome Ltd	Ev 17/1, Chamavila Veedu, Near Kallurkonam Mosque, Ayilam P O, Thiruvananthapuram, Thiruvananthapuram, Trivandrum, Kerala	India
S1-727268428	Finley, Sosa and Krueger Vance, LLC	CT, 41 Hill Street, Milford	US
S1-484658020	Uptown Book Store	132-30 57 Road, Flushing, NY	US
S1-873380033	Jilleen Cruz Pacific Nextera Inc	13505 Crystal Springs Drive, Huntersville, NC	US
S1-833256732	Peak Equity Labs LLC	916 Wilemon Drive, Bedford, TX	US
S1-869319436	Demoss and Mohamed Inc	6716 Lightwood Drive, Hazelwood, MO	US
S1-932918013	Future Developers Private Limited	Gat No-347/1, Plot No-45 Samrth Colony Nr-Manav Seva School, Pimprala, Jalgaon, Maharashtra	India
S1-355149053	2917 Madison Way Holdings	43 Rebecca Street, East Palestine, OH	US
S1-766922106	Fort Wayne, City Of	2727 Reed Street, Fort Wayne, IN	US
S1-238252150	Lee Fitness Inc	4024 Illinois Trail, Granbury, TX	US
S1-596672333	Altus Family Services	1004 Lee, Altus, OK	US
S1-249934276	Thor Traders Private Limited	35/7B Thakur Bari Sarani, Kolkata, North 24 Parganas, West Bengal	India
S1-691053860	Industries Adroit (india) Associates	A-1502, Dlh Darpan, Off Veera Desai Rd, Nr Aead Nagar Metro St, Andheri West, Mumbai, Mumbai City, Maharashtra	India
S1-712643346	Zimmerman Space	7010 Lucia Road, Unit 302, Charlotte, NC	US
S1-465424214	Brady Communications LLC	183 Fuller Street, Unit 8, Brookline, MA	US
S1-895403192	Midlothian Wildlife Trust	2761 Eagles Nest Court, Midlothian, TX	US
S1-843621199	Metropolitan Medical Center	3269 Lake Drive, Southlake, TX	US
S1-321974207	Endyne Inc.	4100 Lewisburg Highway, Pulaski, TN	US
S1-953131125	Kestrel LLC	82 Pine Street, Northampton, MA	US
S1-328801723	Elixir Marketing Private Limited	Karvir, Maharashtra, Kolhapur, Shop No.5, E Ward, Tarabai Park, Rs No.22/24	India
S1-428851622	Urgent Care Partners LLC	302 Inglewood Drive, Morganton, NC	US
S1-123136210	Powell & Smith Vulcan, LLC	1706 Sandra Terrace, Phoenix, AZ	US
S1-822039983	Roopva Furnishings Private Limited	H. No. C-421 S/F, Vikas Puri, New Delhi, Delhi	India
S1-617924552	Polaris Quasaredge LLC	22 Hunt Place, White Plains, NY	US
S1-937158945	N & S Northern P.C.	2144 Coffman Avenue, Casper, WY	US
S1-837602486	Adorne James Kogyo LLC	107 Oak Street, Cashmere, WA	US
S1-995259978	EX Fitness Holdings	2423 Victoria Street, South Bend, IN	US
S1-67862519	Secunderabad Funds Private Limited	Flat No.505, Pragathi Residency, 174 To 179 E.M.P, Street No 9, Nehrunagar Society, Mamidpalli, East Marredpally, Secunderabad, Hyderabad, Telangana	India
S1-290846782	Joyce Babic Engineering LLC	34210 Island Estate Drive, San Benito, TX	US
S1-235815613	D 3 Signature Carlyle Inc	7285 Downey Drive, Columbus, OH	US
S1-423028797	Black Vision Constructions Private Limited	1841, South West Delhi, Delhi, First Floor, Gali No. 10 Govindpuri Extn, New Delhi	India
S1-535635757	Csd Brothers Private Limited	Durlabhmani6-Diwanpara, Rajkot, Gujarat	India
S1-895289588	Technologies Beam Services	Flat No 7B Ii Pankaj Society Indiranagar, Nashik, Maharashtra	India
S1-249148389	Mumbai Marketing Private Limited	38/39 Ahemdabad Street, Iron Market, Mumbai, Mumbai City, Maharashtra	India
S1-103033473	91/52 Praetorian Partners	631 Seminole Lane, Wabash, IN	US
S1-194381855	Nexan Cal Inc	1315 6th Avenue, Unit APT 8, Winfield, KS	US
S1-34554590	Great Vijay Investment Private Limited	Sundaram Bldg, F2, Shiv Mandir Rd, Dombivli, Thane, Maharashtra	India
S1-523337170	Ace Fashion LLC	IA, 2776 Jackson Street, Dubuque	US
S1-491922890	Hoover & Escobedo LLC	6334 Juniper Drive, Wonder Lake, IL	US
S1-898667375	Vision Associates of Granby	1781 8, Granby, NY	US
S1-587407893	Arda's Fitness Inc	Unit 103, 47 Will Drive, Canton, MA	US
S1-12540663	Horizon Activate	1413 Hawks Nest Lane, Bedford County, VA	US
S1-734392054	Delhi Gajanan Private Limited	Spark Multi Level Car Parking, Kamla Nagar, Delhi, North Delhi, Delhi	India
S1-772536519	Real Foundation Private Limited	2/63 Gali No 2 Lalita Park, Laxmi Nagar, East Delhi, Delhi	India
S1-354794369	Dental Physicians of Mobile Inc.	2175 Schillinger Road, Unit 1207, Mobile, AL	US
S1-728260314	Eye Center Inc	358 Indiana Avenue, Spencer, IN	US
S1-347880814	Big Hypnosis!	9001 Telegraph Road, Fairfax County, VA	US
S1-134763903	Meis LLC	Meyers Lake, OH, 1705 Sinclair Drive	US
S1-465192149	Hari Solutions Private Limited	Innov8 Mantri Tower-A 5Th, Floor Devarabisanahalli, Bangalore South, Bangalore, Karnataka	India
S1-85403849	Star Beverage	6204 55th Street, Chicago, IL	US
S1-464572730	Dynamic Builders Private Limited	House No-5 Upper Ground Floor Blk-D Cc Colony Landmark Near Shani Mandir, New Delhi, South Delhi, Delhi	India
S1-621109348	Pioneer Jay Estate Limited	C-07, Sector-65, Noida, Dadri, Gautam Buddha Nagar, Uttar Pradesh	India
S1-829873282	Ohm Family Public Limited	414, Near Divine Hotel, Adarsh Nagar, Jaipur, Rajasthan	India
S1-496558917	Kristel Williamson Supply, LLC	225 Fox Horn Lane, Albemarle County, VA	US
S1-550705667	Bharat International Marketing Private Limited	11C/706 Sudamapuri, Agra, Uttar Pradesh	India
S1-570155044	Renata Constructions Private Limited	493/B G T Road (S), Flower Valley, Bl A/1 Ground Floor, Fl-2, Howrah, West Bengal	India
S1-291039304	Modern Marketing Private Limited	No.14/1, West Main Road, Doak Nagar Extension, Theni Main Road, Madurai, Tamil Nadu	India
S1-77966952	Balaji Exports	Flat No 103, Bldg No 8, Sector 54, 56, 58 Ph 1, Nri, Nerul, Navi Mumbai, Thane, Maharashtra	India
S1-622079334	Digital Supply Alliance Inc	3426 Gray Wolf Lane, Eagle Mountain, UT	US
S1-365224861	Atlas Security	545 Parker Avenue, Atlanta, GA	US
S1-221295642	Vaayuraj India Private Limited	Sanatan Co-Operative Colony, Sector 8, Bh Colony, Kankarbagh, Patna, Bihar	India
S1-478932898	Om Agro Private Limited	Flat No. 58, Gangotri Appts. Pocket-1, Sector-12, Dwarka, New Delhi, South West Delhi, Delhi	India
S1-314033835	Great Apex Realty Inc.	10763 Station Lane, Union, KY	US
S1-986783834	Astrea Industries	H No. 12-69, Flat No. 508, Vasista Enclave, Sanath Nagar Road, Opp: Autonagar Bus Dep, Ot, Kanuru, Vijayawada, Srikakulam, Andhra Pradesh	India
S1-838135680	Vam Hospital	Sf-206, Ambikaniketan Flat, Nr. Mangleshwar Temple, Vadodara, Gujarat	India
S1-182073175	Stalter Builders	406 Main Street, Fl 1, Victoria, IL	US
S1-197066661	Beard Learning Center LLC	506 Franklin Street, Unit 504, Cambridge, MA	US
S1-957619346	Green Marketing Pvt Ltd	Cp-28 1St Fioor, Block Cp, Dda Flats, Pitampura, Delhi, North West Delhi, Delhi	India
S1-252348713	Loren Sanchez Better Genesis LLC	541 D Street, Dixon, CA	US
S1-179509112	Tech Black Foundation Private Limited	No.23, 14 Th Cross Streetshastri Nagar Adyar, Chennai-20, Chennai, Tamil Nadu	India
S1-656934477	Olanify Hotel L.L.C.	Lindenhurst, 2213 Witchwood Lane, IL	US
S1-276236650	Rios Patriot Corporate Corp	W6312 39th Street, Town Of Clearfield, WI	US
S1-314289041	Jolyn's Farms	301 White Orchid Court, Wentzville, MO	US
S1-202723498	Vaayuya Eduhub LLP	#177, Puja Elite Apartment, 1St Main Road, Vittal Nagar, Bangalore, Karnataka	India
S1-405268933	Montex Hydro Inc	6678 72 Old Rt 36, Riverton, IL	US
S1-322141514	Mountain Environmental Services, Inc	240 Rosehall Drive, Unit UNIT 260, Lake Zurich, IL	US
S1-718548781	Custom Ace Thayer LLC	314 George Street, OH, Findlay	US
S1-972436626	Parks Multimarketing	Suite F27, Grand Hyatt Plaza, Santacruz (East), Mumbai, Mumbai City, Maharashtra	India
S1-829917844	WP Legato	1267 Walnut Trail Court, Fenton, MO	US
S1-95511100	Ace Herbal Pvt Ltd	Shop No. 2, Rudraksh Residency, Alibag, Raigarh(Mh), Maharashtra	India
S1-393880334	Shyam Super Exports Private Limited	C/O Beta Chatterjee, Bharatinagar, Chanchal, Malda, West Bengal	India
S1-828468794	H V & A Point Inc.	720 Grand Avenue, West Des Moines, IA	US
S1-782197479	Community Association	2515 Harts Lake Road, Roy, WA	US
S1-386540632	Ram Marketing Limited	A-1002, Shiv Darshan Chsl, Ahimsa Marg Off Chincholi Bunder Road Malad West, Mumbai, Mumbai City, Maharashtra	India
S1-136425210	Liberty Council	Unit E, 320 State Street, OH, Westerville	US
S1-415213349	Creative World	1745 W Fork Road, Cincinnati, OH	US
S1-738777096	Adara Peart Arcelormittal	8103 Indiana Avenue, Lubbock, TX	US
S1-659935316	Services Vibgyor Engineering Pvt. Ltd.	229/2, 3Rd Cross Ombr Layout, Chikka Banaswadi, Bangalore, Bangalore, Karnataka	India
S1-537635287	Bautista, Buel & Halcomb Japan Inc	707 Express Drive, Unit Apartment 433, Gillette, WY	US
S1-826127517	New Delhi Agri	A 5B A 5C/ 62B Janakpuri, New Delhi, South West Delhi, Delhi	India
S1-320422876	Navi Academy	House No.12-3-77 Rajendra Gunj, Raichur, Karnataka	India
S1-161383672	Bangalore Hospitality Private Limited	Fno 409, 4Th Flr, Tranquil Ambience Vignan Nagar Main Road, Bangalore, Karnataka	India
S1-920103423	Mahavir Builders Private Limited	Flat No. 3, 1St Floor, Yatharth Complex, Cantt Road, Lucknow, Uttar Pradesh	India
S1-988226004	Shivam Global Private Limited	Ka-99, Ghaziabad, Uttar Pradesh	India
S1-543376921	IZ Analytics LLC	50 Peachtree Street, Unit 301, Atlanta, GA	US
S1-680681398	Harihar Constructions Associates	584 Rajmata Farm, Jwala Nagar Rampur Up Ind, Rampur, Uttar Pradesh	India
S1-3494312	Central Business Technologies LLC	IN, 538 Newton Street, Goodland	US
S1-791136221	Amolak Technology of Gurgaon Private Limited	60/5, Ground Floor, Behind Sbi Bank Mehrauli Road, Gurgaon, Haryana	India
S1-997599055	Dynamic Deutsche Co	302 Lincoln Drive, Peters Township, PA	US
S1-868444404	Om Infotech Private Limited	Shop No.S-12 B, House No.1258, Goswami Bhawan, Khon Walon Ka Chowk, Gopal Ji Ka Rasta, Johar, I Bazar, Jaipur, Rajasthan	India
S1-632583337	Dynamic Sun Construction Pvt Ltd	C/O Ramanlal Chaudhary, Jhitkkahi, Block - Dhaka, Dhaka, East Champaran, Bihar	India
S1-940550814	National (India) Mining Private Limited	J-25, B. K. Dutt Colony Jor Bagh Road, New Delhi, South Delhi, Delhi	India
S1-377751048	Yamuendra Management Private Limited	Delhi, D-1081/1082, F/F Block-D, Pkt-3 Type-A, Dda Flats, Bindapur, Dwarka, New Delhi	India
S1-192849541	Search (india) Private Limited	Bihar, Patna, Dev Rani Kunj, Vill.- Chak Bairiya, Post - Bairiya, Gul, Zarbagh, Patna, C/O Sri Bhuneshwar Singh	India
S1-571126844	Navrangpura Precisions Limited	92 Sarovar Complex, Off C.G.Road Jain Derasar Road, Ahmedabad, Gujarat, 9Th Floor, Navrangpura	India
S1-107024510	Jones & Flores Inc	1 Pennsylvania Avenue, Unit A, Camp Hill Borough, PA	US
S1-646467664	Alpha Consultants	2/53B North Evenue Punabi Bagh, New Delhi, West Delhi, Delhi	India
S1-942526784	Cornett Delta Bynordic LLC	Denver, 6536 Persimmon Lane, NC	US
S1-781488368	Velmonet LP	85961 Edenvale Road, Unit Space 49, Pleasant Hill, OR	US
S1-835855233	Burgess Summit Bakery LLC	6535 28th Place, Berwyn, IL	US
S1-379660791	Supreme Chimera Inc	45-64 Francis Lewis Boulevard, Flushing, NY	US
S1-206623496	Unique Vidyalaya	Plot No. B-190 Kirti Nagar Tonk Road, Jaipur, Rajasthan	India
S1-917989060	Wright Doubleline Center	Raleigh, NC, Unit 119, 305 Oberlin Road	US
S1-93131423	Red Auto Body	6001 Sirl Way, Orangevale, CA	US
S1-176047130	West Warehousing Ltd	288-B, Dda Flats Pocket-Ii Mayur Vihar Phase-1, New Delhi, Delhi	India
S1-197135515	Smart Impex Private Limited	Bangalore, Karnataka, No 29 K H Road	India
S1-563284732	Cuda Velos LLC	69126 27, New Paris, IN	US
S1-320736978	Green Products Limited	7-1-78/1/A, Dr. Annadorai Choudary St, Dharam Karam Road, Ameerpet, Hyderabad, Telangana	India
S1-363719727	EOZ Public L.L.C.	1295 Rogue River Highway, Unit 2, Grants Pass, OR	US
S1-719698520	Chavez & Mcmenamy Stores, Inc	4810 Eastwood Drive, Kansas City, MO	US
S1-548112219	Harbor Guild	12223 Lupine Lane, Klamath Falls, OR	US
S1-169569209	Industries Teams Vincom Ltd	A-201, Block Ii, 1St Floor, Kssidc Complex, Electronic City Phase I, Bangalore South, Bangalore, Karnataka	India
S1-556647199	RFJ Technocrate Limited	Plot No.191/A Kharavela Nagar, Unit 3, Bhubaneswar, Khordha, Orissa	India
S1-905878678	Jmd Softwares	Gumti, Kanpur, 118/13 Kaushalpuri, Uttar Pradesh	India
S1-329500466	Jeevan Investment Private Limited	Bangalore, Karnataka, Andreroad, Jain Bhavan No. 18/1	India
S1-133195295	Electricians Union Local No 140	1513 Cou Falls Rd NW, Swisher, IA	US
S1-459793663	Prantech Foods Private Limited	52, Nalini Sett Road, Kolkata, Kolkata, Howrah, West Bengal	India
S1-5297780	American Priority	12627 Ward Road, Whitakers, NC	US
S1-556801644	Firefighters Local Union 126	Moyock, 1516 Caratoke Highway, NC	US
S1-684899598	Granite LLC	196495 4140 Road, Antlers, OK	US
S1-550566386	Latech Enterprise, LLC	2214 Laura Elizabeth Trail, Mansfield, TX	US
S1-110126057	Frontier Center	102 Carrigan Road, Unit Unit A-D, Elkins, AR	US
S1-984954511	Creative Air	560 Liberty Lane, Rock Island, TN	US
S1-728563370	Eastern Charter School Felton	432 High Street, Felton, DE	US
S1-750589346	Teg Agrotech Private Limited	235, Binnamangala, 2 Floor, 13Th Cross Road, 02 Stage, Bangalore North, Bangalore, Karnataka	India
S1-384434563	Lidiex Aspac	613 M L K Avenue, Mount Pleasant, TX	US
S1-311135946	Ninon Wertz Optimal Municipal	2226 Plateau Road, Crossville, TN	US
S1-614145359	Auro Fincon Private Limited	Sargam Society, Flat-7/A, Near Bharat Jyoti Bus Stop Bibvewadi, Pune, Maharashtra	India
S1-6197473	Heartland Fellowship Partners	7205 Ottawa Road, Albuquerque, NM	US
S1-556683818	Blue Software Limited	Rajendra Complex, Second Floor, 105 Govindappa Naicken Street, Tondiarpet Fort St George, Chennai, Tamil Nadu	India
S1-920057284	Life Indo Media Private Limited	Silver Spring, Phase-2, Business Park, By-Pass Road, Nayata Mudla, Indore, Plot No. C-04, Indore, Madhya Pradesh	India
S1-230814423	Straight Edge Hair Studio	515 Ferry Street, Unit A, WA, Tumwater	US
S1-927290314	Madelene Westberry Royal Equity	11725 Timberview Lane, Unit #407, Beaverton, OR	US
S1-149070691	Hiscock Total Target	811 Texas Street, Orange, TX	US
S1-153430358	Ss Constructions Private Limited	Mahavir Colony, Near Beej Bhandar, Hisar Road, Kherpur, Sirsa, Haryana	India
S1-716777571	Drayex Berto LLC	197 Riley Hill Road, Salem, NY	US
S1-62459539	Seven Infra Private Limited	Gr-Floor, Mahatma, Gandhi Road, Kolkata, South 24 Parganas, 232/18, Bishnupur - I, West Bengal	India
S1-913665090	Five Services Pvt Ltd	47/1, Saraswati Nilaya, 9Th Cross Ittumadu, Bhanshankari (Bsk) 3Rd Stage, Bangalore, Karnataka	India
S1-484360514	Noo Diamond Pan Corp	7249 Market Avenue, Canton, OH	US
S1-482451446	Miller Seas	118 Cooley Road, James City County, VA	US
S1-185504642	Terrijo Bell Sciences	932 134th Street, Tacoma, WA	US
S1-644365206	Ace Producer Private Limited	Plot No.33 'Prithviraj Shakti Colony, Dharwad, Dharwar, Karnataka	India
S1-739448238	Pioneer Royal Pizza Inc	226 Fairfield Drive, Islip, NY	US
S1-315066473	Scire, Craig and Trovato LLC	601 Samuel Lee Lane, Murfreesboro, TN	US
S1-240261033	Synmava LLC	1125 Auburn Lane, Buffalo Grove, IL	US
S1-61437279	Kemp & Owens Flag PC	616 1st Street, Crete, IL	US
S1-565813639	Rk Trading Private Limited	412, 4Th Floor, Pearls Omaxe, Netaji Subhash Place, Pitam Pura, Delhi, North Delhi, Delhi	India
S1-371096039	Sky It Limited	Swapnapurti Apartments, Apt 2, 35/1314C Prabhat Rd, Pune City, Pune, Maharashtra	India
S1-221941373	South Developers Private Limited	1 Mela Ram Market, 913/17 Chotta Chippiwara Chawri Bazar, Delhi	India
S1-726555686	Custom Analytics Collective	53 Oak Drive, Southampton, NY	US
S1-543400505	Tandi Hollis Home Inc.	76 Sorrento Street, Unit 6R, Springfield, MA	US
S1-790561150	Synva Renaissancere	15346 Turnpike Road, Swiss, WV	US
S1-652881092	Management Aps Organics Ltd	6-1-295, Varadaraja Nagar, K.T. Road, Tirupati, Chittoor, Andhra Pradesh	India
S1-347642226	Lia T. Sukhu, Ph.D., PC	4113 Hennessey Drive, Plainfield, IN	US
S1-620481679	Singh Traders Private Limited	Vill. Gadpur Teh, Tijara, Alwar, Tijara, Alwar, Rajasthan	India
S1-69654973	Brown Drive	472 Chapman Road, Erin, NY	US
S1-146146471	Satterly Telecom PC	2117 Keysville Frederick Road, Keymar, MD	US
S1-547304200	Vio Partners	91 Jackson Street, Bardwell, KY	US
S1-382284347	Hunter, Hobson & Desantis LLC	1441 Hager Way, Fort Wayne, IN	US
S1-629540133	Legacy Prairie Target LLC	3313 Tamarack Court, Unit APT 512, Evansville, IN	US
S1-877735254	Commission on Veterans Affairs	1803 Crestline Drive, Walla Walla, WA	US
S1-817828896	Ara Foundation Private Limited	B 75 Shiv Park Khanpur, Delhi, South Delhi, Delhi	India
S1-588929940	Gtech (India) Bhakti Private Limited	House No. 54 Bharpur Garden, Patiala, Punjab	India
S1-758875935	Roberts Municipal LLC	6837 Merrilee Lane, Dallas, TX	US
S1-380954134	Rebbecca's Consulting	5080 Rail Road, Harrison, AR	US
S1-536199569	Makwana Enterprises Private Limited	801 Sanket Heights, Sun Pharma Road, Akshar Chowk, Vadodara, Gujarat	India
S1-61448291	3964 Highland Drive Realty LP	74 Orange Street, MA, Chelsea	US
S1-914695907	Penet Supply P.C.	5092 Old Salisbury Road, Lexington, NC	US
S1-379839352	Titan Esports Inc	Weatherford, 108 Jolin Lane, TX	US
S1-346474787	Pune City Green Limited	1019/2 Shivaji Nagar, First Floor Block No 5, Pune City, Pune, Maharashtra	India
S1-696255939	Korphana Films Private Limited	Ward No. 6, Near Sai Mandir, Korphana, Chandrapur, Maharashtra	India
S1-987483861	GM Massage	TX, Dallas, 8618 Forest Green Drive	US
S1-141946517	Shiv Infra Private Limited	C/O Kapil Dev Singh R/O, H.No. 1, Lagari, Daudpatti, Sultanpur, Uttar Pradesh	India
S1-322563973	Dharma Retail Pvt. Ltd.	2Nd Floor, Klj Tower North, B-5, District Center, Netaji Subhash Place, Wazirpur, Delhi, North West, Delhi	India
S1-343853067	Washington Integrated Post LLC	4260 Brownsboro Road, Unit F18, Winston-salem, NC	US
S1-807868426	Ferrari American, Inc.	207 Grande Terrace, Wawarsing, NY	US
S1-195505402	Nice Biotech Private Limited	Lambi Ahir, Tehsil Buhana, Buhana, Jhujhunu, Rajasthan	India
S1-944315779	3-Star LLC	55 Northern Avenue, Unit 44, Boston, MA	US
S1-185768950	H/W Giant Inc	2543 Emerson Avenue, Minneapolis, MN	US
S1-129126799	Ujhani Resources Corp	Khasra No. 271, Ujhani, Uttar Pradesh, Badaun, Kudha Narsinghpur, Delhi Road	India
S1-715192679	Anvil Sprott LLC	8161 Old Sunridge Drive, NY, Manlius	US
S1-895599660	Prema Memorial Trust	Kadage Mala, Jaysingpur, Shirol, Kolhapur, Maharashtra	India
S1-735331656	Ferrial Biomedical, LLC	412 Hickory Drive, Bldg 2561, Marysville, OH	US
S1-918945098	Man Massage	86 Stepping Stone Lane, Waynesville, NC	US
S1-513576682	Silver Ice Cream! LP	63290 Powell Butte Highway, Unit Unit I8, Bend, OR	US
S1-243736208	Summit Fund	183 Camp Avenue, Newington, CT	US
S1-324717302	Gayle's Insurance	3514 Carter Hill Road, Montgomery, AL	US
S1-24013503	My Logistics Private Limited	Coimbatore Dist, Tamil Nadu, Coimbatore, Ks Building Sf No 56 1Shastri Nagar East Mariamman Koil St Tirupur	India
S1-716014444	Teamsters Local 978 LLC	1 Cranberry Lane, Jonesport, ME	US
S1-92258072	Diamond Export Co	No.4, Venkatesa Agraharam Road, Mylapore, Chennai, Tamil Nadu	India
S1-858014149	Classic Fitness LLC	1605 Trafalgar Road, Fort Worth, TX	US
S1-321671972	Safe Continental All Inc	NC, 1444 Rumstone Lane, Charlotte	US
S1-822722896	Rsj Coating Limited	8/186/1, Madhura Nagar Raidhurgam Police Station, Backside Gachibowli, Seri Lingampally, K.V.Rangareddy, Telangana	India
S1-667067124	Prime Business Pvt Ltd	C/O Sheo Bhagan Singh, Bahadurpur Rajendra Nagar, Patna, Bihar	India
S1-282593912	Ridge Program	423 Shoreline Drive, Sunset Beach, NC	US
S1-194122608	Lindale Rice	15459 Anna Lane, Lindale, TX	US
S1-848873611	Internal Medicine Associates	335 Donald K Outlaw Road, Seven Springs, NC	US
S1-996859729	Simran Placement Pvt. Ltd.	New No.12 South Mada Street Srinagar Colony, Saidapet, Chennai, Tamil Nadu	India
S1-417086237	Kissiah Pike Pattana	55 Hidden Valley Drive, Newark, DE	US
S1-942632967	Hitech Properties Private Limited	R No 95 A, Cs No 515 A/1, New Vasahat, A/P Vadgaon, Hatkanagale, Kolhapur, Maharashtra	India
S1-715735839	Roberts Better Investment Inc	Albuquerque, 7121 Wyoming Boulevard, NM	US
S1-261966150	Human Rights Council II LLC	North Bloomfield, 7434 Fenton Road, OH	US
S1-765435550	GDC County Private Limited	14B, 2Nd Floor, Mahendra Roy Lane, A. C Lane, Kolkata, Howrah, West Bengal	India
S1-584512418	BO Computors Private Limited	Plot No.-29 G/F Hathi Khana Bahadurgarh Road Delhi, Delhi, Central Delhi, Delhi	India
S1-504755814	Orthopedic Center P.C.	725 2nd Street, Unit 219, Columbus, IN	US
S1-777035459	Cobalt	191 Arrowhead Loop, Pittsboro, NC	US
S1-277542205	Black Infra Private Limited	B-29 Vishwas Park Uttam Nagar, Delhi, West Delhi, Delhi	India
S1-539862543	Buxbaum's Creative Grading	221 10th Street, Cedar Falls, IA	US
S1-24219331	Bedore Silver Managed	1944 Ambrose Road, Creswell, NC	US
S1-726923026	Silver Foundation Private Limited	Malappuram, Trichur, Kerala, Malapuram, Door No Iii/4Kattoor Kattoor P O	India
S1-192054564	Bold Group of Companies	Sb-173, 2Nd Floor, Highland Corporate Centre, Majiwada, Thane, Maharashtra	India
S1-85250178	Choice Supply Works LLC	2204 Rood Street, Toledo, OH	US
S1-476584754	Nataraj Management Private Limited	Latur, Maharashtra, New Gandhi Market, Near Balchandra Blood Bank, Latur, 111/158	India
S1-588124618	Sir Marking Private Limited	07-B, Soham Avenue, Nr. Arvondo Society, Opp. Vastrapur Lake, Vastrapur Gam, Ahmadabad City, Ahmedabad, Gujarat	India
S1-380065318	C 3 T Seneca	1011 Kennebec Street, Unit 1C, Oxon Hill, MD	US
S1-450921781	Hindavi Consultancy Group	Tamil Nadu, Madipakkam, Chennai, Plot No 70 Flat No 1C Annora 1 1St Main Road Lic Nagar Madipakkam South	India
S1-587583230	Shree Finance Pvt Ltd	Nowrozabad, Naika Dafai, Umaria, Anuppur, Madhya Pradesh, Anuppur, Ward No. 9	India
S1-505090380	Janeczka Hazelton Crest LLC	3319 Orchard Road, Ashtabula, OH	US
S1-475634015	1374 Highland Lane Company	MD, 163 Harpers Way, Frederick	US
S1-873739867	Pizzo Global Payment	KS, 2717 7th Street, Garden City	US
S1-109102034	Price, Meeks and Moore LLC	10570 Iron Ore Road, Conroe, TX	US
S1-150291938	Tovue Franklin	Unit 1, MA, Beverly, 39 Central Street	US
S1-791289901	Bhiwadi Entertainment Private Limited	G-276 Industrial Area, Bhiwadi, Alwar, Rajasthan	India
S1-147785284	Labdhi Services Pvt. Ltd.	Office No-1, Weding Souk Mall Lsc Sharda Niketan Pitampura, Delhi, North West, Delhi	India
S1-420509341	Grand Realty Worldwide Inc	107 Overland Drive, Sidney, OH	US
S1-131471445	Primary Care Group	7320 Forsythia Lane, Northfield, OH	US
S1-391659390	Cardiology Federal Physicians	2014 Rouse Avenue, Bozeman, MT	US
S1-622417103	Shaw Armour PLLC	3226 Ranch Road, Bldg COLUMBUS 1-36-25CXHW, Carter County, OK	US
S1-853793208	Patriot Quantum LLC	9214 39th Street, Tulsa, OK	US
S1-473904674	Watson Cannabis LLC	200 Billy Joe Fox Drive, Burnet, TX	US
S1-229230757	Raaj Cashew Private Limited	C9/11, Krishna Nagar, Shahdara, Delhi	India
S1-536818464	Good Power Private Limited	Plot No - E 6, General Block Opp National Aids Research Institute Midc Bh, Osari, Pune, Maharashtra	India
S1-420821367	Career Friendly Limited	Raniaishwarya Niketana Teachers Colony, Maddur, Mandya, No 118, Karnataka	India
S1-844448245	Kamer Gravity	9501 Morris Drive, Harrison, OH	US
S1-228649927	Thrissur Knock Pvt Ltd	Kerala, Door No: 15/409 C, Thrissur, Kidangan Building Nayarangadi, Kallur	India
S1-247671675	Expat Brothers Private Limited	Byepass Road, Madurai North, Tamil Nadu, 18 Dsp Nagar 5Th Street, Madurai	India
S1-560113611	Allied Communications Clinic	1174 Southridge Court, Auburn, AL	US
S1-911335307	Classic Custom Forefront, Inc	Cook, MN, 13073 Snake Trail	US
S1-729115140	Friedman Saratoga Group	611 Center Avenue, Oakley, KS	US
S1-906057289	Bhartia (India) India Limited	5, Onyx Building, Beside Reliance Fresh, H.L. Commerce College Road, Navrangpura, Ahmedabad, Gujarat	India
S1-870555768	Montez Harbor Bridge Corp	10852 Avenue B, Chicago, IL	US
S1-539079843	India Vms Castle Private Limited	K-21 Raptinagar, Phase-Iv, Gorakhpur, Uttar Pradesh	India
S1-995666196	Family Clinic	408 Pike Street, Cynthiana, KY	US
S1-386396486	Negrete's Salon	1010 Appaloosa Lane, TX, Rosharon	US
S1-609126004	Radhey & Partners	Street No9, Dharaninagar, Allwyncolony, Hyderabad, Tirumalagiri, Telangana, 4-32-1241/2/71	India
S1-998321792	Aura Brothers Private Limited	5/2, Old Palasia, Navneet Plaza Flat No. 401, Indore, Madhya Pradesh	India
S1-724975627	Harris Vance Inc	VA, Fairfax County, 3303 Memorial Street	US
S1-194815220	Srinithi Create (India) Private Limited	No.543, 13Th Main 23Rd Cross, Sector-7 Hsr Layout, Bangalore, Karnataka	India
S1-285688116	Abhay Engineers Private Limited	Ahmadabad City, Gujarat, 605, Hetdiv Square, Opp Astral House, Behind Hotel Marriott, Sindhu Bhavan Road, Ahmedabad	India
S1-185027644	Kolkata Plant Ltd	Shree Ganesh Business Centreroom 4A 4Th Floor 216 A J C Bose Road, Kolkata, Calcutta, West Bengal	India
S1-454257192	Red Pilates	32 One Main Place, Fort Worth, TX	US
S1-922248186	Perez, Raychel, MD	1629 Northfield Road, Goldstream, AK	US
S1-543468098	Halcyon	29513 Sylvan Drive, Willowick, OH	US
S1-631397769	Jaipur Consultants	3-6-665/3 Street No-10, Himayath Nagar, Hyderabad, Telangana	India
S1-630425802	Dynamic Ram Technologies Private Limited	5 Plot No. D 36 Cts N G 41 Of Village Bandra 15Th Road, Extn Santacruz (West), Mumbai, Mumbai City, Maharashtra	India
S1-697032184	Sun Construction Limited	Panch-Amnour Harnarayan, Vill Bishunpur Tola-Vishupura, Dist Saran, Block Amnour, Saran, Bihar	India
S1-485715467	Rapid Cloud Solutions LLC	2293 Hollydale Avenue, Baton Rouge City, Bldg BLDG 1, LA	US
S1-729191567	Akola Energy Private Limited	8, Ground Floor, Supariwala Estate Roxy Cinema Opera House, Girgaon, Mumbai, Mumbai City, Maharashtra	India
S1-475505880	Oasis & Brothers	336 F Tughlakabad Village, New Delhi, South Delhi, Delhi	India
S1-997654566	EC Carriers Ltd	5/3402-B15(2), Hibon Plaza, Kalathinkunnu, Kozhikode, Kerala	India
S1-451305449	Interstate Better Rare Care	6337 Caveson Court, NC, Fayetteville	US
S1-24811684	Lampe Rate LLC	13217 Peacock Lane, Charlotte, NC	US
S1-763007811	Best Logistics Holdings	1511 Poplar Street, Amarillo, TX	US
S1-389664116	Best Traders Private Limited	Telangana, 10-3-32/9/66 Flat No 2A Suprani Apartments, East Marredpally, Secunderabad, Hyderabad	India
S1-802358741	Supreme Technology Private Limited	1St Floor Usha Arcade ( Sisodia Palace) East Boring Canal Road, P.S Kotwali, Patna, Bihar	India
S1-445528295	City Foundation Private Limited	F No-202 S2 Kalyan, Plaza Rukminipuri, Secunderabad, Hyderabad, Telangana	India
S1-149150681	Red Seven Infra LLP	Dr Amichand Shah Wadi Rampuratunki 3, Surat, Gujarat	India
S1-449501299	Harbor Association	Loveland, 1240 Weber Road, OH	US
S1-200756868	Klar Origin	Village Of Menomonee Falls, N49W18221 Sandhill Court, WI	US
S1-771536770	Parvathi Complex Pvt Ltd	Uttar Pradesh, Ghaziabad, Flat No. L-1903, Ghaziabad, Jasmine Grove, Nh-24, Mahrauli	India
S1-761315445	Liberty Family Practice	1875 Ankeny Boulevard, Unit Suite 105, Ankeny, IA	US
S1-324266483	Ambriz, Bell & Bufford Development Inc.	1695 Southport Supply Road, Bolivia, NC	US
S1-605782228	Andrews and Green Inc.	8300 Aqueduct Road, Potomac, MD	US
S1-580225009	Oasis Exports Pvt Ltd	Office No. 09, B Wing, 3Rd, Floor, Aditya Centingra, Pune City, Pune, Maharashtra	India
S1-30836180	Dynamic Industrial Innovations LLC	833 Evergreen Drive, Fulton, MO	US
S1-360062185	Value Aerospace Technologies LLC	9011 Linda Maria Court, Fairfax County, VA	US
S1-26555277	Crestline Starling	1003 Curran Street, Des Arc, AR	US
S1-896496645	Niphad Property Private Limited	C/O Rituja Shrikant Deore, Nashik, Laxmi Market Shejari, Maharashtra, Niphad	India
S1-579893664	Heritage Energy Networks LLC	113 Central Avenue, Ashland, KY	US
S1-237460385	Delhi Steel Limited	Central Delhi, Near Bank Of Baroda, Delhi, Delhi, F-610-A Khajoori Khas	India
S1-872306691	Leroa Corporation	AL, Albertville, 1103 479, Unit Lot 2B	US
S1-590445981	Gold (India) Raj Private Limited	No. 102, 1St Floor, Regent Manor Apt, No. 51/52, Horamavu Main Road, Bangalore, Karnataka	India
S1-430766861	NNK Resort Pvt Ltd	Indore, Madhya Pradesh, 122, Shagun Tower, Scheme No. 54, Pu-4	India
S1-232791167	Jaipur Ventures Pvt Ltd	8, Shiv Shakti Nagar A Modal Town Jagatpura, Jaipur, Rajasthan	India
S1-94519888	Urology United Care Associates	231 Cr 133, Alice, TX	US
S1-894461083	Aasha Food Pvt Ltd	D-803, Reflaction, Nr Balaji Wind Park, Kalol, Gandhi Nagar, Gujarat	India
S1-121387971	Accurate Brothers Private Limited	No 81 2Nd Floor Gokhale Street Ram Nagar, Tamil Nadu, Coimbatore	India
S1-701355957	Family Total Specialists	11942 G 848, Tyler, TX	US
S1-923442666	Apex Iheartmedia LLC	7 Bourne Street, Unit RIGHT, Clinton, MA	US
S1-969449415	Simmons, Davis and Ordway LLC	4508 Water Street, Tucson, AZ	US
S1-240136484	Aditya Developers Private Limited	Flat No 601/1 Gh 08 Sector, Gugram, Haryana, Gurgaon, Haryana	India
S1-194353598	Southern Energy LLP	215/1 Periyar Nagar Periyanagalur, Ariyalur, Chennai, Tamil Nadu	India
S1-622379627	Blackwell, Mann and Rodrigues LLC	29318 Pine Drive, Cedar Glen, CA	US
S1-550921969	Gol Trust	7Th Floor, Indian Globe Chamber 142 W H Marg, Fort, Mumbai, Mumbai City, Maharashtra	India
S1-140104372	ENP Manufacturing, Inc.	137 Parkwood Drive, Dayton, OH	US
S1-215793917	Korth Federal Holdings	6747 49th Court, Fl 1, Olympia, WA	US
S1-335454672	Starzone Law Chambers	No213, Linghi Chetty Streetfirst Floor Madras 1, First Floor Madras 1, Chennai, Tamil Nadu	India
S1-464477731	Rivera Grupo LLC	5548 Landings Crest, Virginia Beach City, VA	US
S1-586702467	Pediatric Dental Physicians LLC	4836 Kildare Avenue, Chicago, IL	US
S1-75689517	Duncan Seafood LLC	1230 Tulip Lane, Munster, IN	US
S1-322861353	Galaxy Software Private Limited	E-12 Midc, Kupwad Block, Miraj, Sangli, Maharashtra	India
S1-763073542	Community Fund	3755 Highgate Court, Indianapolis, IN	US
S1-233555153	Mendez Diagnostics	Unit Lot 316, Des Moines, IA, 802 County Line Road	US
S1-514358732	Ravianth Infraestate Pvt. Ltd.	D-773, Second Floor Chittaranjan Park, New Delhi, South Delhi, Delhi	India
S1-581568739	DK Infraservices Limited	Fl-403, Deendayal Nagar, Gwalior, Madhya Pradesh	India
S1-450928439	Mount Cathedral PC	Fitchburg, MA, 279 Daniels Street, Unit 702	US
S1-285085111	1602 Broadway Drive Properties LLC	306 Evans Street, Unit REAR, Uniontown City, PA	US
S1-738924261	JW John LLC	99 Warren Avenue, Plymouth, MA	US
S1-5130146	T 8 C Worldwide	4625 Sherwood Mills Road, Owings Mills, MD	US
S1-212785313	Kira Kase Green Shipping Inc	24094 Huntington Drive, Buckeye, AZ	US
S1-448134175	Lowry's Consulting	TN, Paris, 570 Hobby Road	US
S1-764102060	Baron Ship Private Limited	No.1098/1, Bangalore, Karnataka, 2Nd Floor, Sri.Shamanna Complex, 1St A Cross, 2Nd Main, New Thippasandra, Bangalore	India
S1-435352540	Krishna Commercial Private Limited	D. No. 8-2-686/D/B/10, Ground Floor, Road No. 12, Banjara Hills, Hyderabad, Telangana	India
S1-947473273	Hyderabad Palace Limited	Unit C1, Second Floor, Plot No.106 Road No.72, Prashashan Nagar, Jubilee Hi, Lls, Hyderabad, Telangana	India
S1-411405620	Family Physicians Inc	575 Lexington Drive, Vidor, TX	US
S1-685520356	Horizon Investment Digital Inc	Rockford, IL, 1834 National Avenue	US
S1-269046235	Keystone Quest LLC	2717 Whitney Avenue, Baltimore, MD	US
S1-74767959	Landmark Hotels Limited	H.No, 1002, Sonepat, Haryana	India
S1-315912926	Slate Rithm LLC	TN, 6605 Clearbrook Drive, Nashville	US
S1-54895921	Empire Pediatrics Inc	6538 Wilmouth Run Road, Halls Crossroads, TN	US
S1-411681722	Triplett & Burris	305 Val Vista Drive, Unit 36, Mesa, AZ	US
S1-263947537	Literacy Ministries LLC	Wichita, KS, Unit APT 3, 234 Acadia Avenue	US
S1-283815353	Nissie Cruz Bancshares Inc	2003 Lilac Terrace, Arlington Heights, IL	US
S1-75143037	Technologies Sanjeevani Atelier Corporation	No:412-A, N T. Complex Mundaganadar Street, Opp To State Bank C, Olony, Sivakasi, Virudhunagar, Tamil Nadu	India
S1-689929561	Abra Estate Private Limited	Building No. 260/G, Pullipadil, Mla Road, Ernakulam, Kerala	India
S1-647505633	Arihant Foundation Private Limited	C/O Kamaroon, W No-.3, Hasarat Mohani Nagar Saidraja, Chandauli, Uttar Pradesh	India
S1-943358252	1149 Washington Boulevard Owners Corp P.C.	207 Penstemon Avenue, Sioux Falls, SD	US
S1-708260123	Cason & Lim Uranium	1559 Stonehouse Road, Rainelle, WV	US
S1-374652514	Bombay Technology LLP	Bangi Road, Raman Mandi, T Sabo, Bathinda, Punjab	India
S1-509858658	Supreme Wholesale Collective Corp	NC, Knightdale, 8308 Poole Road	US
S1-12853811	Prince William County Value Associated	2451 Potomac Shores Parkway, VA, Prince William County	US
S1-549332041	Gross Custom Altisource LLC	209 Humboldt Street, Bingen, WA	US
S1-232539462	Lincoln, Lang & Scott	625 Centennial Parkway, Unit 303, Raleigh, NC	US
S1-341246981	Kolabira Design LLP	C/O S. K. Purohit, Green Valley, Near Kb Clg, Kolabira, Jharsuguda, Orissa	India
S1-761572592	Children's Society	7046 Southern Boulevard, Youngstown, OH	US
S1-253478429	X+ Portfolio Corp	Ocean Isle Beach, 131 First Street, NC	US
S1-603535988	Navi Mumbai Home Private Limited	Shop No.6, Sai Sangh Chs Ltd, Plot No.3/13/2 Sector - 28, Phase Ii, Nerul, Navi Mumbai, Bandra Suburban, Maharashtra	India
S1-947497701	Gvm Sangh	Shop No.7 Shanti Nagar, Opp Gangotri Jn Rd, Jetpur, Rajkot, Gujarat	India
S1-784359820	Sparkle Services Limited	Sno.167/1/2 Sukh Samrudhi Hsg.Soc. Pimpri Office-01, Pune, Maharashtra	India
S1-664308929	Gilberta's Federal Ice Cream	3510 Cranston Avenue, Wilmington, DE	US
S1-132718779	Premier Secure Summit LLC	160 State Street, Village Of Hixton, WI	US
S1-797304021	Kestiq Gores	10021 Us 40 Highway, Unit 39, Independence, MO	US
S1-205498125	Godfrey, Li & Cook Inc	145-03 Rockaway Boulevard, Jamaica, NY	US
S1-449697731	Pioneer Construction Private Limited	A K Singh, Madapatna Haragadde, Bangalore, Karnataka	India
S1-842780225	Sales Montessori School	New Caney, TX, 23751 Via Maria Drive	US
S1-681232765	Electronic Nutrition Brands	4300 Tortilla Flat, Austin, TX	US
S1-131694461	Trisun Chits Private Limited	H.No 8-2-293/82/A/793/A, Road No.37, Jubilee Hills, Hyderabad, Telangana	India
S1-879204764	Blue Sunrise	411 New York Avenue, Toledo, OH	US
S1-304220080	Raj Indo Properties Pvt Ltd	L 7 49, Brindavan Colony, Tilak Nagar Ii, Chembur, Beh Shopers Stop, Mumbai, Maharashtra, Mumbai City	India
S1-41567316	Hush Construction Private Limited	H. No -103, 13Th Cross, 32Nd Main Road, Dollers Scheme Colony, Old Madivala, Near Sandhya Theatre, Bangalore, Karnataka	India
S1-104671676	Mgf India Private Limited	Bansai Colony Kanaipur Near Bansai Bazar, Hooghly, West Bengal	India
S1-957397981	Sherry Quantumsphere PLLC	505 Williams Street, Unit 1, County, WY	US
S1-181918479	IG Apple Private Limited	210, 1St Floor, Phool Singh Market, Main Vikas Marg, Karkardoma, Delhi, East Delhi, Delhi	India
S1-374408447	27 2 Spartacus PLLC	1885 Avenue Of The Cities, Moline, IL	US
S1-872946252	Maa Construction Private Limited	205, Acharya Commercial & Shopping Centre, Co-Opeerative Society Ltd., Mumbai, Maharashtra	India
S1-31277657	Ridge Academy	1604 River Fork Place, Chesterfield County, VA	US
S1-51752056	Great Estate Private Limited	65, Sharnam County, Gala Gymkhana Road, South Bopal, Ahmedabad, Gujarat	India
S1-344089520	Coated & Associates	Hyderabad, Ews 69, Hyderabad, Kushaiguda, Apiic Colony, Ecil, Telangana	India
S1-676490179	Bharat Contractorsprivate Private Limited	57-58, Vrajraj Co.Op Housing Society, Chitvan Road Near Sushobhan Park, Bopal, Ahmedabad, Gujarat	India
S1-646570575	1343 Jefferson Street Realty LLC	825 Midwood Drive, City Of Burlington, WI	US
S1-485292199	Balotech	219 Village Circle, Santa Cruz, CA	US
S1-721151811	Hodges, Tait & Antoine Chesapeake, Inc	35796 Forerunner Street, Kenai Peninsula Borough, AK	US
S1-334306985	Commercial Environmental Consultants LLC	Charlotte, NC, 2120 Dunavant Street, Unit 453	US
S1-377072791	Glyphus For Inc.	7 Wilson Street, Billerica, MA	US
S1-846596423	Jsk Advisors Pvt Ltd	Sou Sharda Bhujangrao Bhusari, H No 101, Khandala Road, Chikhli, Buldhana, Maharashtra	India
S1-796072379	Diis LLC	IN, Hartford City, 1305 Water	US
S1-784633886	Vaayuraj India Limited	C 117, Maharani Enclave Uttam Nagar, Delhi, West Delhi, Delhi	India
S1-892198452	Varanasi Shoot Private Limited	Ck - 65/35 Bari Piyari Meenu Katra, Varanasi, Uttar Pradesh	India
S1-890494937	Choice Networks LLC	N5811 Twelve Corners Road, Town Of Black Creek, WI	US
S1-546000959	Mahesh Media LLP	Urban Vault Indiranagar 732, 2Nd Floor, Chinmaya Mission Hospital Road, Indiranagar 1St Stage, Bangalore North, Bangalore, Karnataka	India
S1-443156790	Marketing Pranita Electric Pvt Ltd	C-3/253, First Floor, Kh. No. 64/20/19 Gali No. 16, Nangli Vihar Extension, Delhi, West Delhi	India
S1-240403742	145 Ocean Lane Owners Corp Inc	443 Johns Avenue, Cecil Township, PA	US
S1-85018503	Cole Trusted Micro	2201 Comanche Drive, Unit 2027, Chandler, AZ	US
S1-576583420	Legacy Stonebridge Inc	962 5th Street, Manilla, IA	US
S1-960340606	Arctic Polytechnic Private Limited	203, Mangesh Prasad, Datta Mandir Road, Vakola, Santacruz (East)., Mumbai, Mumbai City, Maharashtra	India
S1-875865559	TB Technology Private Limited	No.1, Chotajan Street, Chitlapakkam, Chennai, Tamil Nadu	India
S1-337946117	Jaguar Entertainment Private Limited	Bharat Nagar, N A D Kotha Road, Andhra Pradesh, Door No:58-18-15/5, Vishakhapatnam, Visakhapatnam	India
S1-585231542	Reid Academy P.C.	673 Huckleberry Drive, Lavon, TX	US
S1-125153812	Sd & Partners	Mpl - 8294 First Floor, Plot No. 32, Block No. 56, Park Area, New Delhi, Central Delhi, Delhi	India
S1-603500828	Orozco, Russ & Hall LLC	9803 Sweet Basil Drive, Wake Forest, NC	US
S1-990713855	Al Products Private Limited	46 1St Cross Road, Brindavana Nagara Phase 2, Bangalore North, Bangalore, Karnataka	India
S1-867215508	Premier Producer Private Limited	Tc-04/490(1), New Tc-4/576, Settilmentcolony, Pullukad, Thiruvananthapuram, Thiruvananthapuram, Trivandrum, Kerala	India
S1-876865481	Tech Construction Private Limited	H.No 199-A, Ground Floor Pocket-M, Janta Flats, Sarita Vihar, New Delhi, South Delhi, Delhi	India
S1-613247103	Grand World LLC	138 Haley Street, Watertown, NY	US
S1-353953535	Hinjili Research Private Limited	C/O-Kunu Swain, Thruburei, Burupada, Hinjili, Ganjam, Orissa	India
S1-96858618	Dynamic Logistics Ventures	5835 Seagull Drive, Bonanza, OR	US
S1-90019447	Aditya Consultants Pvt Ltd	13, Aravali Hills, Jagatpura, Jaipur, Rajasthan	India
S1-81671639	Msd Hospital Limited	Plot No.42, Sy.No.16, Gandhamguda, Rajendra Nagar, Hyderabad, Telangana	India
S1-89187693	Scholarship Ministries	2204 Mountain View Drive, Vestavia Hills, AL	US
S1-689765721	Farica Smith, D.C.	230 Tackle Box Drive, Troutman, NC	US
S1-665818137	W+ Wave LLC	10480 Hummers Crest, Lolo, MT	US
S1-472490896	Indiana Cold Private Limited	Telangana, Tirumalagiri, Flat No 203, Padmanagarph2, Sri Venkateswararesidency, Hyderabad	India
S1-342517783	FY Ellington LLC	987 Bailey Switch Road, Tazewell County, VA	US
S1-661906728	Back Alley Diner LLC	3803 Townehouse Drive, Brookhaven, NY	US
S1-287423232	Bhuvi Welfare Society	Jublee Hills, Road No. 51, Journalist Colony, Pranay Nivas Apartment, Hyderabad, Telangana	India
S1-812640321	Shiv Industries LLP	39/237 Lakshmi, Thiruvangad (Po), Thalassery, Kannur, Kerala	India
S1-332945003	Life Services Private Limited	8/8, Manik Bhawan, 2Nd Floor, Freeganj, Ujjain, Madhya Pradesh	India
S1-743012596	Vintex Travels Private Limited	Basement Floor And Ground Floor A Part Of Property Bearing No.B-293 Sector-7, Dwarka, New Delhi, South West Delhi, Delhi	India
S1-17506693	Coastal Association	14 Audry Lane, VT, Westford	US
S1-9151273	Conforti & Gallegos	1616 Main Street, Hartford, CT	US
S1-207114608	Merrily's Dynamic Group	14830 Bridge Creek Drive, Chesterfield County, VA	US
S1-739357233	Lumance Liquor LLC	4424 43rd Avenue, Minneapolis, MN	US
S1-403358116	Engineering Transact Planners Pvt. Ltd.	Pune, Flat No. 6, Maharashtra, Shri Sadguru Heights, Survey No.78/2, Varanasi Society, Warje, Pune	India
S1-728737455	Lakhotia Financial Ltd	Sr No.186, H. No. 398 At Post Nandoshi, Pune, Maharashtra	India
S1-776416489	NXJ India Ltd	Nl-6, Bldg. No. 3, Room, No. 12, Sector 9, Nerul E, Thane, Maharashtra	India
S1-718377081	Shyam Business LLP	Sr. No. 39/8/12 Ghavane Hospital Gujar Nagar Wakad, Pune, Maharashtra	India
S1-752799363	Big Properties Private Limited	A-85 Rose Appartment Block -3, Kh-No-152 Flat No. G-3 Paryavaran Complex, New Delhi, Delhi	India
S1-269798028	Shamli Services Private Limited	Darjeeling, West Bengal, C/O Rajender Jain, Siliguri, First By Lane Rishi Aurobinda Road, Near Gramin Bank	India
S1-262477722	Southern Team Pvt Ltd	C/O Urmila Singh, Plot No. C/27, Armstrong Avenue, Sec 2A, Bidhannagar, Durgapur, Bardhaman, West Bengal	India
S1-952066266	Fortune Constructions Pvt Ltd	49 P D Mello Rd403 Vyapar Bhavan, Mumbai, Maharashtra	India
S1-529691318	Obsidian Inc	52 Broad Street, Unit Apartment A, Plattsburgh, NY	US
S1-480389616	Scintillating Training LLP	Mumbai, Maharashtra, 7 C D Barfiwala Road, Andheri West, Near Signal, Mumbai	India
S1-337744864	Ear Nose & Throat Associates Co	23224 Fain Road, Elkmont, AL	US
S1-599735889	Tirupati Consultants Private Limited	Kozhikode, Kerala, Kozhikode, Building No 65-2535/B3 1St Floor, Apb Arcade Opposite Nadakkavu Ghss	India
S1-152136753	Alwin Investment Ltd	37 Thirukumaran Nagar Singanallur, Coimbatore, Tamil Nadu	India
S1-263419928	Raju Labs Private Limited	Telangana, Aashreya Apt, Shaam Karan Road, Ameerpet, Secunderabad, 7-1-34, Hyderabad	India
S1-250277327	Mountain Piedmont Foods	Hempstead, NY, 31 Collector Lane	US
S1-446850152	Mirella Coulter, D.C. Inc.	492 Woodpecker Drive, Brinnon, WA	US
S1-723023899	Pazos and Delk Osprey, L.L.C.	OH, 2778 Sweetbriar Court, Toledo	US
S1-185512689	1 800 Got Junk LLC	1091 Boling Ranch Road, Azle, TX	US
S1-586108104	Summit Liberty Works LLC	483 Dunham Hill Road, Chenango, NY	US
S1-169853138	Lucknow Builders Pvt Ltd	25 Buddh Vihar Colony, Kotwali Road, Chinhat, Lucknow, Uttar Pradesh	India
S1-354366895	Smart Shakti Management	305-E, Swati Appt-Ii, B/H Maruti Arcade, 132 Fe, Ahmadabad City, Ahmedabad, Gujarat	India
S1-743643212	IXJ Project Pvt Ltd	G 1 Nakul Chs Dixit Road, E Nr Parle College Road, Mumbai, Maharashtra	India
S1-938046851	Concept City Limited	102/A, Vaibhav Apartment L.J.Road Bhandargully, Opposite Lokmanya Vidya Mandir, Mumbai, Maharashtra	India
S1-8897446	International Services Limited	No.1136/1, 3Rd C Main, Road, 2Nd Phase, Bangalore South, Bangalore, Karnataka	India
S1-448048483	Housing Project Inc	3233 Vonderheide Drive, MN, Alexandria	US
S1-808014624	Ambadi & Sons Private Limited	501, 5Th Floor, Sai Commercial Building Bks Devashi Marg, Govandi (E), Mumbai, Mumbai City, Maharashtra	India
S1-882942921	Mutual Payroll Worldwide	1850 Angelic View, Unit 307, Stratmoor, CO	US
S1-820106969	Anchor First Silver	Cynthiana, KY, 200 Shimfessel Court	US
S1-763905190	Hatfield Custom Premier	496 245, Springville, UT	US
S1-997205141	First Electronics Global Inc	IN, Warsaw, 5762 2nd Street	US
S1-655264958	Kittle Alliance	1429 Glancey Street, Andover, KS	US
S1-445176495	V+ Suma, LLC	22 Harrington Avenue, Lexington, NC	US
S1-980779855	Kukatpally Aquaculture Private Limited	# 602 Sri Balaji Enclave, Kukatpally, Hyderabad, Telangana	India
S1-607687806	Uptown Cafe!	9412 Doral Ct, Unit 12, Louisville, KY	US
S1-292580842	Travels Plantations Private Limited	C/O Kaloo Singh, Water Works Colony Sikandra Road, Bandikui, Dist Dausa, Bandikui, Jaipur, Rajasthan	India
S1-413792279	South Foundation Private Limited	Phase 3B2, Mohali, Sas Nagar, Rupnagar, Punjab, S.A.S.Nagar (Mohali), House No. 1798	India
S1-344656624	Grand Owl LLC	3508 Highway 31, Bethpage, TN	US
S1-556216872	Osprey Oxford	1 Cypress Street, Unit Apartment 1, Mechanicville, NY	US
S1-458901861	Bush Family Practice	622 1st Avenue, Martin City, MT	US
S1-842297841	Movva International School	Flat No. 209 Ii Floor, Homtech Homes, Hosiyarpur, Noida, Gautam Buddha Nagar, Uttar Pradesh	India
S1-664665128	Longshoremen Local Union 340 Inc	6741 Positano Way, Tucson, AZ	US
S1-840868508	1708 First Court Management LLC	2529 23rd Avenue, Gary, IN	US
S1-23824443	Straight Edge Yoga LLC	AZ, Prescott, 1737 Coyote Road	US
S1-833844635	Vue Esports LLC	4797 Van Meter Street, Dayton, OH	US
S1-833492860	Cooper, Burke & Cummings Corp	409 Norwood Place, Indianola, IA	US
S1-135982718	Reyna Academy	462 Leicester Street, Auburn, MA	US
S1-764379859	ZI Jackson PLLC	3405 2nd Division Drive, Joint Base Lewis Mcchord, WA	US
S1-908933448	Nexify Partners	20202 Austin Road, Colbert, WA	US
S1-240311303	M 3 Golden Centurion	WA, Lynnwood, Unit 100, 19203 36th Avenue	US
S1-962405384	Downtown Bistro Inc	4006 Beverly Road, Rockville, MD	US
S1-183397909	Fabtex & Brothers Pvt. Ltd.	1, S.No.1/1, Krishnan Ngr, 2Nd St, Vivekananda Ngr, Ambattur, Tiruvallur, Tamil Nadu	India
S1-836635104	Vanya Builders Pvt. Ltd.	Plot No. 18/4, Site No Iv, Sahibabad, Ghaziabad, Uttar Pradesh	India
S1-156144946	Status Day	B M P No 29 Srinivasa Nilayam 7Th Main Mallesh Palya New Thippasandra Post, Bangalore, Karnataka	India
S1-497736236	1 800 I Care 4 U Inc	507 Bramblewood Court, Fl 0, Millersville, MD	US
S1-700493784	Mumbai Engineering Private Limited	103 Tiffany (Bldg No 2), Vasant Oasis, Makwana Road, Marol, Andheri East, Mumbai, Maharashtra	India
S1-567733625	Sunrise Technologies Private Limited	Central Delhi, Delhi, Sat Nagar Karol Bagh, 11793 Basement Gali No. 6, New Delhi	India
S1-579900602	Ram Developers Pvt Ltd	Shop No. 1A/P4, Ground Floor, Chandra Panorama, Lucknow, Uttar Pradesh	India
S1-243701401	Evans & Rhodes Co	TN, 3200 White Oak Valley Road, Cleveland	US
S1-884407006	Fresh Liberty Table LP	400 Mill Dam Road, Orangeville, UT	US
S1-862663763	Pleasure & Sons Private Limited	221 (Maliya), New Cloth Market O/S Raipur Gate, Ahmedabad, Gujarat	India
S1-888286142	Amber	1053 Mt Vernon Avenue, Akron, OH	US
S1-142805740	Al Builders Private Limited	5, Gr Floor, Plot No- 321B, Madhavbhuvan Deodhar Road, Kings Circle, Matunga, Mumbai, Mumbai City, Maharashtra	India
S1-585225091	Avighna Law Chambers Ltd	239 2A, Plot No. 507, Maruthi Heights Maruthi Nagar, Anantapur, Andhra Pradesh	India
S1-947657446	Everonn & Partners Ltd	7 Dilip Ganguly Sarani, Kolkata, Calcutta, West Bengal	India
S1-455613656	Bolanos, Georgeta, DDS	4602 Smokey Wreath Way, Ellicott City, MD	US
S1-14672724	Oncology Care Associates of Huntsville Inc	137 Springview Lane, Huntsville, AL	US
S1-919460029	BOT Empire Company	Mahadev Galli, Akhada Balapur Tq. Kalamnuri Dist. Hingoli, Hingoli, Maharashtra	India
S1-134218892	North Alpha Ventures Private Limited	E2/504 Rutu Park Majiwada, Thane, Maharashtra	India
S1-880919494	Vimal Airlines Pvt Ltd	Level 4, Naga Chambers, D/No. 12-1-16, Plot No 49, Opp. Hdfc Bank, Ram Nagar, Watler Main R, Oad, Vishakapatnam, Vishakhapatnam, Andhra Pradesh	India
S1-95788334	Gangita Marketing Private Limited	95/12 Swiss Park, Kolkata, Calcutta, West Bengal	India
S1-509573032	Aditya Marketing	D.No 2-346, Kota Narava, Gopalapatnam, Visakhapatnam, Vishakhapatnam, Andhra Pradesh	India
S1-924206150	Arlen Churchill, Esq.	376 1200, Bldg 10, Price, UT	US
S1-767752553	Ingram Steel LLC	MD, 47531 Lucas Cove Lane, Lexington Park	US
S1-709627197	Neeraj Kamdhenu Private Limited	18/207, Raroth Chalil Near Salafi Masjid, Rec Road, Koduvally, Po, Kozhikode, Kerala	India
S1-288427590	Dynamic Defense Associates	New Bern, 211 Lawson Street, NC	US
S1-930750849	Richerson, Boyd & Valdez LLC	30 Saybrook Drive, Lancaster, NY	US
S1-435322086	Smith's Therapy	2372 Bay Minette Station, Apex, NC	US
S1-695747232	Pereira Farmers Inc	26430 Redwing Avenue, New Prague, MN	US
S1-958290426	Om Builders LLP	Shop No 4, Tower-F, Ground Floor Saya Zion, Plot No-Gh-01, Noida, Gautam Buddha Nagar, Uttar Pradesh	India
S1-935612262	Federal United Armour, L.L.C.	104 Martin Drive, TN, Hendersonville	US
S1-337395456	Legrand Diamond National	Knoxville, 2733 Jersey Avenue, Unit A201, TN	US
S1-291320077	Tirunelveli Solutions Private Limited	B47, B48, & 49, Sipcot Industrial Growth Center Gangaikondan, Gangaikondan Post Manur, Taluk, Tirunelveli, Tamil Nadu	India
S1-532491508	Fresh Broadcast Technologies	84 Glenwood Street, Gardner, MA	US
S1-526005673	Seamon & Howe Perfect Corp	2714 Gardner Road, Weatherford, TX	US
S1-189103402	Gebhard Integrated Specialty Inc.	200 B Nevada Avenue, Staten Island, NY	US
S1-196316647	Myway Enterprises	1-115-1, Madras Road, Chittor District, Srikalahasti, Andhra Pradesh	India
S1-260635470	Luciano's Elite Fitness	121 Evergreen Drive, Wichita Falls, TX	US
S1-234055383	Honoria Malia Plus LP	Lumberton, 8000 Laurie Lane, TX	US
S1-980163998	Frontier American Pharmaceuticals Inc	7372 Miles Place, Portland, OR	US
S1-10338989	Too Robinhood	7192 Wild Cherry Court, Roanoke County, VA	US
S1-286042865	Straight Edge Bistro Corp	9559 Highway 54, Whitesville, KY	US
S1-417089727	Chiropractic Care Clinic	Cottondale, 2662 Chipley Street, FL	US
S1-904346008	Mars College LLP	Uttar Pradesh, Bara Chauraha, Plot No 13 Upsic Colony, Surya Vihar, Kanpur Nagar	India
S1-841864760	Brown Kensington LLC	1428 Pine Street, Norristown Borough, PA	US
S1-691369001	Horizon Open	422 Mineau Parkway, City Of Madison, WI	US
S1-613074025	Ace Engineering Pvt Ltd	C/O, Sankar Halder 35B, Ramkrishna Upanibash, Jadavpur, Kolkata, Kolkata, Howrah, West Bengal	India
S1-450173271	Sancho Institute of Technology	Moreau, NY, 1611 9	US
S1-729278969	E+ Dollar LLC	9975 Sharptown Road, Unit 300, Mardela Springs, MD	US
S1-656746254	Peridon York	SC, 211 Heritage Boulevard, Unit 207, Fort Mill	US
S1-563765207	Gallegos Express Hospitality LLC	1359 Winnebago Road, Rockford, IA	US
S1-295127437	Chiropractic Care	MN, Winona, 362 Mankato Avenue	US
S1-684335495	Caloex LLC	10950 Marr Road, Columbus, IN	US
S1-688755356	Suraj Traders Ltd	Pl No.49, Svk Nagar, Sundaram Avenue 2Nd Crs, Madurai South, Madurai, Tamil Nadu	India
S1-556815742	Altek Nano	Village Hasanpur, East Delhi, Delhi, 48 Third Floor	India
S1-779803472	Jambu International School Private Limited	Fazalganj, 50 Industrial Estate, Uttar Pradesh, Fazalganj, Kanpur Nagar	India
S1-680458625	Atlantic Nmp	438 Main Street, Unit APT 8, Norway, ME	US
S1-976887383	GEO Twin LLC	1083 Sunscape Way, Unit 419, Casa Grande, AZ	US
S1-516834611	Jain Laxmi Energy Limited	Old No 66 A, New No111, First Floor, Mkn Road, Guindy, Chennai, Tamil Nadu	India
S1-747466903	Santos Ridge Occupational Therapy Inc	98 Forts Ferry Road, Colonie, NY	US
S1-387371267	Sanchez Allied Jab Inc	Fort Worth, 8020 Hidden Brook Drive, TX	US
S1-871433380	Main Street Cleaning Service LLC	121 Lake Drive, Orleans, MA	US
S1-438967485	Omega Ventures	No 60A, 4Th Main, 1St Cross Evergreen Street, Udayanagar, Bangalore, Karnataka	India
S1-737987630	Blue Council of Meriden	117 Crown Street, Unit 2, Meriden, CT	US
S1-571125847	United Agro Private Limited	63Dda Flats Prasad Nagar, New Delhi, Central Delhi, Delhi	India
S1-161609092	Patriot Tri-State Fast LLC	St George City, 1959 1575, UT	US
S1-337480574	Josepha Finch Creative Wisconsin LLC	15 Christina Place, Newark, DE	US
S1-63530959	Super Builders Private Limited	House No. 1936, Ground Floor, Naiwala, Gali No. 42-43, Karol Bagh, New Delhi, Central Delhi, Delhi	India
S1-402776762	Pranam Restro Private Limited	P.B.No. 979, L&T Ltd Ecc Corporate Office Mt Poonamallee Road, Manapakkam, Chennai, Kancheepuram, Tamil Nadu	India
S1-36982360	Highland Guild	1535 Mc Cord Street, Fl 1, Centralia, IL	US
S1-431862029	Blithe's Eye Care	518 7th Avenue, Independence, IA	US
S1-677645582	Beverlie Smith Better Tinto	801 Harrisville Road, Unit 1, Ogden City, UT	US
S1-20334200	Petunia Adcock Indonesia LLC	1716 9th Street, Douglas, AZ	US
S1-453844803	LFZ Foods Public Limited	C/O Roopkumar Shersingh Sharma 1 Raghuveer Appts Hilltop Ambazari, Nagpur, Maharashtra	India
S1-761881180	Shreeji Industries Private Limited	No 1/2517, Zakir Hussain Street, Sevanthi Athithan Nagar, Redhills, Chennai, Tamil Nadu	India
S1-779759469	Strategic Diagnostic Consultants LLC	Tonawanda, 371 Morgan Street, NY	US
S1-651728532	Arihant Investment Limited	71 Ratan Street Chandausi, Chandausi, Sambhal, Moradabad, Uttar Pradesh	India
S1-657022504	Surgical Clinic	266 Pine Street, Black Mountain, NC	US
S1-628099335	Land & Sons Public Limited	House No. 7-1-621/552/2/101, Flat No. 101, Nulife Shresti Home, Esi Metro Piller No. A1010, Beside Esi Hospital, Ameerpet, Hyderabad, Telangana	India
S1-496215500	City Bright Software Private Limited	D No - 11A - 1, Lavanya Garden, Phase - Ii, Kovaipudur, Coimbatore, Tamil Nadu	India
S1-851495844	Aditanth Stone Private Limited	H.No 2-74, Katkoor, Akkannapet, Siddipet, Husnabad, Karim Nagar, Telangana	India
S1-35375648	City Raj Food Private Limited	Gate No.32, Pegalwadi, Trimbak, Nasik, Nashik, Maharashtra	India
S1-214014754	Maintenance (India) Foods Pvt Ltd	D 528, Brigade Meadows Pulmeria Lifestyle Saluhunase, Udayapura Post Kanakapura Road, Bangalore South, Bangalore Rural, Karnataka	India
S1-801934673	Leix Ventures Inc	61 Clinton Road, Unit Lot 1, New Hartford, NY	US
S1-774280449	Ski Skills Private Limited	19, Gayatri Nagar, Dewas, Madhya Pradesh	India
S1-310686946	Global Continental Realty	337 Grafton Street, Worcester, MA	US
S1-722266087	Supply	3630 B Street, Tacoma, WA	US
S1-754597886	Patriot Integrated Inc	4816 El Portal Drive, City Of El Paso, TX	US
S1-767224190	Cervantes Innovation of Clarence	8175 Woodview Court, Clarence, NY	US
S1-485599860	Gillespie, Christensen and Jones LLC	507 Alderman Road, Sevierville, TN	US
S1-96525518	Sankeshwar (India) Digital Private Limited	No. 302, K.G. Towers Appartments, No.637, Ideal Homes Layout, Rajarajeshwari Nagar, Bangalore, Bangalore, Karnataka	India
S1-589628693	NUN Motors Private Limited	Flat No. 108, Avior Building, Nirmal Galaxy, Opp. Johnson & Johnson, L.B.S. Marg, Mul, Und (West), Mumbai, Mumbai City, Maharashtra	India
S1-210747743	LJ Superior Good, Inc	29889 Conquest Court, Unit Apt 6205, Huntsville, AL	US
S1-560216553	Clear Analytics Partners	15806 Summit View Lane, Maumelle, AR	US
S1-442582059	Keller Family Center	TX, Keller, 4553 Dragonfly Way	US
S1-978460712	PG Strategy LLC	OK, Ponca City, 9901 Brake Road	US
S1-436063887	Ee Medical Centre Ltd	Room No. 25, 4Th Floor, Saha Court 8, Ganesh Chandra Avenue, Kolkata, Kolkata, Howrah, West Bengal	India
S1-129076866	Peridara Neighborhood PC	216 Main Street, Unit E, Orleans, MA	US
S1-314023306	Tiwari Project	Thole Niwas 391, Athvade Bazzar Road, Pardeshi Galli, Vaijapur, Aurangabad, Maharashtra	India
S1-381546617	Gangva Ventures Pvt. Ltd.	B-4/148-Csafdarjung Enclave, New Delhi, South Delhi, Delhi	India
S1-430232959	Ridge Veterinary Clinic	1343 Riverdale Street, Unit 56, West Springfield, MA	US
S1-780394063	Ss Systems Limited	19-2-239/2/23, Bahadurpura, Chandulal Baradari, Charminar, Hyderabad, Telangana	India
S1-962729800	Electricians Union Local No 75 P.C.	Pittsfield, MA, 117 Fenn Street	US
S1-160271888	Alpine Nova Private Limited	Vill Hasnabad (Devi More) Pops Hasnabad, North 24 Parganas, Hasnabad, Parganas North, West Bengal	India
S1-647249004	Jorgenson Trusted Consulting	73 Rogers Road, Madison, IN	US
S1-500056793	Jay Tech Limited	Flat No 401, Ekam Enclave-Vi, Kamthi, Nagpur, Maharashtra	India
S1-862729674	Allen's Media Inc.	1325 Webster Street, Schenectady, NY	US
S1-753007605	Colonial Heartland Park	20225 Lehmans Mill Road, Hagerstown, MD	US
S1-10552450	Swastik Solutions Private Limited	Saadatganj, Lucknow, Uttar Pradesh	India
S1-310841315	Corner Cleaning Service	1884 Liberty Lane, Marysville, WA	US
S1-115555625	Kelly Managers of Temple	8423 Sunset Canyon Drive, Temple, TX	US
S1-483233151	Laven Farmer Private Limited	801 - Everest Commercial Complex Opp. Shastri Medan, Rajkot, Gujarat	India
S1-470759905	Wichita Falls Wildlife Federation Inc	1503 10th Street, Wichita Falls, TX	US
S1-484791061	Shikshan Traders Private Limited	A-2262, First Floor (Back Side) Green Field Colony, Faridabad, Haryana	India
S1-995231312	Sindee Silva Oaktree Clinic	2358 Harris Pike, Independence, KY	US
S1-639164337	Red Logistics Private Limited	Ls No 26/P2, Khanpur, Khanpur Sevasi Road, Vadodara, Gujarat	India
S1-752703871	Brear Hastie Delta Arbor LLC	11990 650, Unit 11, Hudson, IN	US
S1-233169198	Delhi Marketing Corp	G1, Rohtagi Apartment, Ram Kishor Road, 1 Civil Lines, Delhi, North Delhi, Delhi	India
S1-597477550	Jai Impex Private Limited	B-2A, Floor-Grd, B, Poonam Apartments Dr Annie, Besant Rd, Nehru Center Worli, Mumbai, Mumbai City, Maharashtra	India
S1-22384176	Periwal Electric Private Limited	Village - Padva Taluko - Ghogha, Bhavnagar, Gujarat	India
S1-244541357	Unified Wellness Products	VA, Essex County, 290 Bull Neck Road	US
S1-780855943	American Telecommunication	20428 Williamsburg Court, Middleburg Heights, OH	US
S1-526352711	Diamond Siddhi	4034 Bermuda Court, Ventura, CA	US
S1-820906452	Align Advisors Private Limited	No 1, Ug16, Majestic Tower, Plot # 17, Block G Community Centre, Vik, Aspuri, New Delhi, West Delhi, Delhi	India
S1-671934385	Clare Wiegand Usa Corp	22754 Airmont Hunt Drive, Loudoun County, VA	US
S1-328932948	Cenevue Management LLC	3203 62nd Avenue, WA, Spokane	US
S1-119010611	Hotel Construction Private Limited	G-9, Second Floor, Flat No.-1, Vishwakarma Colony, Delhi, New Delhi, Delhi	India
S1-775579795	Foot & Ankle Health	7700 Chelmsford Drive, Austin, TX	US
S1-709904680	Paul Infra Private Limited	Dgl 204, Dlf Galleria, Mayur Vihar Phase 1, East Delhi, Delhi	India
S1-769342352	Lopez Trusted Hologram	Bonney Lake, WA, 18708 3rd Street	US
S1-828128843	Rapid Materials PC	67 2nd Avenue, North Tonawanda, NY	US
S1-59205975	Urban Management Private Limited	Sno.232/4 &233/1/1, Shantai Nivas Office, Haveli, Pune, Maharashtra	India
S1-737676275	Big Services Private Limited	Ap 6/322, Areekode, Thayathangadi Road, Ernad, Malappuram, Malapuram, Kerala	India
S1-618561475	Supreme Tailwind Inc.	200 Carter Street, Victoria, TX	US
S1-246200897	Monton Hologram LLC	240 Greystone Drive, Franklin, TN	US
S1-303192323	Rb Real Private Limited	302, A.N.R. Apartment, Sector-6, Gomti Nagar Extention, Shaheed Path, Lucknow, Uttar Pradesh	India
S1-573169216	Noemi S. Blanchard, DDS	226 Hearthstone Drive, Sparta, TN	US
S1-7363441	Swagath Medical Centre Pvt Ltd	House No 2844, Second Floor, Rani Bagh Sant Nagar, Shakur Basti, Delhi, North West, Delhi	India
S1-17586935	EO (india) Limited	Near Shri Varasiddivinayaka Temple, Khb Colony Vivekananda Nagar, Sirsi, Uttara Kannada, Karnataka	India
S1-42795862	Vega, LLC	229 Hayden Avenue, Rainbow City, AL	US
S1-154524211	Unique Constructions Private Limited	Shahdara, 1/2248, Delhi, Shahdara, Ram Nagar, Loni Road, Shahdara	India
S1-814234869	Gujarat Foods Pvt Ltd	Rajkot, Gujarat, 1001 Silver Star Apartmentopp Sarda Baug	India
S1-520380165	Moser All Corporation	558 Sawgrass Drive, Charles Town, WV	US
S1-53125017	Beltron College	No21 Krishna Nivas 2Nd B Cross Vijaya Bank Colony Extn Horamavu, Bangalore, Karnataka	India
S1-539665990	Zs Agencies	Udupi, Karnataka, Udupi, #3 67(K), Tellis Complex, Near Ashik Bar Doopadakatte Post, Karkala Taluk	India
S1-61993020	Eterna Law Chambers	N-116, Delta 3 Greater Noida, Greaternoida, Gautam Buddha Nagar, Uttar Pradesh	India
S1-407524620	Countrywide Education Limited	Basement 30 Community Centre Saket, Delhi, New Delhi, South Delhi	India
S1-874225445	Tri-State Center LLC	27 Evelyn Drive, Nassau, NY	US
S1-484440682	Buchanan Program IV Group	542 Arsenal Street, Watertown, NY	US
S1-179682661	Piedmont Institute IV Care	81-34 254 Street, Glen Oaks, NY	US
S1-856435903	VGE Products Private Limited	Rajkot, Gujarat, Vivanta One Complex, Nr. Silvergold Jivrajpark, 102, Rajkot	India
S1-803366501	ILJ Cadenza LLC	6281 Jerry Turner Street, City Of El Paso, TX	US
S1-831011768	Deloach and Lopez Inc	116 Cupp Court, Garner, NC	US
S1-446546861	XY Pizza	3185 June Street, San Bernardino, CA	US
S1-21899030	Asis & Sons Private Limited	C/O Haradhan Das, Purnandan Aprt, Fl No-Id, Barabani, Bardhaman, West Bengal	India
S1-789132410	Palermo Apogee	6333 Weatherby Road, Acton, TX	US
S1-275990077	Vanhorn Airport	539 Anderson Road, Ravenden, AR	US
S1-759678648	JC Fresh Tpg	176-08 145 Avenue, Jamaica, NY	US
S1-807121989	All Food Limited	N-4 F-64 Cidco, Aurangabad, Maharashtra	India
S1-629420074	Shree Technologies Limited	No.5 Vembuliamman Koil 1 Cross Street, Chennai, Tamil Nadu	India
S1-777022989	Vere's Best Pharmaceuticals	4784 Topsail Lane, Unit 302, Winston-salem, NC	US
S1-642543642	Terrill Clear International LLC	7304 Twin Levee Road, Bartelso, IL	US
S1-62832469	Tungabhadra India Limited	A/P Malegaon Bk G.No.481 Shivnagar Ta Baramati, Pune, Maharashtra	India
S1-804488246	ABG Syrian Private Limited	Hillcrestawingfn2504Hira, Nandanicmplxakshyngrbegur, Bangalore South, Bangalore, Karnataka	India
S1-924148494	Best Ashford L.L.C.	1128 Bo Fork, Whitesburg, KY	US
S1-707740143	Jagannath Institute LLP	407, A/8, Durga Chambers, Behind Balaji Telefilms, Near Q Lab, Off New Link Road, Andheri (, West), Mumbai, Mumbai City, Maharashtra	India
S1-575839178	Internal Medicine Health Inc	342 Quaker Highway, Uxbridge, MA	US
S1-970577809	Whitted Financial Inc	202 Ritter Place, Berryville Town, VA	US
S1-734490461	Fab Farms Pvt Ltd	Sohadih, Golapar Biharsharif, Nalanda, Bihar	India
S1-139617369	Tri-State Advanced Dynamix	1501 18th Street, Atlantic, IA	US
S1-19110327	Br Studio LLP	Madhya Pradesh, Sagar, Bina, Vandana Hotel Ke Baju Me, 11, Kanongo Ward	India
S1-991048469	Gilmartin Platinum Armada LLC	520 Commerce Street, Unit APT C, Wichita, KS	US
S1-278759987	Shiva Marketing Pvt Ltd	Bk 304, Sector - 2 Saltlake City, Kolkata, Kolkata, Howrah, West Bengal	India
S1-962061951	Creative Producer LLP	1041, 10Th Floor, Block-Zinnia Gaur, Saudrayam Techzone Iv Greater Noida, Dadri, Gautam Buddha Nagar, Uttar Pradesh	India
S1-495991019	Secunderabad International Ltd	Plot No B-38, Kapra, Rukmani Housing Society, Secunderabad, Hyderabad, Telangana	India
S1-240479403	Great Guild	133 Sunny Meadows Boulevard, Arden, NC	US
S1-29400772	Superior Analytics Associates LLC	108 Shot Tower Circle, Judsonia, AR	US
S1-15055508	Cure Barbershop!, Inc	2700 16th Street, Unit 2305, Washington, DC	US
S1-531161389	Aditya Perfect International Private Limited	I-1, Mukund House, Commercial Complex Azad Pur, Delhi, North West, Delhi	India
S1-496898909	Dotti's Smart Wholesale of Colonie	Colonie, NY, 204 Osborne Road	US
S1-946887352	Blue Spacsphere LLC	1911 Howard Street, Evanston, IL	US
S1-639040351	Heart Alliance	4115 Fields Drive, Whitemarsh Township, PA	US
S1-843134996	Ma Apex LLC	3441 Via Encantada Way, South Jordan, UT	US
S1-982328712	Aurova Miluna	NY, 97 Pioneer Street, Brooklyn	US
S1-874201368	Lawrence Diversified LLC	120 Johnson Avenue, Wilmar, AR	US
S1-271209822	Gonzalez Pioneer Gladstone LLC	1225 Burgess School Road, Putnam County, TN	US
S1-288997296	Real Estate Private Limited	C-64, Greenwood City, Jharsa, Gurgaon Sector-45, Farrukhnagar, Gurgaon, Haryana	India
S1-844973987	Royal Public School	487, Darji Bazar, Aurangabad, Maharashtra	India
S1-277396935	Hansen Safe James Inc	2220 Old 220 Road, Howard Twp, PA	US
S1-50905678	Great Sangh Care	Flat No 311 Noor Manzil59 South Jail Road Dongri, Mumbai, Maharashtra	India
S1-111825425	Preferred Onfolio Company	1703 Rock Springs Road, Kingsport, TN	US
S1-466161337	Mayfield Freedom LLC	156 Cherry Drive, Mayfield, KY	US
S1-222744748	Tirupati Lotus Agro LLP	Chennai, C-6, Tamil Nadu, Hpcl, Officers Quarters 355-C, Cement Road, Alandur	India
S1-44774436	Odeh School of Medicine Care	99 Bowen Lane, Apple Grove, WV	US
S1-685744751	Riccio, Halbert and Rosen Corporation	24 Puritan Road, Fairfield, CT	US
S1-941081669	Cookson & Wheeler Premium LLC	425 Henry Street, Unit 407, Morristown, TN	US
S1-565968835	Lockport School of Medicine	1319 Maplewood Drive, Lockport, NY	US
S1-826954455	Santella's Pub LLC	3656 Dockside Drive, Fauquier County, VA	US
S1-379772821	Sterling Defense Labs	TX, Stafford, 419 Nadia Way	US
S1-523868859	Pennington, Hagins & Madrid Inc	805 Lea Avenue, Unit 1914, Nashville, TN	US
S1-726699981	Svar East Pvt Ltd	Plot No. 291, Gali No. 9, Defence Colony, Bhondsi, Gurgaon, Haryana	India
S1-232451681	Castaldi Altisource	1818 Bedford Street, Petersburg City, VA	US
S1-156139015	Draney & Pesqueira Popular Inc	705 Cherry Grove Avenue, Unit 202, Annapolis, MD	US
S1-227866543	Indo Marketing Private Limited	Qutubpur, Rewari, Rewari, Haryana, No- 398	India
S1-914882895	Vijay Properties Private Limited	Dhanera Road, Tharad, Banas Kantha, Gujarat	India
S1-183039377	Vijay Services Private Limited	Shop No 198, Plot No 47, Sector No 30A, Vashi, Thane, Maharashtra	India
S1-790201053	Pinnacle LLC	1680 Danby Road, Danby, NY	US
S1-394544733	Leone's Media	4126 24th Avenue, Temple Hills, MD	US
S1-406318490	Prime Fargo	117-30 147 Street, Jamaica, NY	US
S1-219651568	Shiva Properties	1- A, Swarnvatika, Pipliyabag, Near Vandana Nagar, Indore, Indore, Madhya Pradesh	India
S1-697130648	Hall Rre LP	3255 26th Ave, Marion, IA	US
S1-499359562	Valiant Entertainment Private Limited	Dd Trade Tower 2Nd Floor 36/2342 F-3 (Part) Kaloor Kadavanthara Ernakulam Kl, Ernakulam, Kerala	India
S1-719292074	Barajas Global of Mobile	AL, Mobile, 110 Royal Street	US
S1-603814016	Beth Emanuel	801 Erika Avenue, Fayetteville, AR	US
S1-886597675	Real Agro Private Limited	Flat No. 303, 12/1, Shamsul Huda Road, Kolkata, Kolkata, Howrah, West Bengal	India
S1-289800182	Blair Farms	3315 Rosehill Place, City Of La Crosse, WI	US
S1-514912257	Aditya Consultancy Private Limited	Kalapahar, Cemet Brick Factory Compound Vill: Balichuka, P.O.Panjipara, Panjipara, Uttar Dinajpur, West Bengal	India
S1-749905959	Great Consulting Limited	804, Shelton Cubix, Plot87, Sec-15, Cbdbelapur, Navimum, Thane, Maharashtra	India
S1-347260864	Henderson Ace Wireless LLC	Indianapolis, IN, 5119 University Avenue	US
S1-215414003	Bright Analytics Enterprises	904 12th Street, Colorado City, TX	US
S1-189554130	Coastal Cornerstone Aria LLC	3540 St Luke Road, Shenandoah County, VA	US
S1-962339434	RL Credits Limited	A-146, Sector 63, Noida, Gautam Buddha Nagar, Uttar Pradesh	India
S1-940251024	Silver Design Holdings	843 Jacks Road, Port Bolivar, TX	US
S1-631230357	Slate Cross	4705 Wildwood Drive, Springfield, MO	US
S1-156062568	Shivajinagar Tech Pvt. Ltd.	729 A/04, Dys Plaza, Maruti Mandir, Shivajinagar, Ratnagiri, Maharashtra	India
S1-172057965	Producer Sunrise (engineers) Private Limited	C/O Mohit Kumar Mandhiya, Kamruddin Ki, Amroha, Jyotiba Phule Nagar, Uttar Pradesh	India
S1-960203384	Lamothe Cardiology	663 Pine Court, Unit 5, Ogden City, UT	US
S1-822363899	Usha Care Private Limited	16, India Exchange Place, 1St Floor, Room No- 19 P S Hare Street, Kolkata, Howrah, West Bengal	India
S1-455276880	Wade Regional News	NM, 11510 Snow Heights Boulevard, Albuquerque	US
S1-276698525	Segovia Silver Churchill, Inc	1418 Cardinal Drive, Lafayette, TN	US
S1-986413701	Raushan Group	House No 192 Parking Floor Lift Rajdhani Enclave Pitampura Land Mark Near Park, Delhi, North West, Delhi	India
S1-970551558	Vaden and Inman Harbors	157 Ashland Co Rd 530, West Salem, OH	US
S1-44161448	J 7 X Genesis LLC	1821 Dale Court, Roseville, MN	US
S1-708497632	Tan Legato Corp	1107 Padre Circle, Allen, TX	US
S1-797328317	Regent Hospital	20/455, East Gate, Vaikom, Kottayam, Kerala	India
S1-390668038	Qualitas Overseas Private Limited	2/546 Viram Khand Gomti Nagar, Lucknow, Uttar Pradesh	India
S1-989653669	Curtis Global Packaging LLC	1157 Red Thimbleberry Drive, Elyria, OH	US
S1-530663078	Flemming and Witt Chicago LLC	15 Mariners Way, Boothbay, ME	US
S1-513949706	Colonial Institute PC	6985 170th Court, Bellevue, WA	US
S1-540779497	Belden Enterprises	114 Phillips Street, Carthage, TX	US
S1-894851485	Smith Boa LLC	9624 Sleepy Hollo Drive, Mckinney, TX	US
S1-601652078	Himalayan Vidyalaya	Flat No 302.Plot No-1/2., Sr No-6/2 Baitul Hussain, Nashik, Maharashtra	India
S1-241495519	Consultants Srisai Technology Pvt. Ltd.	D-418, Neeladri Mahal Jayamahal Ext., Nandidurga Road, Bangalore, Karnataka	India
S1-135914930	Uptown Auto Body	142 Broyles Cemetery Road, Bluefield, WV	US
S1-999089674	Metropolitan Dividend	Lubbock, 2007 Ash Avenue, TX	US
S1-172241974	DO Hcm, LLC	5707 32nd Street, Unit 1171, Yuma, AZ	US
S1-891375771	Shree Social Private Limited	C/O Naveen Kumar Sharma, Anandpuri Shiv Nagar, Balkeshwar, Agra, Uttar Pradesh	India
S1-776199981	Gonzalez Art Inc.	TX, 8504 Charleston Avenue, Fort Worth	US
S1-387476162	Crawford American Tire Shop	3185 M Street, Merced, CA	US
S1-485290433	Pacific Program	105 Crosscreek Lane, Angier, NC	US
S1-267110646	Oncology Health LLC	2715 Fordham Street, Unit 3, Lubbock, TX	US
S1-899197537	Quintessential Law Chambers	Gurgaon, Spaze I-Tech Park, Tower A-2, Sohna Road, Sector-49, 212A, Haryana	India
S1-391194216	Vision Pioneer Software Private Limited	Ap Vii/808, Mukkom Road Areacode, Malappuram, Malapuram, Kerala	India
S1-119713054	Witt & Crofoot Invest, Inc	3009 Hughitt Avenue, City Of Superior, WI	US
S1-339640322	Thompson Ace Indonesia Inc.	15119 Mira Vista Drive, Houston, TX	US
S1-226852387	Dombrowski Empire Chicago LLC	612 Gateway Drive, Henry, IL	US
S1-881100971	Foot & Ankle Express Physicians Inc	76 1st Avenue, Bessemer, AL	US
S1-791336856	Shiva Technology Private Limited	Mumbai, 204-205 Kharede Aprt Avovesatyam Stationery Ner Goregoan Station Goregoan (East), Maharashtra, Mumbai	India
S1-64834915	Caex Holding Company	280 Timber Court Drive, Unit A, Clarksville, TN	US
S1-119015580	Hedda Kuper Earths LLC	405 Coyote Canyon Drive, Gallup, NM	US
S1-658946828	Petech, Inc	157 Almond Drive, Lee County, VA	US
S1-227153955	Express Ubs Inc	37 Harmon Drive, Pie, WV	US
S1-23952468	Manak & Co	301, Building. No. 1, Maruti Chambers A & B Wing Near Chitralekha Printers, Andheri (West, ), Mumbai, Bandra Suburban, Maharashtra	India
S1-380345783	Robinett Connelly Future LLC	852 Avatar Drive, Virginia Beach City, VA	US
S1-757572013	Intellect Ice Private Limited	Shree Laxmi Res Sn109 Hs 26 27 Raykar Mala, Pune, Maharashtra	India
S1-444904680	Highland Society P.C.	19 Garland Court, Carlisle Borough, PA	US
S1-323033263	Jenni's Modern Roofing	19540 State Road, North Royalton, OH	US
S1-416560727	Elias Blackrock of Casselton Inc	852 7th Street Court, Casselton, ND	US
S1-499858401	Paddock Bulkers Inc	1117 Vandergriff Drive, Unit 1423, Carrollton, TX	US
S1-41051048	Heritage Property Systems	Timberlake, 111 Gates Run, NC	US
S1-785890207	Trix Davis, MD, P.C. Inc.	6159 Split Acres Drive, Rockingham County, VA	US
S1-224117899	Tu, Wilken and Teller Blackrock LLC	TN, Carthage, 131 Moss Street	US
S1-141818804	Sitecum Allied Apogee LLC	1040 Scenic Garden, Lawrenceburg, KY	US
S1-453949828	Wockhardt Engineering Private Limited	H No.363, A/P- Sortapwadi, Tal- Haveli, Pune, Maharashtra	India
S1-246001273	Modern Value Eaton Inc	Westfield, MA, 24 Ely Street	US
S1-246607656	Shiva Global Private Limited	26 Canal West Road, Kolkata, Calcutta, West Bengal	India
S1-219047568	King, Ellison & Friedman Renewable Group	485 Greenwalt Road, Shenandoah County, VA	US
S1-90685602	Global Clinic Center	Maharashtra, Mumbai, Flr-Grd, Vishwakarma Chawl, Rajiv Gandhi Nagar Sion, Mumbai	India
S1-10670356	Allied League	600 Trapelo Road, Unit 17, Waltham, MA	US
S1-237030699	NL Properties Private Limited	24A, Bondel Road, Kolkata, Kolkata, Howrah, West Bengal	India
S1-235593041	Red Deli	16 Hale Court, Glendale Heights, IL	US
S1-788189165	Saint Cathedral	11251 State Street, Unit E106, Sandy City, UT	US
S1-958969868	Banyan Brothers Private Limited	D-15Ranjeet Nagar Commercial Complex, New Delhi, Central Delhi, Delhi	India
S1-168997499	Shivam Sai Healthcare	C/O Ramswaroop Sharma, Mori Bazar Near Oswal Panchayti, Ratangarh, Churu, Rajasthan	India
S1-529310988	Swastik Investments Private Limited	Cc No.40/6457 Varappan Building, Near Hdfc Bank, Baner, Ji Road, Ernakulam, Kerala	India
S1-652928262	Southern First Biotech LLC	W147N6435 Ash Drive, Village Of Menomonee Falls, WI	US
S1-32393568	Sterling Compania Inc	321 Columbus Avenue, Unit 6, Boston, MA	US
S1-157203618	SNZ Hospitality Ltd	Door No. 14-3-240/25, Manar Complex, Balmatta New Road, Jyothi Circle, Mangalore, Dakshina Kannada, Karnataka	India
S1-901484023	Godha Trading Private Limited	Delhi, North Delhi, 3-A/2 Gali No-14 Badli Station Road Samay Pur, Delhi	India
S1-234671565	Apex Marketing Limited	Indapur, Khultabad, House No.25, Aurangabad, Maharashtra, Khuldabad	India
S1-93357793	Lopez Optimal Staking	911 Roy Reynolds Drive, Harker Heights, TX	US
S1-661694951	Shaikpet Technologies	P N 849, Sy11, 11/14To11/17, R N 45, Serilingampally, Shaikpet, Hyderabad, Telangana	India
S1-932445984	Oleary Oaktree	Fl 0, Saint Louis, 9155 Fort Donelson Drive, MO	US
S1-311600600	Black Consultants	D.No.18/406-3, - P N Road, Adoni, Kurnool, Andhra Pradesh	India
S1-937838150	Consolidated Agricultural International	6840 Cherrywood Circle, Sacramento, CA	US
S1-601884175	Oncology Center of Williston	824 8th Avenue, Williston, ND	US
S1-759667773	Rmk Law Chambers Private Limited	No.55, 17Th Cross, Between 6Th & 8Th Main Malleshwaram West, Bengaluru, Bangalore, Karnataka	India
S1-409134288	Red Consultants Private Limited	Plot No 6, Apiic, I.T Park, Road No.2 Rtc Depot Road, Mangalagiri, Guntur, Andhra Pradesh	India
S1-869424125	Ring Accounting LLC	107 Lullwater Way, Huntsville, AL	US
S1-720704056	Villegas All Ultra	1401 Central Avenue, Minneapolis, MN	US
S1-596708745	Orella King Amc	5515 Elderberry Arbor, Richmond, TX	US
S1-264844791	Subhash Industries Private Limited	Flat No -G2, Padmivilla Apartments, Centuary Club Maharani Peta, Visakhapatnam, Vishakhapatnam, Andhra Pradesh	India
S1-144691706	Lucknow Finance Ltd	T Medical Shop Panna Lal Road, Daliganj, Lucknow, Uttar Pradesh	India
S1-123932005	Stormie K. Wilkins, P.A.	277 Massey Road, Gunter, TX	US
S1-247083697	Wonder Garments Center	168/1103, Near Patna Central School, Sampatchak, Patna, Bihar	India
S1-13478244	Danell's Management	5785 79, Bldg Rear, Fenton, NY	US
S1-973248609	Gandhinagar Agri Pvt Ltd	412, Building No. 13-B, Block No.-13, Zone-1, Road 1C, Gift Sez, Gift City, Gift Sez, Gandhinagar, Gandhi Nagar, Gujarat	India
S1-332184955	Creative Federal Fortress Group	5231 Cider Mill Lane, Indianapolis, IN	US
S1-319927733	Indian Producer Pvt Ltd	502B, Amarajyoti Building, Road No 31, Jubilee Hills, Hyderabad, Telangana	India
S1-519487974	Mg (India) Advisory LLP	Siddharth Arcadeopp Holiday Camp Station Rd, Aurangabad, Maharashtra	India
S1-284448330	Jmd Life Ltd	Shop No.1, Plot N. 48 & 49, Old Blk-B 1, Gali No. 19, Kiran Garden, Uttam Nagar, New Delhi, West Delhi, Delhi	India
S1-902890940	Liberty Fund LLC	542 Vandeventer, Lueders, TX	US
S1-640916104	Q & O Elite L.L.C.	471 Coxtons Lane, Tazewell County, VA	US
S1-673770364	Anubhav India	H-13, Top Floor, South Extension-I, New Delhi, South Delhi, Delhi	India
S1-42122888	Corkins Transition LLC	5020 Sherwin Avenue, Skokie, IL	US
S1-618000717	Bounds and Runyon Stores LLC	14000 Farnsworth Lane, Unit 208, Upper Marlboro, MD	US
S1-200432610	Chloette Ramos Advanced Express Inc	30 Forrester Street, Unit 1, Salem, MA	US
S1-409543078	Mari Taylor, DO	544 Fleetwood Drive, Kingsport, TN	US
S1-534247435	Cordova Electric	3221 Felician Street, Fort Wayne, IN	US
S1-38776655	Goldie Tech (India) Pvt Ltd	40A Root Raghabpur, Nepalgaunj, Kolkata, Kolkata, Howrah, West Bengal	India
S1-723223124	Advanced Liberty Mining PC	12001 Bowerton Road, Henrico County, VA	US
S1-735509609	Chili Laboratories	24 Pinewood Knoll, Chili, NY	US
S1-457160024	Clear Anchor Circle P.C.	9776 Cherbourg Drive, KY, Union	US
S1-599219405	Classic Tech Pvt Ltd	Flat No. C-302, 3Rd Floor, Om Satyam Appts, Plot No.13, Sector-4, D, Warka, New Delhi, South West Delhi, Delhi	India
S1-237342742	Oncology Premier Clinic LLC	20 Locust Lane, Easton, MD	US
S1-36252280	Rrg (india) (India) Pvt Ltd	H N 36A, 37A Kh 109/9 Blk-A Bharat Vihar 3Rd Floor, Raja Puri Uttam Nagar, Delhi, West Delhi, Delhi	India
S1-323582348	Pediatric Group	7654 Carrington Drive, City Of Madison, WI	US
S1-484798883	Tong Ampercap Corp	965 Jewell Avenue, Lake City, MN	US
S1-562658725	Sai Papers Ltd	108, Sector-53, Centrum Plaza Golf Course Road, Gurgaon, Haryana	India
S1-969156890	Varshan Globiz Pvt. Ltd.	C 1179, Sf, Ansals Sovereign Floors, Escencia Sector 67, Gurgaon, Haryana	India
S1-789681674	Ss Enterprises Private Limited	101, 1St Floor, Parkend, Apartment, Sector 72, Noida, Gautam Buddha Nagar, Uttar Pradesh	India
S1-383171952	Black Smart Food	21, H Road Bhopalpura, Udaipur, Rajasthan	India
S1-892122430	Vsc Marketing Co	226, Sfs 407, Khb Colony, Yelahanka New Town, Bangalore North, Bangalore, Karnataka	India
S1-247519242	Rehoboth Power	Image Building, Canning Town, South 24 Parganas, Canning, Parganas South, West Bengal	India
S1-124685484	Spurr Imperii Group	1800 Half Street, Unit 506, Washington, DC	US
S1-502438559	Foot & Ankle Care LLC	317 Cayman St, Iowa City, IA	US
S1-557115122	Elite Energy Group	430 12th Avenue, Unit Apartment 1, Eugene, OR	US
S1-461462917	Dawa Bazaar R.N.T. Marg Project Private Limited	124, Third Floor, Dawa Bazaar R.N.T. Marg, Indore, Madhya Pradesh	India
S1-115328067	East Gulf Special LLC	220 55, Maple Lake, MN	US
S1-235010562	Bans Energy Pvt Ltd	116, Amrut Diamond House, Tata Rd. No 1 Roxy Cinema, Opera House, Girgaon, Mumbai, Maharashtra, Mumbai, Maharashtra	India
S1-466795074	Metcalf Crystal Doubleline	1105 Leamington Avenue, Chicago, IL	US
S1-907138605	Apex Investment Private Limited	C 103 Ground Floor Ganesh Nagar Complex, New Delhi, East Delhi, Delhi	India
S1-599822028	Samarpit Valley Pvt Ltd	Survey No.315/39/1/1 Plot No. M-16, Morai Industrial Park Vil, Lage Morai, Vapi, Valsad, Gujarat	India
S1-368065176	Gajanan Solutions	Door No 40 844, Thoppil, Junction, Thrikkakara P.O, Ernakulam, Kerala	India
S1-127849041	Martinez Endocrinology	1304 2nd Street, Conover, NC	US
S1-590842143	Polaris News Associates	308 1st Avenue, St John, KS	US
S1-922837687	Select Safety, LLC	909 Fay Street, TX, Gainesville	US
S1-344946091	Vision Care Associates PC	MO, Taneyville, 2653 Ff	US
S1-980385880	Laxmi Impex Private Limited	Sy.No.92, T C Halli Village, Yamare Panchayat Sarjapura Hobli, Anekal, Bengaluru, Bangalore, Karnataka	India
S1-999595737	Verron Jpmorgan LLC	1013 Five Forks Road, Virginia Beach City, VA	US
S1-563515336	Jain Consultancy Private Limited	860, New Alipore, Block P, Kolkata, Kolkata, Howrah, West Bengal	India
S1-414892474	Maid Bike Shop LLC	10 Everell Road, Winchester, MA	US
S1-890968836	Technologies Isc Fitness Private Limited	45 Nirupa Apartment, 3Rd Cross Street, 2Nd Main Road, Vgp Layout Part 1, Palavakam, Chennai, Tamil Nadu	India
S1-202161983	Technologies Professional Elements Private Limited	E-701, Lodha Bel Air, Patel Esatate, Jogeshwari West, Mumbai, Maharashtra	India
S1-964466798	Lindemann, Loehr and Rodriguez Coffee, LLC	1801 Krizan Avenue, Austin, TX	US
S1-67231852	Crestline Services Inc	29726 Mill Stream Drive, Salisbury, MD	US
S1-439788297	Smart Business	51/2402, Govt Housing Colony Opp. M.I.G. Colony, Kherwadi, Bandra(Eas, T), Mumbai, Mumbai City, Maharashtra	India
S1-194037762	Snow Sangh	West Bengal, 9, Peary Mohan Roy Road, Ground Floor, Kolkata, Kolkata, Howrah	India
S1-532770907	Martinez Resorts LLC	Middletown, 38 Beacon Street, NY	US
S1-435063554	Premier Consulting Private Limited	Door No.17-1-39/3Opp. Telephone Exchange Palakol, West Godavari Dist, West Godavari, Andhra Pradesh	India
S1-102695324	Maryl Shields Platinum Hamilton Inc	215 Redwood Circle, Hickman, NE	US
S1-572870959	Sea (India) Electricals Private Limited	C/O Tasneem Dodia, Flat No 6G, 6Th Floor Metro Plaza, Po Buxi Bazar Cuttack Sadar, Cuttack, Cuttack Sadar, Cuttack, Orissa	India
S1-588068464	Compton Midwest Marshall LLC	16153 Hydrick Road, Cherry Valley, AR	US
S1-967588620	Raffaele Desert Innovative, LLC	2840 -A Sh 19, Trinity, TX	US
S1-544580572	Basalt Inc.	AZ, Phoenix, 5550 Deer Valley Drive, Unit 355	US
S1-564723730	American Academy	111 Halifax Court, Alcoa, TN	US
S1-170577220	Hotel Office Corporation	Hn 136, Sn 42 And 2 Datta Ngr Chowk Near Pune Urban Bank, Ambegaon Budruk, Pune, Maharashtra	India
S1-694110708	Shiva Foundation Private Limited	Maharashtra, Irani Bldg., 2/38, R. B. Marg Opp. Mafatlal Mill, Ghorupdeo, Mumbai, 267	India
S1-292444531	Continental Metro Growth LLC	59850 Calgary Loop, Bend, OR	US
S1-927221887	Arlington Group of Companies Corporation	Ram Bhawan Hanuman Ji Ka Rasta, Johari Bazar, Jaipur, Rajasthan, 379	India
S1-929162605	3486 Fifth Ave Partners	TN, 1188 Whistler Drive, Cordova	US
S1-826047491	Family Health of Maiden	1777 Grassy Knoll Trail, Maiden, NC	US
S1-579762451	Priscella's Anchor Data	1055 Averett Cove, Cordova, TN	US
S1-615259007	Tamilnadu Computer LLP	Plot No.6 Part, East Coast Road, Saidapet, Kanchipuram, Tamil Nadu	India
S1-787586378	Randall's Tattoo	183 Valley View Road, Georgetown, TX	US
S1-306817878	Dream Agro Private Limited	Jbf House Old Post Officelane Kalba Devi Road, Mumbai, Mumbai City, Maharashtra	India
S1-216089874	Thane Pharmaceuticals Limited	A204, Thane, Maharashtra, New Marigold 4, Beverly Park, Mira Road	India
S1-894653039	Sandlin Alliance	407 Broadhead Drive, Unit 101, Spring Hill, TN	US
S1-67533278	Kroening, Khan & Gantt Medical LLC	NC, 307 Hinson Lane, Richlands	US
S1-918281520	Orthopedic Center	4834 Poplar Crest Way, Knoxville, TN	US
S1-193811203	QB Plus LLP	Delhi, 269 G/F Triveni Apartment Swayam Sewa Cghs Limited Jhilmil Colony, Delhi, East Delhi	India
S1-985524941	Bhandari College	C/O Lajja Devi Ramesh Vpo, Nagla Gulab Jaithra, Aliganj, Etah, Uttar Pradesh	India
S1-624492801	Oleary & Brown Law Group LP	44195 Steele Lane, Leonardtown, MD	US
S1-26111971	Haubrich and Showalter Corp	3311 Evans Street, Morehead City, NC	US
S1-56904854	Upper Pacific Railway LLC	299 Asbury Road, Poca, WV	US
S1-110986598	Vg Insurance	Plot No.66, Road No.3, Suryodaya Colony Mansoorabad, L.B.Nagar, Hyderabad, H.No.3-8-430, Hyderabad, Telangana	India
S1-953752146	Seven Global Pvt Ltd	S/O Late Nagappa, 4Th Ward, Opp- Urdu School, Doddaballapura, Bangalore Rural, Karnataka	India
S1-789485058	Reese United Atlas LLC	227 Coolidge Avenue, Barrington, IL	US
S1-270040109	Amor & Sons Private Limited	Plot No 122, K. L. K. S. Nagar, Pudukkottai, Pudukkottai, Sivaganga, Tamil Nadu	India
S1-192323390	Silver Life Global Private Limited	C/O Kundan Kumar, Plot.No-A-64, Kh.No-79 (Near-Indian Gas Agency), Madav Green La, Ulai, Lucknow, Uttar Pradesh	India
S1-996717574	Apex Management Private Limited	M-25, Mez-Floor, Pearl Plaza, Tata Road No 2, Roxy Cinema Opera House, Girgaon, Mumbai, Girgaon Mumbai, Mumbai City, Maharashtra	India
S1-270124681	Ochoa, Johnson & Glaze LLC	Isleta, NM, 19 A Tribal Rd 41	US
S1-226695568	Daloris Ford Works LLC	14152 Lauramore Court, Fontana, CA	US
S1-24634582	Arya Consulting Private Limited	The Hibiscus, Tower 3, Flat No. 2B, Sector 50, Gurgaon, Haryana	India
S1-849285349	PKI Byte Private Limited	B/3 Baheti Tower Khargone, Khargone, West Nimar, Madhya Pradesh	India
S1-848850726	Children Producer (India) Ltd	640/4A Near Carmel School, Jonabanda Road, Karapalli, Hosur, Krishnagiri, Dharmapuri, Tamil Nadu	India
S1-508359301	Marketing Premier Constructions Private Limited	C/303 Building/B2, Vlg Mulgaon, Chakala Andheri East, Mumbai, Mumbai City, Maharashtra	India
S1-567835378	Cure Pizza	3104 Brown Road, Crossett, AR	US
S1-154810142	Allied Spartacus Inc	IN, 12789 Kingfish Court, Middlebury	US
S1-100953295	Shree Promoters Private Limited	Plot 242/243/244 Flat 5 Sector 21 Nerul, Navimumbai, Thane, Maharashtra	India
S1-818795792	Liebig Stores LLC	13801 Parsons Bay Drive, Chesterfield County, VA	US
S1-490023810	Innovative National Madison	1021 Windsor Drive, Mchenry, IL	US
S1-790471878	Arnold, Takemoto & Cross Inc	8547 Winter Oaks Lane, Unit 306, Charlotte, NC	US
S1-866503257	Delphi & Sons Pvt Ltd	Delhi North East, B 5 Gf Harpat Singh Marg, Delhi, North West Delhi, Ganga Vihar	India
S1-215203529	Suits Bread	445 Winters Street, Silsbee, TX	US
S1-976505727	Firefighters Local 82	12030 Berry Street, Silver Spring, MD	US
S1-771597432	YBC Axiom LLC	2092 Marcus Lane, Logan, IA	US
S1-551433684	Kohinoor Tech Private Limited	A-204, P.O Punnor Cherupalam, Kakkur, Calicut, Kozhikode, Kerala	India
S1-692074117	Stevana Barton Next Inc	6247 Exeter Court, South Bend, IN	US
S1-897782800	Jain Infra Private Limited	Bangalore South, Bangalore, Karnataka, No.387, Ground Floor, Sindhunadi Road, Brundavan Nagar	India
S1-126665092	Young's Partners	4713 Vanguard Avenue, Dayton, OH	US
S1-588690617	Orthopedic Care Corp	2374 Abbey Avenue, City Of Oshkosh, WI	US
S1-20852436	Laxmi Construction Pvt Ltd	Flat No. 312, Third Floor, Block No. G-6 Sect-D, Pkt-6, Vasant Kunj, Delhi, New Delhi, Delhi	India
S1-161384864	Complete Industrial Group	IL, Monmouth, 500 Harlem Avenue	US
S1-287841785	5-Sons LP	Mt Juliet, TN, 100 John Wright Road	US
S1-382114001	Tera Harms, D.D.S.	1452 Ellsworth Road, Unit 1335, Mesa, AZ	US
S1-424261214	Family Superior Center LLC	311 7th Street, New Salem, ND	US
S1-735018579	Governale Cascade Furniture LLC	8206 De Lago, Fl 1, Scottsdale, AZ	US
S1-979144126	Simhadri Solutions Private Limited	F-10/G, Dda Flats, Munirka, Vasant Vihar, New Delhi, Delhi	India
S1-917232956	India Shivaangan Life Pvt Ltd	No 1032, 13Th Cross, Banashankari 2Nd Stage, Bangalore South, Bangalore, Karnataka	India
S1-869903084	Good Foundation Private Limited	116 Picholi, Udaipur, Rajasthan	India
S1-204831181	Hotel Sales Center	No.441, 2Nd Cross, 3Rd Stage, 3Rd Block, Basaveshwaranagar, Bangalore, Karnataka	India
S1-475117307	Renie Reynolds Development L.L.C.	2141 Manor Court, Barnhart, MO	US
S1-199783929	Noor & Brothers Associates	Cabin No. 03, 511, Prime Tower Okhla Industrial Area Phase - 1, New Delhi, South Delhi, Delhi	India
S1-38246099	Sree Media Private Limited	446/37, Near Old Police Colony, Musahabganj, Thakurganj, Lucknow, Uttar Pradesh	India
S1-513706237	Forest Trading (India) Private Limited	H.No. B-1375, Plot No. Old 64 3Rd Floor, Shastri Nagar, New Delhi, Delhi	India
S1-385681315	Meenendra Greens Limited	Ghaziabad, Uttar Pradesh, C 1 Shyam Park Ext., Ghaziabad	India
S1-950119437	Metropole Developers Private Limited	78/1, Industrial Suburb, Yaswanthpura Road 2Nd Stage, Mahalakshmipura Ward No.10, New Marappanaplya Ward No.44, Bengaluru, Bengaluru Urban, Karnataka, Bangalore North, Bangalore, Karnataka	India
S1-661200612	Dental Great Associates LLC	5114 Saint Cyr Road, Town Of Westport, WI	US
S1-617791826	Klann and Perez LLC	1301 St Marys Avenue, Sidney, OH	US
S1-12316592	Ganga Brothers Associates	Pl N 2/103/C, Vakratund, Chsl, New Mhada Colony, Goregaon East, Mumbai, Maharashtra	India
S1-869557514	Jai Food	Progressive Combines, 6-2-913/914, 3Rd Floor Progressive Towers, Khairthabad, Hyderabad, Telangana	India
S1-820461716	EM Safeguard Private Limited	Hyderabad, Medak, Telangana, P No. 31 & 36, Jayabheri Park, Kompally	India
S1-858839511	Weizmann & Associates Pvt Ltd	Plot No-157, Pocke-H, Sector-5, Bawana Ind Area, Delhi, North West Delhi, Delhi	India
S1-178917994	Sahajanand College LLP	F33, Rajangaon Midc Karegaon, Tal Shirur, Pune, Maharashtra	India
S1-727693682	Grand Energy Collective Inc	221 Goldenrod Street, Kyle, TX	US
S1-756408162	18 6 Cbre LLC	3310 Nicollet Avenue, Minneapolis, MN	US
S1-859260498	Bishal Stone Private Limited	103-A Gaffar Manjil Okhla, New Delhi, South Delhi, Delhi	India
S1-215686542	Luffman & Sperber Electricity LLC	20031 Gilmer Street, South Bend, IN	US
S1-708554790	Tulsyan Pharma Pvt Ltd	2576/6, 3Rd Floor Gurudwara Road, Karol Bagh, Delhi, Central Delhi, Delhi	India
S1-5347719	Moody Melar	2500 Lodi Street, Syracuse, NY	US
S1-899915843	Vision Industries Private Limited	Daya Kunj11 Mansarover Merrut, Meerut, Uttar Pradesh	India
S1-592674987	Ear Nose & Throat Summit Center	363 Whipple Street, Islip, NY	US
S1-120661636	Tenet Guardian	1730 Schroon River Road, Unit Campsite 1, Warrensburg, NY	US
S1-227472874	Pinnacle Taxable LLC	3441 Goldleaf Loop, Tucson, AZ	US
S1-996786948	Pae & Lopez Starwood LLC	Omaha, NE, 4317 81st Avenue Circle	US
S1-549198754	Agee Bancorporation LLC	25337 Green Fields Road, Culpeper County, VA	US
S1-660936100	Anand Estate Pvt Ltd	S.No. 191/2, Nr. Bajrang Cotton Bhavnagar Road, Amreli, Gujarat	India
S1-758304931	Hornick Lifeco Partners	8033 Ravencrest Way, Citrus Heights, CA	US
S1-451638179	Bms & Brothers LLP	Office No. 11 (B Wing), 3Rd Floor, Aditya Business Centre, Survey No 1A, Ko, Ndhawa, Pune, Maharashtra	India
S1-901353139	Highland Priority LLC	22 Windstone Drive, North Aurora, IL	US
S1-846326917	Sofie W. Flores, DPM, M.D., P.C.	90 Bayshore Drive, New London, CT	US
S1-337998845	Ambrose Federal Lincoln, LLC	Lafayette, 1442 Oak Court, IN	US
S1-217637998	Fortune Housefin Private Limited	Vasai, Maharashtra, Room No. 404, Prabhat Co-Op Hsg Soc, Achole, Vasai Virar City, Nalasopara (E), Thane	India
S1-550348281	2-Sons Corp	1406 Alvarado Street, Carlsbad, NM	US
S1-568439271	Modern Power Private Limited	Kolkata, 63A, Bright Street, Flat No-3A, Howrah, West Bengal	India
S1-807164076	Scholarship Diamond Foundation	879 390th Avenue, Grinnell, IA	US
S1-254311489	Data Mobility International Inc	3 Colburn Drive, Unit UNIT 4, Orono, ME	US
S1-505145513	Ace Consulting Private Limited	Vasani Chambers, 47 New Marine Lines, Plot No. 9, Mumbai, Maharashtra	India
S1-16386257	Primary Care Group	2019 Kings Cross Lane, Memphis, TN	US
S1-585032932	DH Management Pvt Ltd	Plot No. 4, Khasra No - 460, Baghamau Gomti Nagar Vistar, Lucknow, Uttar Pradesh	India
S1-589199825	Astacio Vulcan LLC	2499 Austin Street, Unit UNIT 62, Port Lavaca, TX	US
S1-185084025	Emar Ventures	Jodhpur, Rajasthan, Jodhpur, 39/4, P.W.D Colony	India
S1-412415327	Management Vjv International Private Limited	C/O-Dhananjay Kumar Bhushan, Ft No.213, Bloch D, Swablambi Residencr, Daudbigha, Kumhrar, Patna, Bihar	India
S1-900881143	Best Exports Private Limited	Plot No. A-22, Palaspalli, Near Airport, Bhubaneswar, Khordha, Orissa	India
S1-70035752	O 8 L Arch	Unit 1, 102 26th Street, Cheyenne, WY	US
S1-970472629	Plattsburgh Baptist Services	28 S Platt Street, Plattsburgh, NY	US
S1-716418794	Wilson, Kane and Scholten Infrastructure	9119 Pointe Ridge Lane, Bloomington, IN	US
S1-980114874	Pearla Stout Express Direct Clinic	5484 43rd Avenue, Unit 23, Glendale, AZ	US
S1-571009241	Gujarat Services Pvt Ltd	Flat 807, Building No 11, Regency Anantakalyan, Kalyan, Thane, Maharashtra	India
S1-170871541	Jackie Aguilar Better Cross	37 Montgomery Avenue, Islip, NY	US
S1-94587404	Vetecex Group	274 Elliott Street, Coquille, OR	US
S1-244304042	Pollachi Tk Finance Private Limited	No. 2/24, Vinayagar Kovil Street, Gopalapuram, Mannur Post, Pollachi Tk, Coimbatore, Tamil Nadu	India
S1-635285326	Universal Sree Producer Private Limited	B-4/84, New Delhi, Delhi, Kh No-1873, Ph-4, Aya Nagar Extn., New Delhi	India
S1-971934283	Yancey Acquisitions Inc	109 Alabama Avenue, Earle, AR	US
S1-985262321	Royal Ventures	Shop 30, Wing D, Anburiti, Tharwani Solitaire, Kalyan, Thane, Maharashtra	India
S1-597735698	Darrington General Inc	Walnut Ridge, 701 4th Street, AR	US
S1-844191556	Balaji Sangh	16-2-742/F17/A, Venkatadri Nagar Asmangarh, Malakpet, Hyderabad, Telangana	India
S1-452062927	123 Quantum	212 5th Street, Unit REAR B, Newark, OH	US
S1-476962383	Verris Adamas, Inc	417 Mitchell Avenue, TX, San Marcos	US
S1-993744907	Hardcastle International Group	6 Chestnut Street, East Fishkill, NY	US
S1-423655007	Brady and Stout Internet	2854 Wirt Street, Omaha, NE	US
S1-731212338	Golden Barbershop!	620 Majestic Oak Rdg, Solon, IA	US
S1-657583949	Department of Housing	346 Main Street, Watertown, MA	US
S1-179228070	Eastern Bharat Consulting Private Limited	Plot No B-6, Kh. No. 1446, Akshay Enclave Phase 2Nd, Rahispur, Ghaziabad, Uttar Pradesh	India
S1-19812868	Womens Health Center Inc.	1703 Gatehouse Court, Bel Air, MD	US
S1-318356728	Shi West Pvt Ltd	Near Swabhimaan Nagrik Co-Operative Credit Society 285 Gauri Pada, Bhiwandi, Thane, Maharashtra	India
S1-370785251	Merissa's Freight	NY, 136 Carpenter Road, East Fishkill	US
S1-446875639	Green Infrastructure	H.No-3-67/1, Plot No 44, Sadashiva Ngr, Narapally, Secunderabad, Hyderabad, Telangana	India
S1-77419925	Plastics Brothers Pvt. Ltd.	8-207, Sowbhagya Lodge Venuka, Ravulapalem Mandal, East Godavari, Andhra Pradesh	India
S1-794739167	Tinet Certified Muniholdings	33274 Kingston Road, Kingston, IL	US
S1-45921958	XT Assembling	Shop No Fa 5, Lake City Mall, Thane, Maharashtra	India
S1-748586460	Surgical Medicine	3855 Blair Mill Road, Unit Unit O, Upper Moreland Township, PA	US
S1-830450887	Darnell Tax Service Inc	75 Commerce Drive, Unit 722, Grayslake, IL	US
S1-185430956	George Regions Inc	2727 Chadwick Court, Westlake, OH	US
S1-328653808	Shree Ventures Private Limited	231, Mr-5 Mahalaxmi Nagar, Indore, Madhya Pradesh	India
S1-989790448	Bright Impex Private Limited	18/120-Z2, City Square, Calicut Road, Downhill Po, Kottappadi, Malappuram, Kerala, Ernad, Malappuram, Malapuram, Kerala	India
S1-232669398	Future Maa Tech Private Limited	Hyderabad, Telangana, Hyderabad, H.No. 20-2-417/A Kabutarkhana Road Baragalli Hussainialam	India
S1-106875673	Murray Newhold Inc	170 Travis Way, Manhattan, MT	US
S1-522266129	Ravindra & Co	S.Y. No. 12/D, C12/3, 12/2Ee, Kongarakurd, B Village, Kongararaviryala Grama Panchayat, Maheswaram Revenue Mandal, Maheswaram, K.V.Rangareddy, Telangana	India
S1-372920875	Akola Transport Private Limited	H.No. B/301, Nisarg Park Toshniwal Layout, Akola, Maharashtra	India
S1-864828300	Walters & Anderson	5411 105th Street, Lubbock, TX	US
S1-206371471	East Direct Franklin	New Hope, MN, 6065 Yukon Avenue	US
S1-702569708	Massaro Restaurant Clinic	639 Coneross Park Road, Townville, SC	US
S1-97167336	Watson Midwest Clough Center	1630 2450, Unit 49, St George City, UT	US
S1-193258289	Adler Preparatory Academy	1825 Bumpus Mills Road, Dover, TN	US
S1-540231599	Saint Israel	1521 Graduate Lane, Unit 303, Raleigh, NC	US
S1-442618805	Womens Health Group	101 Clinton Avenue, Unit Apartment 1D, Mineola, NY	US
S1-802860153	NGK Farms Limited	Udaipur, 201, C-4, Pebble Heights New Navratan Complex, Udaipur, Rajasthan	India
S1-766646407	Sonipat Recyclers Corp	1St Fl, Omaxe, Plaza, Sec-08, Omaxe City, Sonipat, Shop No.37, Sonipat, Haryana	India
S1-403235578	Sap Welfare Society	Shop No13Jam Mill Bldg Lalbaug, Mumbai, Maharashtra	India
S1-747435954	Precision Staffing Services	109 Tranchet Drive, Georgetown, TX	US
S1-885606018	United Health Center	Delight, 1958 Highway 26, AR	US
S1-600916878	Shriram Network Corporation	D 18, Midc Miraj Blcok, Miraj, Sangli, Maharashtra	India
S1-827417332	Cozy Pizza	3637 135th Avenue, Portland, OR	US
S1-824982175	Hari Investment	8-3-191/79, 84A, G1, Avula Apartments, Vengalrao Nagar, Hyderabad, Telangana	India
S1-125939535	Leyla M. Laguna, D.O.	480 Mapledale Road, Bridgewater, NY	US
S1-542499770	International Mayuri Farm Private Limited	Dheeraj Shopping Centre, Shop 17, Evershine Centre, Vasai, Thane, Maharashtra	India
S1-123058098	Driggers, Laverna, P.A.	3161 827, Lloyd, KY	US
S1-516147083	Horizon Choice Source	1511 Blakely Road, Ashdown, AR	US
S1-7506854	Blanks Madison LLC	8555 Quaday Avenue, Unit Unit 120, Otsego, MN	US
S1-314034095	Celebrate Group of Companies	No-110, Ground Floor, 2Nd Main Road Ngef Layout Nagarbavi, 2Nd Stage, Bangalore, Karnataka	India
S1-952791016	Shore Films-Serilingampally	Flat No.B-12021, Aparna Serene Park, Serilingampally, Hyderabad, Telangana	India
S1-260088326	Smeet House (India) LLP	Quarter No-4, House No-2, Oshb Colony, Nageswar Tangi, Lewsi Road, Bhubaneswar, Khordha, Orissa	India
S1-202463099	Estilo Technologies Private Limited	M-7/2, Street No.1, (Near Kakatiya Club) Kakatiyangar, Habshiguda, Hyderabad, Telangana	India
S1-619382124	Scholarship Initiative	IL, 8939 Kenton Avenue, Skokie	US
S1-318301945	Foot & Ankle Care Associates LP	10050 Celtic Drive, Fl 1, Scottsdale, AZ	US
S1-932457519	Summit	76 9th Street, Newark, OH	US
S1-383302386	Sun Consultants Private Limited	207, Surya Niketan, Vikas Marg, Delhi	India
S1-761797765	Stephani's Bike Shop LLC	3900 Early Road, Harrisonburg City, VA	US
S1-565375960	Europa Academy	20 E Community Centre Munirka Marg Vasant Vihar Near Nerulas, New Delhi, South West Delhi, Delhi	India
